EOG09263OXI	scaffold_8	508202	519050
EOG09263OXI	scaffold_13	122346	133182
EOG09261W3X	scaffold_2	965502	976953
EOG09261W3X	scaffold_10	662420	673871
EOG09261G1Y	scaffold_5	616547	628565
EOG09261G1Y	scaffold_6	72211	84229
EOG09261JCQ	scaffold_3	613263	624426
EOG09263A5D	scaffold_7	511940	522818
EOG09263A5D	scaffold_6	273954	284838
EOG09263A5D	scaffold_9	560780	604407
EOG09261C0G	scaffold_15	16321	28450
EOG09260S5R	scaffold_11	373364	384728
EOG09262I5I	scaffold_2	310634	322139
EOG09265SHL	scaffold_3	758655	768858
EOG09265SHL	scaffold_2	524376	534579
EOG09262OJ4	scaffold_12	54221	65636
EOG09262ZZ8	scaffold_3	681297	691905
EOG09261TPN	scaffold_12	202972	214324
EOG09262V9N	scaffold_1	1234342	1244989
EOG09265BJ3	scaffold_7	406874	417335
EOG092644X6	scaffold_5	153369	163929
EOG09261OLD	scaffold_11	14869	26275
EOG09260Y2Q	scaffold_6	720816	731667
EOG09262MJW	scaffold_4	260540	271715
EOG09264PK5	scaffold_8	131917	142405
EOG09264XYD	scaffold_5	518674	529093
EOG09260289	scaffold_14	191768	204494
EOG0926300R	scaffold_2	907988	918911
EOG09263Z8I	scaffold_1	1184643	1195263
EOG09265BTC	scaffold_2	937859	948137
EOG09265BTC	scaffold_10	615464	625739
EOG092620V3	scaffold_9	635011	645781
EOG092614E6	scaffold_12	221358	232980
EOG092614E6	scaffold_15	148933	160498
EOG092614E6	scaffold_6	98897	110453
EOG09260JED	scaffold_10	357341	370178
EOG09264CA0	scaffold_11	235850	246284
EOG092619L1	scaffold_5	439216	497061
EOG09264F60	scaffold_3	792813	803169
EOG09264F60	scaffold_2	545967	556323
EOG09261ZXZ	scaffold_8	626982	637638
EOG092629WJ	scaffold_3	153406	164896
EOG0926419M	scaffold_6	278494	289144
EOG09264LC7	scaffold_8	292714	303148
EOG09263UCR	scaffold_15	172499	183356
EOG09263YBT	scaffold_1	413172	424023
EOG09264FYY	scaffold_3	597153	607635
EOG09260274	scaffold_5	748673	763271
EOG09264L0C	scaffold_3	201328	211933
EOG09264L0C	scaffold_5	494709	505314
EOG09260GR8	scaffold_3	230134	241780
EOG092616QN	scaffold_5	880246	892213
EOG092634M1	scaffold_2	1023247	1034029
EOG092648Q0	scaffold_3	277164	287763
EOG09263Q7N	scaffold_12	133110	143886
EOG092624X0	scaffold_5	102464	113945
EOG09263CG4	scaffold_14	12904	23713
EOG09261VUC	scaffold_8	98130	109839
EOG09260EPQ	scaffold_10	111159	123444
EOG09260EPS	scaffold_11	570321	581277
EOG09264Z3D	scaffold_6	203487	213807
EOG092618J9	scaffold_6	105959	116723
EOG09261Q18	scaffold_6	331177	342691
EOG09262D4G	scaffold_3	145894	156190
EOG09263KRO	scaffold_7	569626	580480
EOG09263AZP	scaffold_6	371944	383176
EOG092641K1	scaffold_1	624156	634659
EOG092641K1	scaffold_3	472005	523009
EOG09265I60	scaffold_1	379890	390267
EOG09264FOM	scaffold_2	118615	129172
EOG09264FOM	scaffold_16	105798	132834
EOG09264FOM	scaffold_10	323649	334098
EOG09262QRH	scaffold_6	405809	416549
EOG09262QRH	scaffold_3	179845	190375
EOG09261UOJ	scaffold_1	982324	993571
EOG092658WY	scaffold_4	224815	235105
EOG09263JFQ	scaffold_2	304018	314431
EOG09263KVG	scaffold_5	373046	383891
EOG09263KVG	scaffold_6	52785	63393
EOG092658WS	scaffold_9	565370	575576
EOG09264G1F	scaffold_13	213317	223889
EOG09264G1F	scaffold_2	775235	785495
EOG09263FR7	scaffold_4	413227	423601
EOG0926577T	scaffold_13	198571	208867
EOG09264S4C	scaffold_10	505473	515889
EOG092631UM	scaffold_4	267501	278508
EOG09263483	scaffold_9	674427	685224
EOG09264KO7	scaffold_12	185559	195873
EOG092619EA	scaffold_7	754047	765660
EOG092655IF	scaffold_12	235592	245948
EOG09261V9P	scaffold_6	689431	700711
EOG092656CM	scaffold_11	486055	496516
EOG09260XL0	scaffold_3	579645	591477
EOG09260T28	scaffold_9	123506	135983
EOG092630MJ	scaffold_6	821522	832124
EOG092647L7	scaffold_8	291659	302288
EOG09260SJV	scaffold_3	902886	915639
EOG092648U2	scaffold_4	616334	626972
EOG092648U2	scaffold_2	596856	607413
EOG0926112A	scaffold_4	560504	571976
EOG09262TO9	scaffold_6	193858	205135
EOG09264THP	scaffold_10	412941	423453
EOG09260MRU	scaffold_10	276686	288590
EOG09263BE5	scaffold_1	151782	162447
EOG09262XMN	scaffold_11	203479	214291
EOG09262JZK	scaffold_1	353042	364016
EOG092602FH	scaffold_6	208014	221958
EOG092602FH	scaffold_4	263374	275101
EOG09260931	scaffold_1	16406	29312
EOG09260931	scaffold_6	610816	623692
EOG09263HE6	scaffold_9	341135	351944
EOG09264YNR	scaffold_8	428736	457105
EOG09264YNR	scaffold_13	112998	123597
EOG09264YNR	scaffold_6	829561	840091
EOG09263KDI	scaffold_5	796712	807812
EOG09263MR4	scaffold_12	205484	215915
EOG09264DMU	scaffold_8	369818	380426
EOG09262GVX	scaffold_5	703749	715164
EOG09263FGN	scaffold_7	556170	567036
EOG09261PNZ	scaffold_9	368598	379770
EOG09260N2T	scaffold_5	410270	422243
EOG092602OP	scaffold_4	602354	616094
EOG09265AL8	scaffold_7	55382	65966
EOG09261727	scaffold_8	576942	589245
EOG09263XN3	scaffold_15	222676	233335
EOG092655M5	scaffold_11	242299	252652
EOG09262HKC	scaffold_2	646026	656712
EOG092628HC	scaffold_5	160343	170987
EOG09263OQH	scaffold_4	588857	599903
EOG09265FI4	scaffold_2	516894	527226
EOG09262KXK	scaffold_4	253119	310357
EOG09262KXK	scaffold_5	529644	540531
EOG09262KXK	scaffold_8	47169	71995
EOG09260C5W	scaffold_9	33663	47418
EOG092643S6	scaffold_2	213128	223460
EOG09264J8E	scaffold_5	211856	222104
EOG09261O7R	scaffold_13	153093	163971
EOG09264CND	scaffold_11	537240	547698
EOG09264YIJ	scaffold_7	642471	652914
EOG09260FPA	scaffold_12	339099	352383
EOG09260TWS	scaffold_1	233415	245376
EOG09260TWS	scaffold_4	439968	451929
EOG09264331	scaffold_4	927058	938056
EOG09262MXH	scaffold_6	618721	629722
EOG09262YQG	scaffold_14	51746	62600
EOG09261IBJ	scaffold_9	260155	271726
EOG092654O3	scaffold_2	369887	380084
EOG09261RWU	scaffold_6	786131	796970
EOG09260GIX	scaffold_6	18492	30330
EOG092644N1	scaffold_4	895246	905644
EOG09263B7X	scaffold_2	559818	570654
EOG09262SMG	scaffold_1	585633	596925
EOG09264V51	scaffold_13	212345	222797
EOG09261RWJ	scaffold_4	778432	790051
EOG092624JL	scaffold_2	271917	283293
EOG09262G8Y	scaffold_1	375855	386934
EOG092628FW	scaffold_8	643405	654325
EOG092628FW	scaffold_3	891416	909110
EOG092628FW	scaffold_5	115557	126078
EOG092624RX	scaffold_11	3546	13857
EOG092640IZ	scaffold_13	279074	289844
EOG09262W7C	scaffold_5	541062	552048
EOG09262W7C	scaffold_6	846126	856734
EOG092635ST	scaffold_1	767479	778429
EOG09264MGU	scaffold_4	178890	189267
EOG09263HED	scaffold_4	773888	784838
EOG09263HED	scaffold_12	141416	152294
EOG09263HED	scaffold_13	307467	318300
EOG09261EAB	scaffold_12	70776	82047
EOG09261KZ6	scaffold_1	951123	962070
EOG09261KZ6	scaffold_10	519604	530479
EOG09264B74	scaffold_10	688505	700459
EOG09264X9R	scaffold_12	447513	458043
EOG092627XA	scaffold_11	450364	461584
EOG09261127	scaffold_1	427025	438527
EOG09261127	scaffold_6	98954	109748
EOG09261127	scaffold_8	596765	607547
EOG0926510L	scaffold_11	337367	347786
EOG09265BBJ	scaffold_2	591930	602223
EOG09262VPD	scaffold_4	850857	861873
EOG09261K9J	scaffold_11	396572	407870
EOG09262FE3	scaffold_5	338083	348493
EOG09262PPU	scaffold_1	1005968	1017356
EOG09261Y04	scaffold_14	79341	90546
EOG092621YU	scaffold_12	40872	52461
EOG09261LEU	scaffold_10	674356	685801
EOG09264RJ7	scaffold_5	528571	538855
EOG09264RJ7	scaffold_4	733828	744073
EOG09264RJ7	scaffold_7	272521	282763
EOG09263QH4	scaffold_9	554859	565557
EOG09263QH4	scaffold_7	570997	581617
EOG092644K0	scaffold_2	344905	355522
EOG09264IOS	scaffold_9	510691	521086
EOG09264RQY	scaffold_12	162994	173488
EOG09260Z5E	scaffold_7	397283	409535
EOG092643Y5	scaffold_1	476973	487599
EOG09263RW3	scaffold_11	567525	578412
EOG09263RW3	scaffold_4	576402	586959
EOG0926009O	scaffold_1	49726	62062
EOG09263ZBF	scaffold_12	409370	420152
EOG09261PUF	scaffold_1	601343	612689
EOG09261PUF	scaffold_4	643034	654329
EOG09261PUF	scaffold_6	678230	689525
EOG09261MMR	scaffold_5	441680	496974
EOG09261XAF	scaffold_9	450511	461575
EOG09261I0F	scaffold_8	499092	510444
EOG092652NQ	scaffold_9	451839	462354
EOG09265M8S	scaffold_9	216581	226916
EOG09261CQG	scaffold_10	339359	350579
EOG092603SM	scaffold_2	317798	328841
EOG092603SM	scaffold_16	82402	92863
EOG0926079Q	scaffold_3	648235	661279
EOG092606O3	scaffold_2	989436	1001460
EOG09265KF9	scaffold_2	267467	277634
EOG09262CA4	scaffold_10	637953	649053
EOG09263LP3	scaffold_12	262210	273070
EOG092652ZZ	scaffold_7	514411	524833
EOG09262SWJ	scaffold_4	900817	911452
EOG09262IZO	scaffold_1	828577	839821
EOG09262IZO	scaffold_10	371240	382481
EOG09261AMX	scaffold_2	643971	655089
EOG09261AMX	scaffold_6	725679	736797
EOG09261AMX	scaffold_8	282287	343895
EOG09261Q5L	scaffold_11	368476	379810
EOG092611G7	scaffold_8	170458	182563
EOG09260TLW	scaffold_2	940263	952302
EOG092605KN	scaffold_14	134752	147586
EOG09261225	scaffold_4	113719	125353
EOG09261225	scaffold_1	35902	47023
EOG09264F1U	scaffold_6	62652	73623
EOG092606AD	scaffold_1	1248768	1259394
EOG09265BE5	scaffold_11	200139	210504
EOG09262FW1	scaffold_2	183205	194305
EOG09261ZJR	scaffold_1	577610	589523
EOG09263EVJ	scaffold_6	523268	534020
EOG09265CFP	scaffold_7	91820	102113
EOG09263CAC	scaffold_14	54268	64489
EOG09263760	scaffold_10	106657	117196
EOG09263UAJ	scaffold_15	116814	127875
EOG09265B95	scaffold_5	172921	183445
EOG092603EH	scaffold_5	161500	175789
EOG09260ETR	scaffold_8	363652	376621
EOG09261QXC	scaffold_16	40334	51764
EOG09261QXC	scaffold_7	731778	743208
EOG09264SET	scaffold_1	910835	921395
EOG09264SET	scaffold_10	297310	307687
EOG09264GMT	scaffold_5	225402	236115
EOG09261V2P	scaffold_6	860165	870953
EOG09260RVQ	scaffold_8	373688	385115
EOG09261JUE	scaffold_12	120131	131621
EOG09260PI1	scaffold_5	502385	513521
EOG092636T6	scaffold_5	458603	497079
EOG092636T6	scaffold_13	235818	246690
EOG092636T6	scaffold_12	287652	298497
EOG09264UD3	scaffold_2	341650	399668
EOG09264UD3	scaffold_1	370668	380898
EOG09263MIB	scaffold_17	5461	16288
EOG09263MIB	scaffold_5	446028	456852
EOG092600T9	scaffold_4	134757	150915
EOG09261S0S	scaffold_2	79520	90032
EOG09261KHB	scaffold_4	656659	668050
EOG09261KHB	scaffold_9	632804	643862
EOG0926489S	scaffold_1	1080323	1091117
EOG09263U71	scaffold_16	127420	138232
EOG092612MY	scaffold_3	75318	88125
EOG09262PIH	scaffold_4	144915	156042
EOG09264KDO	scaffold_1	825236	835799
EOG092643JW	scaffold_1	907596	917898
EOG09261TEQ	scaffold_7	156535	168277
EOG09263WM5	scaffold_2	1007676	1019076
EOG09265HP0	scaffold_11	109626	120027
EOG09265HP0	scaffold_1	58592	68906
EOG09265HP0	scaffold_12	393684	403998
EOG09261QYO	scaffold_10	434401	446683
EOG09260RGH	scaffold_4	752450	764369
EOG09265G9U	scaffold_1	1253123	1263416
EOG092629WA	scaffold_8	160312	171697
EOG09264R0D	scaffold_7	252010	262789
EOG09264MN3	scaffold_7	630626	641033
EOG09261T98	scaffold_10	321471	332742
EOG09262CDO	scaffold_4	696524	707759
EOG09262CDO	scaffold_9	365649	376872
EOG092646WF	scaffold_8	624358	634891
EOG09261JR0	scaffold_5	16830	27870
EOG09261NW2	scaffold_7	503221	515257
EOG09263GIG	scaffold_6	124403	135788
EOG092643VB	scaffold_1	650399	661052
EOG09261EM7	scaffold_10	417754	428671
EOG09261EM7	scaffold_8	685960	696982
EOG09261EM7	scaffold_3	131644	142573
EOG092602BZ	scaffold_2	98814	113622
EOG092639H5	scaffold_8	305008	316096
EOG09263C4C	scaffold_12	410793	421266
EOG092624UF	scaffold_4	828342	839817
EOG09262WXK	scaffold_3	344539	355477
EOG09264C3N	scaffold_11	407651	418391
EOG09260H6E	scaffold_5	453673	465316
EOG09261KRX	scaffold_1	112745	123422
EOG09261KRX	scaffold_12	332391	342969
EOG09261MOX	scaffold_1	769627	780388
EOG09261T74	scaffold_9	632645	643997
EOG09261T74	scaffold_1	35971	47158
EOG09261T74	scaffold_4	656776	667828
EOG092626HU	scaffold_11	330883	342244
EOG09261XGL	scaffold_12	312653	323981
EOG09261XGL	scaffold_15	125804	137048
EOG09260Z3X	scaffold_1	377869	389371
EOG092656RK	scaffold_10	301725	312174
EOG09265FTN	scaffold_1	984064	994354
EOG09264HU0	scaffold_8	73558	84487
EOG09264ABT	scaffold_6	766087	776608
EOG09261J0P	scaffold_3	627761	639341
EOG09264BWL	scaffold_3	973062	983370
EOG092615SM	scaffold_4	327920	340253
EOG09263IMF	scaffold_5	801574	811948
EOG09265PQX	scaffold_14	14378	24566
EOG092608ZS	scaffold_3	993012	1004247
EOG092608ZS	scaffold_5	122444	133697
EOG09260BZ0	scaffold_10	444762	456999
EOG09262P1W	scaffold_4	176339	187634
EOG09264398	scaffold_1	787888	798649
EOG092620E4	scaffold_3	844124	855509
EOG092620E4	scaffold_4	934742	946139
EOG09260KM4	scaffold_5	481413	492663
EOG09260KM4	scaffold_11	173075	184331
EOG09263WZ2	scaffold_8	629240	640148
EOG092624KK	scaffold_10	100183	111325
EOG09264O9F	scaffold_5	61823	72323
EOG09261IFQ	scaffold_12	51848	63602
EOG09260EAZ	scaffold_10	19744	32383
EOG09260M87	scaffold_3	862092	874167
EOG09263A3Y	scaffold_11	326753	338177
EOG09265L8N	scaffold_12	132606	142854
EOG09265L8N	scaffold_9	661964	672191
EOG09263S2P	scaffold_11	233744	244253
EOG09264BIX	scaffold_8	33916	44482
EOG0926131E	scaffold_7	469430	480308
EOG09260CMZ	scaffold_2	561042	573738
EOG09262I0R	scaffold_10	425318	436355
EOG0926386D	scaffold_1	944269	955177
EOG0926386D	scaffold_10	516821	527729
EOG09261OIA	scaffold_10	241106	252962
EOG09261OIF	scaffold_15	209983	221356
EOG09261OIF	scaffold_4	930769	941881
EOG09264DY4	scaffold_16	48169	58474
EOG092652KR	scaffold_14	219518	229988
EOG092618M2	scaffold_6	608525	619298
EOG09260QNB	scaffold_8	502883	515015
EOG092617RY	scaffold_5	824484	835929
EOG09264903	scaffold_2	274865	285497
EOG09264904	scaffold_4	714003	724629
EOG09265BWR	scaffold_11	410205	421015
EOG09265BWR	scaffold_7	114059	124846
EOG09263LNF	scaffold_10	195199	206317
EOG09263SFX	scaffold_6	589188	599919
EOG092656IY	scaffold_1	1227471	1237710
EOG09264ZQC	scaffold_4	52356	62697
EOG092629RT	scaffold_1	873787	884977
EOG09262M2J	scaffold_5	652951	663892
EOG09261EMF	scaffold_1	607530	618732
EOG092613UB	scaffold_5	626234	637475
EOG092613UB	scaffold_4	156090	167133
EOG09262K67	scaffold_8	709627	720118
EOG09263817	scaffold_14	90231	100536
EOG092617RN	scaffold_8	239987	251798
EOG092617RN	scaffold_4	30966	42717
EOG092617RN	scaffold_12	360703	372433
EOG09262IZ6	scaffold_2	88573	99502
EOG09260VCG	scaffold_6	802013	812507
EOG09263F11	scaffold_10	243221	253475
EOG09260DFJ	scaffold_13	263326	276094
EOG09262Z14	scaffold_2	281854	293011
EOG09260DFH	scaffold_10	96337	109381
EOG092621F2	scaffold_3	998195	1009781
EOG09263HK2	scaffold_12	530122	541174
EOG092602UY	scaffold_1	591641	606707
EOG09264S40	scaffold_10	409344	419817
EOG09262CMP	scaffold_12	194525	205889
EOG09263XVS	scaffold_9	322837	333175
EOG09262O0R	scaffold_3	1016209	1027186
EOG09260B65	scaffold_11	28494	41490
EOG09260UA2	scaffold_4	742275	753564
EOG092600SK	scaffold_14	274046	288767
EOG09264RJL	scaffold_3	596476	606730
EOG09264RBX	scaffold_8	657197	667841
EOG092619MJ	scaffold_1	630605	642422
EOG09260LVD	scaffold_5	291122	301370
EOG092614DJ	scaffold_6	461704	473119
EOG0926400M	scaffold_3	183152	193874
EOG092600SD	scaffold_4	673169	688172
EOG09260OZU	scaffold_5	770355	781329
EOG09263NE7	scaffold_1	854916	865965
EOG09263NE7	scaffold_10	419353	430402
EOG09262387	scaffold_16	125269	136528
EOG092628LW	scaffold_7	211013	221441
EOG0926477X	scaffold_6	522287	532919
EOG0926051U	scaffold_9	201259	216454
EOG09260THV	scaffold_2	294797	305699
EOG09264G1I	scaffold_3	769782	780477
EOG09264CP8	scaffold_6	730205	740795
EOG0926213Z	scaffold_8	463435	475927
EOG092638RC	scaffold_3	985316	996350
EOG09260A6Q	scaffold_9	472389	485544
EOG09262VVF	scaffold_11	156203	167513
EOG092653O3	scaffold_8	203014	213493
EOG09263690	scaffold_7	338705	349400
EOG092610TN	scaffold_7	408683	420419
EOG0926213Q	scaffold_1	332552	343496
EOG09264P3R	scaffold_2	359476	370105
EOG09264P3R	scaffold_6	149737	160363
EOG09261W2O	scaffold_8	226430	237773
EOG09264U81	scaffold_11	311466	321966
EOG09261IOS	scaffold_1	1152263	1200200
EOG09261IOS	scaffold_14	68326	79249
EOG09261IOS	scaffold_11	107820	239823
EOG09262WSH	scaffold_1	827182	838213
EOG09260V8Q	scaffold_12	462559	473911
EOG09260V8Q	scaffold_5	701641	712630
EOG09260V8Q	scaffold_1	92774	103490
EOG09263YFX	scaffold_13	175748	186662
EOG09264D7Y	scaffold_4	286564	297232
EOG0926315C	scaffold_1	852360	863517
EOG0926146A	scaffold_15	42183	54087
EOG09265040	scaffold_11	552061	562285
EOG09265BAK	scaffold_12	145299	155499
EOG092604KQ	scaffold_1	830408	844403
EOG09264HHW	scaffold_2	89798	100307
EOG09264HHW	scaffold_12	212048	222557
EOG09264HHW	scaffold_15	31361	41855
EOG09262UB3	scaffold_8	522540	533616
EOG09263X22	scaffold_1	124369	135208
EOG09261S7X	scaffold_8	75040	85990
EOG09261V87	scaffold_1	152921	164231
EOG092608C4	scaffold_2	586297	600100
EOG09263CGP	scaffold_5	318030	328755
EOG09261UWT	scaffold_1	160116	170952
EOG092608T8	scaffold_5	832316	844706
EOG09262A6N	scaffold_1	964159	975169
EOG09262A6N	scaffold_4	748306	793022
EOG09262A6N	scaffold_14	210680	262309
EOG0926484N	scaffold_9	686152	696664
EOG09265KPR	scaffold_11	132961	143200
EOG09260T4S	scaffold_6	152156	163901
EOG092653LT	scaffold_6	784902	795105
EOG09260KDB	scaffold_11	117234	129936
EOG092600S9	scaffold_1	221225	238070
EOG09260JT9	scaffold_2	114568	126772
EOG09260JT9	scaffold_6	572524	584401
EOG09260JT9	scaffold_4	792304	803932
EOG09264OYZ	scaffold_10	24328	34777
EOG09264WF4	scaffold_3	546752	557702
EOG09260VTA	scaffold_3	255318	267102
EOG09260VTN	scaffold_11	49332	60333
EOG09260VTN	scaffold_8	9724	20629
EOG09260VTN	scaffold_4	222193	233689
EOG09261ZI1	scaffold_13	336691	347668
EOG09264PE5	scaffold_6	383321	393908
EOG09261W90	scaffold_1	281887	292906
EOG092648XW	scaffold_6	624114	634872
EOG09263CAH	scaffold_9	440988	451836
EOG09265E6R	scaffold_9	139212	149592
EOG09261XNJ	scaffold_4	185456	197009
EOG09261XNJ	scaffold_13	56679	68130
EOG09261XNJ	scaffold_9	539556	551040
EOG09260FMW	scaffold_3	906593	919277
EOG09263ULA	scaffold_11	502598	513659
EOG09262PMC	scaffold_5	403335	416679
EOG09263E49	scaffold_15	81238	92410
EOG09263E49	scaffold_5	679704	690606
EOG09263E49	scaffold_8	471404	507342
EOG09260NXJ	scaffold_9	42459	54936
EOG09260XSR	scaffold_1	158068	168751
EOG09264PMA	scaffold_12	547006	557497
EOG092606WZ	scaffold_8	163087	176788
EOG09264GQZ	scaffold_8	251841	262569
EOG09260NXC	scaffold_5	244228	255997
EOG09262X8R	scaffold_11	467468	478364
EOG09261ICI	scaffold_14	95983	107143
EOG092631MU	scaffold_11	265329	276357
EOG09264VC6	scaffold_3	261648	271953
EOG092652Y6	scaffold_5	773830	784147
EOG0926420U	scaffold_2	496919	507152
EOG092631ML	scaffold_1	200857	211378
EOG09262M0W	scaffold_1	890571	901380
EOG09260EE7	scaffold_3	400177	412945
EOG09263QUM	scaffold_5	735621	746250
EOG092605QM	scaffold_1	529410	544293
EOG09263QB7	scaffold_15	122895	133710
EOG09262739	scaffold_12	436076	447380
EOG09262739	scaffold_7	778504	789607
EOG09262VQQ	scaffold_11	423937	435034
EOG09262VQQ	scaffold_7	116033	127133
EOG09262VQQ	scaffold_6	253798	264754
EOG0926073O	scaffold_8	447738	461181
EOG09263CUQ	scaffold_7	501136	511459
EOG092640PR	scaffold_2	331219	341605
EOG09263KB4	scaffold_3	176711	187418
EOG09263LR1	scaffold_8	475708	486556
EOG09263LR1	scaffold_10	473250	483903
EOG09260PJ9	scaffold_1	293318	305222
EOG09263QPR	scaffold_1	747393	757794
EOG0926092K	scaffold_1	79908	92919
EOG0926092K	scaffold_6	444428	456761
EOG0926092K	scaffold_2	647959	660178
EOG09265FGA	scaffold_3	472856	483254
EOG09265FGA	scaffold_9	385497	395937
EOG09263720	scaffold_6	21708	32577
EOG0926310O	scaffold_4	724568	735320
EOG0926310O	scaffold_5	706284	716874
EOG0926310O	scaffold_13	99465	109977
EOG092625AX	scaffold_6	631852	642478
EOG0926423H	scaffold_1	110702	121607
EOG09264ZWF	scaffold_1	886350	896844
EOG09260YMF	scaffold_9	373688	385268
EOG09260YMF	scaffold_5	836370	847716
EOG09260YMF	scaffold_10	417802	428797
EOG09264VZ7	scaffold_1	1187666	1198136
EOG09262JRP	scaffold_6	340191	351498
EOG09260WCZ	scaffold_1	309434	321590
EOG092605OK	scaffold_7	714166	729145
EOG092605OK	scaffold_4	191617	205909
EOG09262N3C	scaffold_3	801918	812964
EOG09262TEV	scaffold_5	401579	412214
EOG09260XMI	scaffold_10	529326	541212
EOG092633QB	scaffold_11	63811	74566
EOG09264BOA	scaffold_4	166636	177142
EOG09263S1E	scaffold_15	20531	31109
EOG092607OQ	scaffold_5	181604	195494
EOG09265D7J	scaffold_6	830470	840766
EOG09262GLP	scaffold_1	239146	249310
EOG09261ZFN	scaffold_6	171707	182996
EOG09261ZFN	scaffold_5	41198	51869
EOG092634G9	scaffold_4	887785	898207
EOG092654RM	scaffold_2	140842	151117
EOG09263MGE	scaffold_14	91288	102139
EOG09263EBB	scaffold_11	568722	579615
EOG09264X41	scaffold_13	160479	170973
EOG09264R4M	scaffold_5	642894	653472
EOG092631QQ	scaffold_1	976683	987432
EOG09263HD8	scaffold_5	737423	748286
EOG09262KUJ	scaffold_6	241327	252241
EOG09262KUJ	scaffold_13	235923	246681
EOG09262KUJ	scaffold_4	182571	193551
EOG092612CC	scaffold_3	751851	762633
EOG09264UJF	scaffold_4	355904	366302
EOG09264T3S	scaffold_1	147672	158067
EOG092609O9	scaffold_11	399685	413416
EOG09264ENO	scaffold_1	274364	284795
EOG09264ENO	scaffold_4	474296	484727
EOG09263TQ5	scaffold_4	479283	490110
EOG0926074Y	scaffold_4	179997	193470
EOG09263L00	scaffold_13	225753	236238
EOG09263L00	scaffold_12	270704	281279
EOG09263L00	scaffold_10	289092	299373
EOG092605VL	scaffold_8	350354	363428
EOG09262E4Q	scaffold_4	291627	302778
EOG09262E4Q	scaffold_1	300916	312028
EOG09262E4Q	scaffold_11	532056	543147
EOG09265DVA	scaffold_2	41935	52342
EOG09262E4T	scaffold_4	279597	290388
EOG09262YP5	scaffold_4	79473	90291
EOG09264UVA	scaffold_2	615719	626252
EOG09262914	scaffold_9	163346	174455
EOG09262914	scaffold_7	636307	647341
EOG092621S9	scaffold_10	337449	348813
EOG092605VU	scaffold_3	296286	307626
EOG09262528	scaffold_5	382003	393265
EOG09262HA6	scaffold_10	677065	688165
EOG092613QA	scaffold_2	943820	954689
EOG09262OLP	scaffold_2	489554	500192
EOG09265I7S	scaffold_14	87863	98099
EOG0926505R	scaffold_8	339305	349655
EOG0926347W	scaffold_11	490120	501226
EOG0926347W	scaffold_4	259033	270007
EOG09262H34	scaffold_12	31864	43306
EOG09260DBG	scaffold_5	621952	634789
EOG09260JPV	scaffold_11	276648	288081
EOG09260JPV	scaffold_9	371193	382383
EOG09260JPV	scaffold_12	360706	371830
EOG092644O2	scaffold_6	567477	578148
EOG09261B18	scaffold_4	331987	344107
EOG09261VI3	scaffold_6	359911	371407
EOG09264XVU	scaffold_1	528638	539279
EOG09262Z2S	scaffold_4	624555	635631
EOG09262Q6S	scaffold_5	115521	126420
EOG09262Q6S	scaffold_8	643414	654235
EOG09262Q6S	scaffold_3	898424	909110
EOG09260H81	scaffold_8	110246	122294
EOG09260K29	scaffold_3	811271	822416
EOG09260K29	scaffold_7	351317	362228
EOG09260NAN	scaffold_3	271431	282654
EOG09261B14	scaffold_9	95589	106563
EOG09264B3O	scaffold_8	215448	226278
EOG0926522L	scaffold_10	401747	412013
EOG09260V5Q	scaffold_14	21741	34236
EOG09261N64	scaffold_8	183825	195291
EOG092603JK	scaffold_2	657853	669232
EOG09265K5D	scaffold_12	269186	279332
EOG09262LI4	scaffold_11	147523	158269
EOG09261FM4	scaffold_8	223912	235399
EOG09265ER6	scaffold_11	307206	317460
EOG09263XZN	scaffold_15	219100	229891
EOG09261I8J	scaffold_5	701389	712645
EOG09261I8J	scaffold_1	386260	397333
EOG09261I8J	scaffold_12	352687	363571
EOG09260NJW	scaffold_13	186648	198939
EOG09260RNZ	scaffold_5	613928	626129
EOG092612LP	scaffold_5	357960	369912
EOG09261031	scaffold_2	963115	974305
EOG092648O6	scaffold_7	775540	785881
EOG09261QR5	scaffold_6	635716	647569
EOG092607ZS	scaffold_12	499393	512641
EOG09260FX0	scaffold_2	637905	651342
EOG092601YK	scaffold_13	79719	96000
EOG09265MAN	scaffold_2	145707	156015
EOG09263RVR	scaffold_7	236403	247290
EOG09260LRX	scaffold_1	878313	890541
EOG0926025H	scaffold_11	393045	404790
EOG092646PE	scaffold_10	143566	154024
EOG092646PE	scaffold_2	1005256	1015693
EOG092646PE	scaffold_3	362307	372735
EOG09263J3H	scaffold_3	194567	205373
EOG092603KJ	scaffold_7	693634	706327
EOG09260HMA	scaffold_3	787733	800297
EOG09263MNN	scaffold_6	204080	215591
EOG092620IA	scaffold_4	173576	185960
EOG09261OXV	scaffold_5	287505	300636
EOG0926347K	scaffold_12	476288	487250
EOG09260A27	scaffold_2	712646	724229
EOG09265A4E	scaffold_13	209748	220062
EOG092608GK	scaffold_2	927777	938793
EOG092608GK	scaffold_10	608316	619332
EOG0926142H	scaffold_2	571392	583197
EOG09263C1V	scaffold_9	313471	324667
EOG09261DJC	scaffold_12	161279	172484
EOG09260KGS	scaffold_11	352845	365484
EOG09261DW8	scaffold_3	516507	528099
EOG09264ZDJ	scaffold_3	964864	975148
EOG09261B6Y	scaffold_14	205969	217378
EOG09260KIY	scaffold_13	235347	246825
EOG09260KIY	scaffold_15	93100	104479
EOG09263KEE	scaffold_2	45946	56152
EOG09263ZBJ	scaffold_5	634449	644784
EOG0926229Z	scaffold_3	298499	309761
EOG0926229Z	scaffold_15	29202	40176
EOG0926229Z	scaffold_4	384520	395335
EOG0926142Y	scaffold_5	728442	740190
EOG0926142Y	scaffold_7	632113	643633
EOG0926142Y	scaffold_9	229012	240727
EOG09263ZSC	scaffold_7	607367	617906
EOG09264ZDZ	scaffold_8	611297	621554
EOG09261O4Y	scaffold_12	324511	335905
EOG09262CXO	scaffold_6	845805	856737
EOG09262CXO	scaffold_14	210821	262357
EOG09262CXO	scaffold_4	748165	793001
EOG092634MM	scaffold_7	596506	607291
EOG09264YHS	scaffold_9	552308	562868
EOG092600W1	scaffold_8	135657	151404
EOG0926071Q	scaffold_10	223067	236177
EOG092603D0	scaffold_4	635235	649317
EOG09263CG2	scaffold_2	36661	47056
EOG09261QR8	scaffold_6	294688	306175
EOG09264LJU	scaffold_1	1016153	1026695
EOG092641UM	scaffold_7	273247	283960
EOG09260SIZ	scaffold_10	430302	442443
EOG09264HOY	scaffold_7	473092	483616
EOG09264P74	scaffold_8	134593	144961
EOG0926235L	scaffold_2	345793	357370
EOG0926235L	scaffold_6	165089	176627
EOG09263NXM	scaffold_2	796859	808334
EOG09264DT4	scaffold_16	51701	62837
EOG09265JX6	scaffold_8	320731	331045
EOG09265JX6	scaffold_10	574016	584330
EOG09263WSS	scaffold_12	174806	185384
EOG09260075	scaffold_3	52273	71530
EOG09260RRC	scaffold_3	661641	673434
EOG09263WWI	scaffold_2	873273	884037
EOG092631IR	scaffold_6	232831	243844
EOG092631IR	scaffold_1	101163	112041
EOG092631IR	scaffold_2	81226	92035
EOG09262XGK	scaffold_13	384221	395285
EOG09265552	scaffold_6	864380	874604
EOG09261UMG	scaffold_12	320298	331404
EOG092643NE	scaffold_3	240781	251095
EOG09261ONU	scaffold_2	871811	882371
EOG09262X31	scaffold_12	57275	68153
EOG09262ESR	scaffold_13	276399	287547
EOG09260RRN	scaffold_1	179314	192043
EOG09265E8A	scaffold_3	521688	531849
EOG092603YJ	scaffold_5	710635	725527
EOG09265LEG	scaffold_16	26315	36527
EOG09262CUO	scaffold_1	347815	358693
EOG0926307V	scaffold_10	271542	282609
EOG092608L0	scaffold_11	176734	189556
EOG092608L0	scaffold_5	473102	485918
EOG092608L0	scaffold_16	58192	70372
EOG092601KZ	scaffold_6	222318	235215
EOG09262U7S	scaffold_1	871892	882623
EOG09261CWO	scaffold_12	478046	489476
EOG09262V8E	scaffold_3	375979	387412
EOG092645OU	scaffold_7	496733	507743
EOG092645OU	scaffold_6	241327	252220
EOG092645OU	scaffold_8	609207	620088
EOG09262GNE	scaffold_10	54985	66067
EOG09262L1P	scaffold_12	333761	345110
EOG09260WG2	scaffold_8	235415	247706
EOG092638XA	scaffold_8	609252	620157
EOG092638XA	scaffold_14	210851	262336
EOG092638XA	scaffold_13	235809	246660
EOG09260WUS	scaffold_3	467641	480178
EOG0926077L	scaffold_1	1040012	1052930
EOG0926407T	scaffold_2	851086	861754
EOG092614UB	scaffold_3	245704	257029
EOG09265313	scaffold_14	203408	213710
EOG092641G3	scaffold_5	650403	660630
EOG092644WX	scaffold_7	764700	775416
EOG092644WX	scaffold_10	218337	228834
EOG092644WX	scaffold_2	731062	741544
EOG09260492	scaffold_2	691311	704871
EOG09265OQH	scaffold_3	745372	755605
EOG09261L4M	scaffold_2	670705	682090
EOG09260WUA	scaffold_5	22885	33664
EOG0926499W	scaffold_5	84841	96016
EOG092608RH	scaffold_3	853811	866807
EOG09261T6U	scaffold_3	960984	972501
EOG09261T6U	scaffold_5	170352	182235
EOG09264OBA	scaffold_6	503486	514034
EOG09260ZG2	scaffold_12	249191	260921
EOG092617S2	scaffold_11	383367	394968
EOG092617S2	scaffold_5	414898	426118
EOG092618UZ	scaffold_13	34886	45509
EOG09264U78	scaffold_7	439419	449733
EOG09260AQB	scaffold_10	245528	258296
EOG0926049A	scaffold_7	703452	716925
EOG09263OAE	scaffold_6	77277	88248
EOG09263OAE	scaffold_8	584954	595754
EOG09263OAE	scaffold_13	156155	166937
EOG09265PUI	scaffold_1	417676	427864
EOG092613R2	scaffold_5	856641	868410
EOG09260WU6	scaffold_1	39424	51643
EOG09260BRA	scaffold_2	80740	92089
EOG09260BRA	scaffold_6	232834	243841
EOG09260BRA	scaffold_1	101115	112044
EOG09261I1I	scaffold_3	733408	745708
EOG09261HM3	scaffold_9	539436	551052
EOG09261HM3	scaffold_4	185459	197006
EOG09261HM3	scaffold_13	56637	68121
EOG0926049S	scaffold_8	302276	314315
EOG092633US	scaffold_9	97318	108328
EOG09262ILV	scaffold_3	159358	170482
EOG09263UWJ	scaffold_3	919488	930561
EOG09265LIB	scaffold_13	20159	30461
EOG09260779	scaffold_6	865558	878860
EOG09261I1G	scaffold_3	764170	775333
EOG092643QM	scaffold_4	542641	552880
EOG09260QVP	scaffold_14	35079	45936
EOG09265DDU	scaffold_4	20372	30548
EOG09264FVQ	scaffold_6	831076	841753
EOG09265822	scaffold_1	735032	745652
EOG092644ZU	scaffold_16	111095	121640
EOG0926195C	scaffold_1	687788	699785
EOG09260OE9	scaffold_3	599177	612458
EOG09260OE9	scaffold_4	633230	644975
EOG09263JTO	scaffold_4	90307	101119
EOG09263JTO	scaffold_8	614299	624994
EOG09264L3W	scaffold_16	68871	79449
EOG09263X1F	scaffold_3	51184	61870
EOG09263D2P	scaffold_8	335514	345894
EOG09261EU7	scaffold_9	170680	251012
EOG09261EU7	scaffold_10	364998	375879
EOG09261EU7	scaffold_2	549996	578806
EOG09264G4X	scaffold_1	142563	153201
EOG09264G4X	scaffold_12	344471	355058
EOG09264G4X	scaffold_6	710442	720996
EOG092604ZZ	scaffold_5	512010	525285
EOG09265A08	scaffold_6	669580	679987
EOG09264SQJ	scaffold_7	369020	379610
EOG092615IE	scaffold_5	578563	590872
EOG09260OM6	scaffold_15	148867	160687
EOG09260OM6	scaffold_12	221373	232941
EOG09260OM6	scaffold_6	98681	110468
EOG09263H5H	scaffold_10	422199	433290
EOG09262YAU	scaffold_1	565758	576831
EOG0926457R	scaffold_1	142536	153177
EOG0926457R	scaffold_12	344495	355088
EOG092620FM	scaffold_2	28965	39609
EOG09260JTZ	scaffold_8	82768	95461
EOG09264E6Z	scaffold_1	642298	652978
EOG09261UPM	scaffold_5	91853	102296
EOG09263MEM	scaffold_3	381151	391939
EOG09264W46	scaffold_11	404519	415175
EOG09265JNA	scaffold_14	162312	172488
EOG09261N20	scaffold_5	673361	684083
EOG092621CP	scaffold_5	851799	863139
EOG092630YS	scaffold_4	271637	282704
EOG092627F1	scaffold_3	949212	960408
EOG092627F1	scaffold_14	210989	262309
EOG09260HS3	scaffold_3	437399	449360
EOG092649XV	scaffold_1	1140744	1151682
EOG09264IIZ	scaffold_5	409502	419702
EOG0926273Q	scaffold_3	478396	489496
EOG09260J8F	scaffold_8	190413	201828
EOG0926129I	scaffold_3	341490	353331
EOG09263L7Y	scaffold_15	65065	76102
EOG09265FL1	scaffold_2	611633	621977
EOG09265FL1	scaffold_3	436178	446429
EOG09265FL1	scaffold_1	172084	182293
EOG09260K24	scaffold_7	762238	774139
EOG09263C55	scaffold_6	251228	262556
EOG092610KH	scaffold_8	630916	642424
EOG09260KCB	scaffold_8	534080	544784
EOG09260AZA	scaffold_13	96067	108952
EOG09264XM2	scaffold_2	449350	459589
EOG09260AZM	scaffold_13	228434	241364
EOG09260AZM	scaffold_12	506811	520290
EOG09260AZM	scaffold_16	64530	77436
EOG09261YGB	scaffold_2	348482	359834
EOG09260AZK	scaffold_6	475186	487591
EOG09264T8I	scaffold_7	665896	676168
EOG09264T8I	scaffold_8	406659	416904
EOG09260KCW	scaffold_9	400380	412158
EOG09260KCW	scaffold_15	108041	119837
EOG09260KCW	scaffold_6	483405	494784
EOG09260R84	scaffold_13	271632	282690
EOG09261RU1	scaffold_15	69366	80760
EOG092602MO	scaffold_8	181754	193436
EOG09260DP1	scaffold_1	440226	452931
EOG09263I7I	scaffold_1	548159	559268
EOG09263I7I	scaffold_8	482375	493067
EOG092634ZL	scaffold_4	258336	268890
EOG09260K5F	scaffold_13	201683	213683
EOG09264272	scaffold_6	853687	864379
EOG09261MPU	scaffold_7	190783	202021
EOG09261MPU	scaffold_11	532119	543087
EOG09261MPU	scaffold_1	300988	311959
EOG09262FJB	scaffold_6	298488	308709
EOG092609RF	scaffold_10	668452	682738
EOG09261A3K	scaffold_8	175473	188295
EOG09262K9A	scaffold_13	116155	127249
EOG092634B5	scaffold_1	237381	248670
EOG09263JZO	scaffold_9	553122	564036
EOG09264IMV	scaffold_12	55970	66566
EOG09263BGW	scaffold_15	146999	158474
EOG09264NEF	scaffold_14	52858	63238
EOG09260OLB	scaffold_8	438052	448768
EOG09264CH7	scaffold_10	539752	550495
EOG09264G0H	scaffold_2	522120	532770
EOG09264ZI5	scaffold_9	143659	153802
EOG09264XPY	scaffold_4	148943	159344
EOG09260GKG	scaffold_1	718555	731344
EOG0926137U	scaffold_3	587548	600007
EOG09265G5C	scaffold_10	356494	367027
EOG09265G5C	scaffold_6	80628	91029
EOG09265G5C	scaffold_12	95882	106268
EOG09265EKJ	scaffold_4	823432	833683
EOG09262F22	scaffold_14	127192	138436
EOG09262JWJ	scaffold_1	275277	286428
EOG09262JWJ	scaffold_7	92472	103632
EOG092634B1	scaffold_11	204705	215763
EOG092634B1	scaffold_2	968643	981648
EOG09264OAU	scaffold_9	587116	597343
EOG09264O2D	scaffold_10	18475	29038
EOG09260KUC	scaffold_7	492618	504576
EOG09264I14	scaffold_12	66630	76953
EOG09262HP3	scaffold_10	168908	179879
EOG09260SL3	scaffold_2	466517	478748
EOG09260SL3	scaffold_1	711870	723579
EOG09264O6J	scaffold_11	370836	381324
EOG09264O6J	scaffold_1	696929	707495
EOG09264O6J	scaffold_12	519649	530212
EOG092625U6	scaffold_2	264685	275752
EOG09264V2U	scaffold_3	254201	264683
EOG09264OXC	scaffold_1	1183955	1194419
EOG09263W7L	scaffold_6	345042	355701
EOG09263ZW6	scaffold_1	1160761	1171468
EOG09263RDD	scaffold_4	56662	67201
EOG09263RDD	scaffold_15	122889	133308
EOG09260W52	scaffold_5	379816	391432
EOG09260NE0	scaffold_6	179302	190582
EOG09260TPT	scaffold_8	218998	231346
EOG092610LP	scaffold_10	437284	449362
EOG092610LQ	scaffold_4	386050	421858
EOG09260HSP	scaffold_13	54060	65964
EOG09262WQX	scaffold_1	1026796	1037548
EOG09261N2L	scaffold_5	822338	833747
EOG09263YUI	scaffold_2	664451	675056
EOG09264HN5	scaffold_11	542408	552851
EOG0926158Y	scaffold_10	290495	301859
EOG09265J36	scaffold_2	689244	699396
EOG09260LI6	scaffold_14	269187	281679
EOG09260LI6	scaffold_1	440295	451944
EOG09264IDN	scaffold_7	528432	538836
EOG09264I6B	scaffold_14	199478	209900
EOG09262SR7	scaffold_3	339358	350251
EOG09265H9T	scaffold_7	145880	156182
EOG092650I8	scaffold_5	555865	566323
EOG09262X74	scaffold_3	136174	146860
EOG09261HZD	scaffold_2	848418	859977
EOG09263K05	scaffold_4	701315	711704
EOG09261ABB	scaffold_9	618874	630772
EOG092635YY	scaffold_11	303408	314439
EOG092614ZG	scaffold_7	98914	109786
EOG092625OH	scaffold_7	86673	97983
EOG092625OH	scaffold_11	339919	351217
EOG09262N0U	scaffold_6	634147	645400
EOG09265K1R	scaffold_13	305705	315992
EOG09264G04	scaffold_6	187370	197786
EOG09264G04	scaffold_8	296486	306755
EOG09264SUZ	scaffold_16	26680	36982
EOG09262Q8D	scaffold_12	540522	551568
EOG09265B4G	scaffold_2	755559	765975
EOG092658NW	scaffold_2	172080	182301
EOG09263GSR	scaffold_4	650854	661960
EOG092626EQ	scaffold_2	156213	214923
EOG092626EQ	scaffold_1	1189433	1253928
EOG092626EQ	scaffold_16	143056	157444
EOG09264NNY	scaffold_5	219969	230634
EOG09261660	scaffold_11	188548	200158
EOG092619GP	scaffold_3	313793	324758
EOG09264G7L	scaffold_1	1044228	1054734
EOG09263H0Y	scaffold_12	444381	455076
EOG09260S3L	scaffold_14	241479	253014
EOG09260WYQ	scaffold_7	414050	425828
EOG09260WYQ	scaffold_2	32582	43742
EOG092638CT	scaffold_7	362638	373537
EOG09264BJC	scaffold_9	377382	387954
EOG09264IV9	scaffold_5	32041	42862
EOG09261HQU	scaffold_5	527173	537709
EOG09261666	scaffold_4	188467	200527
EOG09262A8G	scaffold_10	182011	193210
EOG09261YRA	scaffold_8	398830	409795
EOG09262E3Q	scaffold_6	286421	297734
EOG09262CO6	scaffold_12	318533	329795
EOG09262CO6	scaffold_13	189465	200667
EOG092643IE	scaffold_7	300343	310960
EOG0926374A	scaffold_2	288121	299023
EOG092609YT	scaffold_1	774293	787145
EOG09264CST	scaffold_12	78018	89199
EOG09262N5O	scaffold_7	481794	493188
EOG092632FC	scaffold_9	324386	335513
EOG09263E5F	scaffold_8	581652	593466
EOG0926539T	scaffold_1	349112	359438
EOG0926539T	scaffold_9	538677	549030
EOG09263JCT	scaffold_2	758702	769496
EOG09264MIL	scaffold_12	102583	113047
EOG09262MOO	scaffold_15	29076	40188
EOG09262MOO	scaffold_10	554350	565429
EOG09262MOO	scaffold_9	273287	284699
EOG092604A0	scaffold_1	615886	627094
EOG09261V03	scaffold_11	75947	87083
EOG092647CM	scaffold_5	62839	73333
EOG09261WJ8	scaffold_1	751445	762278
EOG092629U5	scaffold_6	150952	161533
EOG0926354S	scaffold_4	463732	474751
EOG0926354S	scaffold_1	285507	296520
EOG09261XZ6	scaffold_13	163423	174778
EOG09262A65	scaffold_1	763204	774100
EOG09262A65	scaffold_7	169814	180710
EOG09262A65	scaffold_11	204903	215700
EOG0926506Z	scaffold_6	101457	111876
EOG09263J7D	scaffold_7	109426	120115
EOG09263J7D	scaffold_3	236955	247386
EOG09263J7D	scaffold_2	883688	894119
EOG09264TJN	scaffold_7	475653	486282
EOG09260VEY	scaffold_1	875730	887646
EOG09262X01	scaffold_5	778243	788860
EOG092658X5	scaffold_8	42597	52803
EOG092641M3	scaffold_7	394422	405159
EOG092641M3	scaffold_9	424801	435337
EOG09260ERO	scaffold_11	17347	30382
EOG09264AWW	scaffold_3	586331	597050
EOG09265NHW	scaffold_7	396698	406955
EOG09265NHW	scaffold_12	455191	465412
EOG09263OD3	scaffold_7	652482	663135
EOG09265GYD	scaffold_5	743931	754149
EOG092619NK	scaffold_6	346084	358009
EOG09260NNR	scaffold_4	633149	645056
EOG09260NNR	scaffold_15	200020	211642
EOG09260NNR	scaffold_6	373994	385550
EOG09264VRO	scaffold_5	237784	247858
EOG09265DAV	scaffold_3	783611	793910
EOG09265DAV	scaffold_2	541411	551710
EOG092642UD	scaffold_15	56918	67592
EOG09262UAS	scaffold_5	841576	852676
EOG092620EL	scaffold_1	145308	156828
EOG092620EL	scaffold_9	604309	615835
EOG0926425H	scaffold_9	555863	566399
EOG09260EZT	scaffold_2	771197	783017
EOG09262XRU	scaffold_16	123349	134404
EOG09260NWN	scaffold_4	105456	117555
EOG09262MFL	scaffold_1	72305	83171
EOG09262JZW	scaffold_2	620786	631925
EOG09261ZPW	scaffold_3	890900	909110
EOG09260JNY	scaffold_5	828922	840499
EOG09262PZ9	scaffold_8	461907	473028
EOG09262PZ9	scaffold_7	118800	129744
EOG09262PZ9	scaffold_6	557537	586833
EOG09262R8O	scaffold_5	198459	209448
EOG09263OCO	scaffold_11	197539	208414
EOG09263OCO	scaffold_6	557537	586884
EOG09263OCO	scaffold_3	790884	801690
EOG09263BG5	scaffold_8	691570	702709
EOG09263IQ5	scaffold_10	423654	434496
EOG092617AN	scaffold_6	115496	128819
EOG09260MBW	scaffold_3	378207	390738
EOG09261F73	scaffold_5	836376	847707
EOG09261F73	scaffold_9	373697	385034
EOG09261F73	scaffold_10	417793	428755
EOG09264T1U	scaffold_7	407797	418402
EOG09264DJ8	scaffold_7	263283	274110
EOG09264EGS	scaffold_5	399082	409249
EOG09264EGS	scaffold_2	395238	405351
EOG09264IQ7	scaffold_10	214573	225154
EOG09263FAK	scaffold_8	158875	169642
EOG09265FTY	scaffold_4	104925	115191
EOG092628A0	scaffold_9	422722	433993
EOG09261M78	scaffold_2	706500	717987
EOG09264KTU	scaffold_3	156055	166537
EOG092619RJ	scaffold_13	51715	62275
EOG09263E87	scaffold_6	315358	326035
EOG09261LPY	scaffold_8	31355	42314
EOG09261LPY	scaffold_4	182571	193623
EOG09261NLR	scaffold_1	708306	719616
EOG09262IP2	scaffold_1	1255254	1266243
EOG09260W9L	scaffold_9	69174	151029
EOG09260W9L	scaffold_10	462240	518449
EOG09260W9L	scaffold_5	265948	276394
EOG09265BTA	scaffold_1	79102	89449
EOG09263JW5	scaffold_3	473583	484383
EOG09262NB1	scaffold_8	616778	627890
EOG09262NB1	scaffold_14	99713	110804
EOG092644Z6	scaffold_9	182753	193421
EOG092620CR	scaffold_4	898642	910492
EOG09263Y3L	scaffold_11	144342	155268
EOG09264RW6	scaffold_1	1032557	1043063
EOG09263YFH	scaffold_15	19514	30218
EOG09264T0J	scaffold_11	416274	426768
EOG09265SHM	scaffold_1	845412	855609
EOG09263Q8J	scaffold_8	81374	92129
EOG09264YKY	scaffold_11	291636	302040
EOG09260B3X	scaffold_4	841812	854322
EOG09262VOC	scaffold_1	534953	546047
EOG09264PDD	scaffold_10	72784	83074
EOG09264OM7	scaffold_11	547403	557915
EOG09264W7W	scaffold_4	101719	112450
EOG09260TUT	scaffold_2	980395	992074
EOG09262516	scaffold_1	628501	678781
EOG09262516	scaffold_9	396749	420666
EOG09262516	scaffold_4	185459	196835
EOG09260NY2	scaffold_2	52671	64752
EOG09260VYK	scaffold_11	421635	433188
EOG09264ZXA	scaffold_4	469779	480375
EOG09260B3H	scaffold_2	968643	981642
EOG092651FJ	scaffold_8	356891	368228
EOG09262LQT	scaffold_3	917559	928149
EOG092602I6	scaffold_6	373964	389216
EOG09264L6D	scaffold_9	79580	89666
EOG0926251E	scaffold_7	424301	435590
EOG092642I5	scaffold_3	65891	76295
EOG09265G5K	scaffold_6	658993	669364
EOG09265G5K	scaffold_3	85813	96112
EOG09261CXQ	scaffold_5	677701	688360
EOG09264OML	scaffold_7	696924	707565
EOG092625P1	scaffold_2	355457	388306
EOG092625P1	scaffold_7	477043	488131
EOG092625P1	scaffold_6	300022	311107
EOG09261OKK	scaffold_3	523322	534446
EOG09262X7T	scaffold_3	174402	185727
EOG092658CI	scaffold_2	403841	414266
EOG09260LJ8	scaffold_8	152092	164494
EOG09260EOI	scaffold_16	112389	124749
EOG09264W71	scaffold_3	193498	203944
EOG09263OZR	scaffold_1	1196245	1206937
EOG09265ANI	scaffold_14	98642	109109
EOG0926133I	scaffold_16	21741	33525
EOG09261DRB	scaffold_3	67261	78286
EOG09264NC7	scaffold_8	653019	663402
EOG092640WA	scaffold_7	513440	524006
EOG0926431P	scaffold_11	26349	37083
EOG09263UN3	scaffold_3	875637	886122
EOG09262BCZ	scaffold_1	354918	365949
EOG0926458I	scaffold_6	303286	313921
EOG09260DUR	scaffold_6	704732	715937
EOG09264TQ5	scaffold_4	744106	754546
EOG09260FFP	scaffold_3	160987	171469
EOG09260FFP	scaffold_13	43166	53495
EOG09260FFP	scaffold_10	708314	718619
EOG09260DUW	scaffold_6	288970	300613
EOG092645MK	scaffold_9	32094	42756
EOG09260GOF	scaffold_9	575443	586627
EOG09261145	scaffold_2	709567	721249
EOG09261145	scaffold_6	788839	800524
EOG09263W48	scaffold_13	154343	165062
EOG09260GF5	scaffold_6	67489	80416
EOG092646EZ	scaffold_14	200436	211041
EOG09263UQF	scaffold_2	77307	88140
EOG092648VW	scaffold_4	414756	425448
EOG09265QTV	scaffold_6	434784	445062
EOG09260SAH	scaffold_4	667726	679666
EOG092658ZO	scaffold_3	260795	271010
EOG09262341	scaffold_8	370720	381394
EOG09265JVH	scaffold_3	219121	229312
EOG09260M44	scaffold_12	47856	59136
EOG09260BSW	scaffold_8	315612	328731
EOG09260BSW	scaffold_7	344666	356852
EOG09260BSW	scaffold_1	999184	1011364
EOG09262JAT	scaffold_6	557531	586821
EOG09262JAT	scaffold_2	967078	977902
EOG09262JAT	scaffold_7	512066	522785
EOG09260APA	scaffold_7	737455	747691
EOG092658QH	scaffold_2	867747	878106
EOG09260EQD	scaffold_1	405686	417728
EOG09264XKX	scaffold_4	316439	326687
EOG09263EDC	scaffold_9	152942	163772
EOG09263EDC	scaffold_8	614239	625036
EOG09263EDC	scaffold_5	577075	587941
EOG092607QZ	scaffold_2	207222	220248
EOG09261CM0	scaffold_1	891985	903100
EOG09261CM0	scaffold_11	532131	542985
EOG09261CM0	scaffold_7	190927	201808
EOG09260P2K	scaffold_10	449797	472617
EOG09265DWT	scaffold_6	698384	708689
EOG09260LS9	scaffold_16	141770	152573
EOG09260JJW	scaffold_11	168614	180695
EOG092621X3	scaffold_9	515529	526740
EOG0926591L	scaffold_8	401540	411758
EOG0926591L	scaffold_10	279496	289726
EOG092646CB	scaffold_4	768719	779411
EOG092614O9	scaffold_13	321653	333428
EOG09261DG0	scaffold_1	953449	964996
EOG092600T4	scaffold_8	644951	661277
EOG092600T4	scaffold_5	661722	677958
EOG092659DX	scaffold_4	231484	241690
EOG09264KIV	scaffold_1	605540	616016
EOG09263IT0	scaffold_7	539396	550256
EOG09265591	scaffold_2	302605	313030
EOG09265591	scaffold_4	623500	633886
EOG09265591	scaffold_7	564727	575113
EOG09264719	scaffold_6	651440	662186
EOG09263HYJ	scaffold_9	606977	617954
EOG092628SP	scaffold_11	499270	510082
EOG092606CY	scaffold_15	95257	108931
EOG092606CY	scaffold_3	300508	314272
EOG09264LKR	scaffold_3	684810	695298
EOG09264LKR	scaffold_7	446824	457312
EOG09264LKR	scaffold_8	428739	456949
EOG09263G4R	scaffold_8	381831	392082
EOG09260XOG	scaffold_2	436197	448284
EOG09263R4M	scaffold_10	211503	222198
EOG09263R4M	scaffold_16	95247	105909
EOG092610VI	scaffold_5	508163	520916
EOG092610VI	scaffold_2	278911	290782
EOG092610VI	scaffold_12	177309	189087
EOG09262KZ3	scaffold_8	355034	366593
EOG09261P7G	scaffold_8	186443	197522
EOG092640ZF	scaffold_7	138495	148902
EOG09262BVA	scaffold_8	168858	179916
EOG09263FTE	scaffold_4	749491	760321
EOG09262645	scaffold_1	1120068	1131750
EOG092616YZ	scaffold_4	739721	751649
EOG092616YZ	scaffold_6	325391	337319
EOG09263X0V	scaffold_10	265181	275600
EOG09265GYK	scaffold_2	144296	154544
EOG09265GYK	scaffold_12	420067	430315
EOG092642CB	scaffold_2	897975	908565
EOG09261JWS	scaffold_1	729338	740693
EOG09261JWS	scaffold_6	300091	311203
EOG09261JWS	scaffold_7	477007	488062
EOG09264QRY	scaffold_9	294757	305140
EOG092641A6	scaffold_8	607694	618770
EOG09264O3B	scaffold_10	545160	555549
EOG09264KSI	scaffold_2	56187	66468
EOG092638AP	scaffold_2	449990	460736
EOG09264XLN	scaffold_12	251299	261574
EOG09264829	scaffold_2	55583	66044
EOG09261YV6	scaffold_4	222151	233731
EOG09261YV6	scaffold_3	68728	80596
EOG09261YV6	scaffold_8	9886	21334
EOG092604MJ	scaffold_8	62600	77120
EOG09264E5J	scaffold_10	439596	450456
EOG09261801	scaffold_1	1059024	1069905
EOG0926578E	scaffold_13	299551	309964
EOG09264B2X	scaffold_2	641885	652766
EOG09264B2X	scaffold_3	519226	529849
EOG09264B2X	scaffold_7	650669	661277
EOG092604ML	scaffold_9	357080	370841
EOG09264NDD	scaffold_9	180315	191109
EOG09264B2P	scaffold_6	95603	106499
EOG09262QS5	scaffold_4	871113	882036
EOG09265DRM	scaffold_4	64558	74806
EOG09264NJ1	scaffold_1	1023190	1034722
EOG09261X9E	scaffold_13	145070	156167
EOG092654XA	scaffold_4	747424	757783
EOG092651OF	scaffold_12	433962	444423
EOG09262N47	scaffold_1	1150554	1161399
EOG09262QTY	scaffold_4	855972	866634
EOG09264R1U	scaffold_9	623529	633945
EOG09265GSM	scaffold_9	98785	108988
EOG09260J53	scaffold_9	683583	695430
EOG09260J53	scaffold_4	273442	288098
EOG09260J53	scaffold_10	693874	705718
EOG09261H5E	scaffold_1	485852	497420
EOG09264S3E	scaffold_3	830071	840598
EOG09264Y0W	scaffold_10	586199	596666
EOG092620U5	scaffold_7	206765	218129
EOG09264LBC	scaffold_2	251531	262136
EOG09264LBC	scaffold_6	111401	122006
EOG09261FH7	scaffold_3	291839	303806
EOG09261FH7	scaffold_1	463205	475163
EOG09260E2O	scaffold_14	209987	262693
EOG09263F3I	scaffold_7	121625	132170
EOG09265BG5	scaffold_8	280968	291411
EOG09262WHU	scaffold_5	447215	458129
EOG09263K45	scaffold_8	49527	60312
EOG09263G3M	scaffold_6	844160	855080
EOG09263G3M	scaffold_4	281365	292252
EOG09260P5R	scaffold_12	291138	301818
EOG09262E7I	scaffold_15	176930	187922
EOG09261DGU	scaffold_9	223790	235724
EOG09260FKU	scaffold_3	397656	407955
EOG09261G92	scaffold_7	547644	558501
EOG09265GGX	scaffold_4	889710	900120
EOG09261AH9	scaffold_16	93129	104865
EOG09262K8C	scaffold_8	572803	583189
EOG09262K8C	scaffold_6	589401	599643
EOG09261W1K	scaffold_7	174239	185609
EOG09260R9L	scaffold_3	72873	83616
EOG09263RF8	scaffold_5	531500	542393
EOG09260OCI	scaffold_4	303950	314762
EOG09262KJA	scaffold_7	490061	501293
EOG09262K8L	scaffold_2	263184	274341
EOG09261FAB	scaffold_3	333843	344826
EOG0926514P	scaffold_1	381287	391718
EOG092613S3	scaffold_10	631335	642126
EOG092613S3	scaffold_1	66250	76801
EOG09260BFE	scaffold_8	457196	468593
EOG09265C25	scaffold_8	540570	550941
EOG09264CP4	scaffold_11	53720	64319
EOG09261FAX	scaffold_1	966408	977229
EOG09264A8D	scaffold_5	55025	65792
EOG092605T6	scaffold_10	494203	515293
EOG0926047G	scaffold_9	663908	676790
EOG092606UX	scaffold_12	364462	377887
EOG092606UX	scaffold_1	74208	87927
EOG092619VG	scaffold_11	349776	361311
EOG092651HW	scaffold_7	465463	476326
EOG0926312D	scaffold_14	43493	54926
EOG0926312D	scaffold_13	236118	246696
EOG0926312D	scaffold_4	782279	792770
EOG09264IKZ	scaffold_9	556740	567165
EOG09264JQ1	scaffold_5	805874	816959
EOG09264441	scaffold_5	888863	899516
EOG09264441	scaffold_2	959214	969870
EOG09264441	scaffold_10	218364	228975
EOG09264DOU	scaffold_5	88002	98352
EOG09260HPO	scaffold_7	699591	712245
EOG09263PWF	scaffold_4	692723	703190
EOG09263R62	scaffold_9	569964	580395
EOG09265RGS	scaffold_5	268157	278258
EOG092636Y6	scaffold_5	574406	586310
EOG09261M4S	scaffold_2	810118	821374
EOG09260RS7	scaffold_1	664939	676636
EOG09260RS7	scaffold_4	342131	353135
EOG09264X8J	scaffold_2	624289	634783
EOG09264X8J	scaffold_6	709114	719608
EOG09264XJC	scaffold_10	25381	35878
EOG09262QJW	scaffold_1	1209777	1220904
EOG09262QJW	scaffold_3	487523	498650
EOG09263SZM	scaffold_10	101665	112501
EOG09264I9J	scaffold_2	866286	876783
EOG09264V3H	scaffold_15	221293	231742
EOG09260DXP	scaffold_1	807558	819795
EOG09264FWI	scaffold_9	250985	261602
EOG09260CKC	scaffold_4	10132	22765
EOG092649VG	scaffold_6	538769	549455
EOG09263KZJ	scaffold_4	878440	889237
EOG09264LH2	scaffold_7	209265	219903
EOG0926306O	scaffold_6	229984	240544
EOG09265IBC	scaffold_12	300859	311164
EOG09265IBC	scaffold_6	482751	493047
EOG09265IBC	scaffold_9	400380	410646
EOG09265PJ3	scaffold_2	821190	831375
EOG092654LJ	scaffold_7	375487	385909
EOG09263Z41	scaffold_11	380729	391661
EOG092648LP	scaffold_5	323357	334280
EOG092612AK	scaffold_9	378758	390317
EOG092658SK	scaffold_10	216196	226600
EOG0926004Z	scaffold_3	346640	370331
EOG09265KSE	scaffold_9	306194	316373
EOG09265CQO	scaffold_1	58553	68912
EOG09265CQO	scaffold_12	393678	404037
EOG0926388H	scaffold_7	674674	685951
EOG09264IPL	scaffold_7	93777	104649
EOG09263DQH	scaffold_8	570775	581437
EOG09263E9V	scaffold_6	621336	631707
EOG09263V60	scaffold_2	687766	698278
EOG09261WVT	scaffold_5	143598	154974
EOG092654KW	scaffold_6	719510	729914
EOG09264FXB	scaffold_1	173975	185720
EOG09260JDM	scaffold_10	324972	335880
EOG09262H1X	scaffold_6	350631	362010
EOG09262H1X	scaffold_15	78058	89329
EOG092655L0	scaffold_5	88900	99166
EOG092638EN	scaffold_11	243441	254286
EOG09260UXC	scaffold_8	35899	47422
EOG092609JB	scaffold_6	444587	456950
EOG092609JB	scaffold_1	81093	92874
EOG092609JB	scaffold_2	647983	659596
EOG092615CC	scaffold_4	171169	182641
EOG09264A2D	scaffold_8	90165	100779
EOG09263A64	scaffold_12	190374	201303
EOG09265JA7	scaffold_7	286178	296357
EOG09260U6R	scaffold_7	178993	191206
EOG09260U6R	scaffold_1	208491	220878
EOG09261XNU	scaffold_1	1055488	1066873
EOG09265HPJ	scaffold_2	370517	380942
EOG09262D0D	scaffold_8	250027	261250
EOG09264X31	scaffold_14	264842	275357
EOG09264881	scaffold_4	153057	164298
EOG09264881	scaffold_3	527251	538747
EOG0926390Q	scaffold_6	768502	778861
EOG09262QL6	scaffold_15	123951	135198
EOG09263WB5	scaffold_9	640421	650864
EOG09263WB5	scaffold_3	527242	537640
EOG09263WB5	scaffold_4	153051	163449
EOG092656JA	scaffold_6	707673	718071
EOG09263RY2	scaffold_7	308592	318906
EOG09260SRF	scaffold_5	424222	436390
EOG09260SRF	scaffold_11	222999	235149
EOG09262DC1	scaffold_5	516679	527869
EOG092630UB	scaffold_2	344035	354529
EOG092632TF	scaffold_1	580518	591039
EOG09260WGT	scaffold_16	79149	90627
EOG092605FC	scaffold_8	670498	710819
EOG092605FC	scaffold_14	233952	278278
EOG09263J6Z	scaffold_1	298126	309229
EOG09261NLY	scaffold_4	880270	891880
EOG09260UJK	scaffold_2	233124	244833
EOG092651LN	scaffold_1	1057481	1067969
EOG092651LN	scaffold_12	50308	60796
EOG09261OSU	scaffold_8	272918	284426
EOG09261OSU	scaffold_12	120380	131462
EOG09264873	scaffold_7	600029	610778
EOG092646VF	scaffold_10	30095	40592
EOG09263P17	scaffold_9	532896	543201
EOG092644TW	scaffold_1	356828	367565
EOG09263X4B	scaffold_15	55372	66055
EOG09261BP0	scaffold_9	295673	307316
EOG09260J97	scaffold_4	364210	376018
EOG092608AV	scaffold_6	498213	511509
EOG09260OQ8	scaffold_2	42728	55136
EOG092604I8	scaffold_9	670056	684258
EOG092621CK	scaffold_1	652444	662995
EOG09261VD2	scaffold_3	808143	819540
EOG09265F2Y	scaffold_8	697797	708201
EOG09260NHN	scaffold_1	19811	33182
EOG09262NIR	scaffold_2	495151	506026
EOG0926248P	scaffold_7	359475	371520
EOG09260NHB	scaffold_5	687836	701039
EOG09265KNL	scaffold_6	339570	349776
EOG09264IG5	scaffold_3	644813	655415
EOG09260LBU	scaffold_12	335606	347900
EOG09261HB6	scaffold_11	363922	374944
EOG09261HB6	scaffold_7	120041	131051
EOG092608AE	scaffold_3	955100	967355
EOG092651BA	scaffold_11	55379	65600
EOG09264JW6	scaffold_8	216971	227552
EOG09261EY9	scaffold_7	543760	555637
EOG09265GXF	scaffold_11	105266	116018
EOG092612J3	scaffold_9	262809	274080
EOG09265BCT	scaffold_12	168835	179194
EOG092629FB	scaffold_6	464147	475184
EOG092632WW	scaffold_3	842107	853072
EOG09261BPJ	scaffold_9	406727	418343
EOG09262DPL	scaffold_11	127151	137942
EOG0926506U	scaffold_6	681876	692277
EOG09260ABY	scaffold_2	894394	907603
EOG09262BHE	scaffold_7	426533	437486
EOG092645U1	scaffold_8	296516	307094
EOG092645U1	scaffold_2	774965	785411
EOG092645U1	scaffold_12	504542	514988
EOG09265HEP	scaffold_5	400008	410142
EOG09262GWQ	scaffold_2	549984	578821
EOG09262GWQ	scaffold_7	217209	228063
EOG09262GWQ	scaffold_4	386254	422365
EOG09262HQM	scaffold_2	815285	825665
EOG09264DYD	scaffold_10	707465	718661
EOG09265CN0	scaffold_7	776874	787251
EOG09263I4U	scaffold_10	442885	453718
EOG09263L9T	scaffold_11	208913	219785
EOG09260K4V	scaffold_2	95222	107933
EOG09264COX	scaffold_9	188537	199001
EOG09264P4J	scaffold_6	94613	105233
EOG09260TVA	scaffold_2	442410	454380
EOG092600XJ	scaffold_2	888718	902749
EOG09260K4B	scaffold_2	665745	677505
EOG09263U08	scaffold_5	708276	718605
EOG09264RR2	scaffold_1	978228	988752
EOG09263CLY	scaffold_6	723734	734696
EOG09260A98	scaffold_4	93889	107689
EOG09260AEC	scaffold_2	751039	762283
EOG09262POL	scaffold_8	44957	55049
EOG09264HX6	scaffold_1	1033756	1044037
EOG092653SU	scaffold_6	449488	459763
EOG09260SR2	scaffold_13	87488	100112
EOG092635DF	scaffold_1	1087673	1098635
EOG09265IT6	scaffold_3	658426	668728
EOG09264HTG	scaffold_12	458067	468609
EOG09264L06	scaffold_10	228400	238660
EOG09260TDY	scaffold_1	894858	905277
EOG092608WI	scaffold_7	729123	740817
EOG092610ZY	scaffold_16	46040	57848
EOG09260XH5	scaffold_10	226604	237587
EOG09260XH5	scaffold_7	414155	425027
EOG09260XH5	scaffold_2	32663	43505
EOG09262KVB	scaffold_8	243442	254344
EOG09264PI4	scaffold_9	457613	468074
EOG09263VOP	scaffold_9	649222	659716
EOG09261IEH	scaffold_7	342840	353964
EOG09265AT5	scaffold_10	40070	50336
EOG09265AT5	scaffold_4	421165	431356
EOG09265B1X	scaffold_1	1155412	1165603
EOG092612XD	scaffold_1	372772	384619
EOG09261IEV	scaffold_6	520678	532069
EOG092654VM	scaffold_10	47446	57538
EOG092608WU	scaffold_7	625449	637575
EOG09260IU8	scaffold_2	39539	51047
EOG09264UKL	scaffold_2	998961	1009308
EOG09261OXD	scaffold_11	89746	101491
EOG09263POH	scaffold_9	258372	269196
EOG092657YR	scaffold_10	50572	60907
EOG09262C5Z	scaffold_7	591335	602201
EOG09262MEK	scaffold_15	29100	40176
EOG09262MEK	scaffold_4	384385	395509
EOG09262MEK	scaffold_10	554350	565432
EOG09262GXD	scaffold_2	938555	949745
EOG09262N10	scaffold_1	946024	956848
EOG092624SJ	scaffold_4	942437	953579
EOG092606AJ	scaffold_5	862246	874147
EOG09263ROQ	scaffold_9	428892	439863
EOG09265EOF	scaffold_3	899598	909870
EOG09265EOF	scaffold_4	309081	319353
EOG0926357F	scaffold_11	305435	316478
EOG092645LS	scaffold_6	641550	651963
EOG09260VHV	scaffold_2	975936	987420
EOG09261D4D	scaffold_7	334460	345983
EOG09264K2W	scaffold_1	717275	728090
EOG09262M7B	scaffold_6	625236	636405
EOG092640ET	scaffold_13	166397	177287
EOG09263BDA	scaffold_4	532827	543096
EOG09260XQV	scaffold_6	438047	449825
EOG092630N3	scaffold_2	411379	422353
EOG09260JO5	scaffold_3	858230	870878
EOG09265CCT	scaffold_11	395777	406280
EOG09262PAY	scaffold_6	687854	698780
EOG09262PAY	scaffold_2	944003	954692
EOG092600NM	scaffold_10	623751	640551
EOG0926448Q	scaffold_4	609800	620012
EOG09262WFG	scaffold_9	442417	453295
EOG092621ZV	scaffold_1	1161696	1172313
EOG09264YEG	scaffold_8	466368	476700
EOG09264YEG	scaffold_5	218432	228824
EOG09264YEG	scaffold_1	1117314	1127700
EOG09261RFF	scaffold_4	629843	640892
EOG09264KK7	scaffold_4	204097	214624
EOG092643QW	scaffold_2	799063	809314
EOG09261G4Z	scaffold_14	154657	165952
EOG09261G4Z	scaffold_12	124489	135721
EOG09264XOZ	scaffold_2	34795	45691
EOG09264JHE	scaffold_3	632742	643251
EOG09264JHE	scaffold_8	428739	457084
EOG09264JHE	scaffold_7	260184	295444
EOG09261ACJ	scaffold_5	465997	477484
EOG09262E98	scaffold_14	56002	67873
EOG092654QZ	scaffold_8	49128	59400
EOG09260E8K	scaffold_4	57755	70895
EOG09263GUT	scaffold_11	57562	68383
EOG092657H8	scaffold_4	432468	442752
EOG09263WLB	scaffold_2	564529	575077
EOG09262DKA	scaffold_9	311936	323123
EOG09265M98	scaffold_7	604906	615268
EOG0926369X	scaffold_6	647741	658559
EOG09262B1U	scaffold_7	444635	455756
EOG092648K5	scaffold_1	286968	297576
EOG092611HB	scaffold_5	73155	84366
EOG092611HB	scaffold_1	208548	219645
EOG092611HB	scaffold_14	210842	262354
EOG09262IY3	scaffold_14	204408	215097
EOG09262IY3	scaffold_8	660572	671240
EOG09264V30	scaffold_6	832335	842721
EOG09261SS1	scaffold_3	514524	525732
EOG09262LYR	scaffold_12	233764	245080
EOG09261F9G	scaffold_9	527544	538029
EOG092610QT	scaffold_6	870069	881754
EOG09264SSI	scaffold_1	1100785	1111291
EOG09264SSI	scaffold_5	224584	235090
EOG09263DFA	scaffold_3	496173	506796
EOG09260NZ8	scaffold_10	293070	304311
EOG09260S2Z	scaffold_6	771523	783787
EOG092659OC	scaffold_1	715875	726378
EOG09260BYL	scaffold_5	201901	213379
EOG09260BYL	scaffold_9	297654	309327
EOG09260BYL	scaffold_4	937639	949255
EOG09265I72	scaffold_9	476279	486434
EOG09262H50	scaffold_9	178235	188951
EOG09262KN8	scaffold_15	60931	72862
EOG092600X0	scaffold_15	156001	172168
EOG09264XTW	scaffold_4	429353	440144
EOG09264XTW	scaffold_12	332163	342942
EOG09264XTW	scaffold_1	112772	123425
EOG09263FKC	scaffold_4	446784	457134
EOG09261JVS	scaffold_4	787053	798051
EOG092652YI	scaffold_6	497545	507802
EOG09264USX	scaffold_6	600094	610471
EOG09260NC6	scaffold_4	562546	574477
EOG092657UN	scaffold_7	241667	252155
EOG0926384F	scaffold_6	167170	178282
EOG092649VA	scaffold_1	956541	967134
EOG09263M8W	scaffold_5	230627	241538
EOG09263EQZ	scaffold_8	682690	693709
EOG09261PJZ	scaffold_5	208809	219282
EOG09261PJZ	scaffold_4	330684	341097
EOG09263274	scaffold_2	783440	794369
EOG092653NM	scaffold_1	306595	316975
EOG092653NM	scaffold_4	496149	506529
EOG09261YLQ	scaffold_7	231457	242551
EOG09261YLQ	scaffold_6	52776	63414
EOG09262DUV	scaffold_2	223208	234311
EOG09260ZWU	scaffold_12	520827	532920
EOG09262UTQ	scaffold_8	408803	419360
EOG092653YS	scaffold_4	360452	370943
EOG09264C3V	scaffold_1	367432	377833
EOG09263OWL	scaffold_8	480485	491204
EOG09263PXH	scaffold_13	277962	288738
EOG09263PXH	scaffold_6	723716	734582
EOG09262TUR	scaffold_16	102660	113676
EOG09262CBI	scaffold_4	735572	746840
EOG09265FCK	scaffold_3	708438	718800
EOG09265FCK	scaffold_1	430169	440486
EOG09265FCK	scaffold_7	711577	721873
EOG092645QN	scaffold_2	464587	475309
EOG092645QN	scaffold_10	218337	228996
EOG092645QN	scaffold_7	764850	775398
EOG09261404	scaffold_1	212732	225146
EOG09262SI7	scaffold_11	59881	71275
EOG092645G0	scaffold_5	92520	103254
EOG092645G0	scaffold_10	218346	229032
EOG092645G0	scaffold_2	731077	741763
EOG092621GY	scaffold_12	179694	191220
EOG09264MZ1	scaffold_9	305393	315905
EOG09264XF3	scaffold_10	691379	702047
EOG092649QJ	scaffold_3	927017	938069
EOG092623WR	scaffold_4	681387	692574
EOG092623WR	scaffold_2	109129	120412
EOG092623WR	scaffold_5	848397	859572
EOG09265KQ4	scaffold_4	907317	917418
EOG092621GA	scaffold_1	1179252	1190754
EOG092615Y4	scaffold_10	681176	692564
EOG092615Y4	scaffold_7	370863	381765
EOG092640BS	scaffold_5	147205	158128
EOG09262Z0M	scaffold_2	877829	889163
EOG09265K4K	scaffold_4	908073	918192
EOG092604S1	scaffold_7	324686	336512
EOG092605ZA	scaffold_14	245537	256400
EOG092653KS	scaffold_8	683993	694226
EOG092653KS	scaffold_2	697688	707876
EOG092653KS	scaffold_6	767711	777899
EOG09260375	scaffold_8	419775	433113
EOG09263CUU	scaffold_9	439258	450520
EOG0926115V	scaffold_4	434070	445716
EOG09260KWP	scaffold_8	25752	37926
EOG0926115P	scaffold_4	946811	957335
EOG0926115P	scaffold_3	740932	751465
EOG0926140Q	scaffold_1	507792	519534
EOG09264DIM	scaffold_5	239032	249787
EOG0926436T	scaffold_10	17557	28243
EOG09261MG9	scaffold_2	141776	153335
EOG09261DHR	scaffold_10	341992	353503
EOG092629ZN	scaffold_6	31840	43324
EOG09262V3O	scaffold_1	823785	834558
EOG09264W1U	scaffold_10	157335	167769
EOG092645TJ	scaffold_2	409703	420218
EOG09260FL2	scaffold_6	435314	447569
EOG09260FZZ	scaffold_5	718137	731190
EOG09264XT5	scaffold_4	442812	453288
EOG09264OQ8	scaffold_6	76472	86918
EOG09260KNR	scaffold_11	463997	475772
EOG09260KNR	scaffold_5	836409	847650
EOG09260KNR	scaffold_9	373754	384749
EOG09262J7K	scaffold_6	58509	69423
EOG09262J7K	scaffold_12	45101	55724
EOG092652TN	scaffold_1	1227072	1237311
EOG092650VI	scaffold_5	727687	738052
EOG09260C2V	scaffold_16	27444	39714
EOG09261B3Q	scaffold_11	10827	22158
EOG09262OX9	scaffold_10	28531	39652
EOG09262OX9	scaffold_3	971052	982170
EOG09262OX9	scaffold_1	1263313	1274365
EOG09260W8D	scaffold_1	466052	477428
EOG09260BL6	scaffold_2	1001174	1012724
EOG0926248W	scaffold_13	330261	342615
EOG09263L52	scaffold_2	375495	386742
EOG09264Z1B	scaffold_12	116420	126722
EOG09264Z1B	scaffold_1	430163	440438
EOG09264Z1B	scaffold_2	389498	399764
EOG09262F7P	scaffold_2	833186	844241
EOG09261LV7	scaffold_3	879213	889806
EOG09261LV7	scaffold_2	324501	334944
EOG09264PD5	scaffold_6	129239	139730
EOG09260KNI	scaffold_5	726349	737296
EOG09264XOC	scaffold_2	788276	798977
EOG09261476	scaffold_4	565541	577904
EOG0926587S	scaffold_10	39171	49458
EOG09260N53	scaffold_4	21101	33200
