EOG09263OXI	scaffold_2	1649734	1660582
EOG09261W3X	scaffold_3	541057	552508
EOG09261G1Y	scaffold_1	1639470	1651575
EOG09261JCQ	scaffold_2	1067614	1078756
EOG09263A5D	scaffold_3	77757	93791
EOG09263A5D	scaffold_4	1293286	1330018
EOG09261C0G	scaffold_4	1218232	1230307
EOG09260S5R	scaffold_1	1761021	1772277
EOG09262I5I	scaffold_1	899546	911150
EOG09265SHL	scaffold_2	1760848	1771051
EOG09262OJ4	scaffold_1	930060	941403
EOG09262ZZ8	scaffold_4	919865	930311
EOG09261TPN	scaffold_3	1617745	1629097
EOG09262V9N	scaffold_4	1626838	1637518
EOG09265BJ3	scaffold_3	549501	559956
EOG092644X6	scaffold_4	1021848	1032408
EOG092644X6	scaffold_1	1700673	1711137
EOG09265A08	scaffold_1	1679554	1689955
EOG09261OLD	scaffold_3	1860703	1872136
EOG09260Y2Q	scaffold_3	876679	887530
EOG09262MJW	scaffold_3	1293216	1304414
EOG09264PK5	scaffold_1	1242274	1252759
EOG09260289	scaffold_2	1828039	1840708
EOG0926300R	scaffold_1	2275062	2285982
EOG09263Z8I	scaffold_3	339032	349598
EOG09265BTC	scaffold_3	2083228	2093506
EOG09265BTC	scaffold_1	2709539	2719817
EOG092620V3	scaffold_2	2149640	2160341
EOG092614E6	scaffold_3	1775545	1835311
EOG092614E6	scaffold_4	78807	90483
EOG09260JED	scaffold_3	1743548	1756178
EOG09264CA0	scaffold_1	2605979	2616398
EOG092619L1	scaffold_1	2603945	2615630
EOG09264F60	scaffold_4	832745	843182
EOG09261ZXZ	scaffold_1	2741041	2752375
EOG092629WJ	scaffold_3	1301907	1313352
EOG0926419M	scaffold_1	1199401	1210132
EOG09264LC7	scaffold_1	219666	230118
EOG09263UCR	scaffold_1	1291432	1302181
EOG09263YBT	scaffold_1	2012844	2023677
EOG09264FYY	scaffold_3	1369171	1379575
EOG09264FYY	scaffold_2	96368	106685
EOG09260274	scaffold_1	2634743	2649269
EOG09264L0C	scaffold_2	1239315	1249920
EOG09260GR8	scaffold_4	563876	575387
EOG092616QN	scaffold_3	1475338	1487380
EOG092634M1	scaffold_2	526612	537433
EOG092648Q0	scaffold_2	2274565	2285164
EOG09263Q7N	scaffold_3	741365	752135
EOG092624X0	scaffold_2	361577	373052
EOG09263CG4	scaffold_1	1179168	1189968
EOG09261VUC	scaffold_1	1180520	1191608
EOG09260EPQ	scaffold_1	2592208	2604430
EOG09260EPS	scaffold_3	1914630	1925715
EOG09264Z3D	scaffold_4	790403	800708
EOG09264Z3D	scaffold_2	1255734	1265985
EOG092618J9	scaffold_1	295653	306372
EOG09261Q18	scaffold_4	195526	207010
EOG09262D4G	scaffold_3	1422450	1432866
EOG09263KRO	scaffold_1	359678	370544
EOG09263AZP	scaffold_2	1919371	1930264
EOG092641K1	scaffold_3	1370833	1381336
EOG092641K1	scaffold_1	2142118	2152585
EOG09265I60	scaffold_4	396895	407242
EOG09264FOM	scaffold_2	1189208	1199756
EOG09264FOM	scaffold_3	1303522	1313986
EOG09262QRH	scaffold_2	2224717	2235466
EOG09261UOJ	scaffold_3	122293	133490
EOG092658WY	scaffold_4	1726648	1737049
EOG09263JFQ	scaffold_2	1379044	1389544
EOG09263KVG	scaffold_1	115522	126370
EOG092658WS	scaffold_1	1558096	1568272
EOG09264G1F	scaffold_2	2333910	2344503
EOG09263FR7	scaffold_4	1476555	1486931
EOG0926577T	scaffold_4	1172090	1182278
EOG09264S4C	scaffold_1	2469461	2479961
EOG092631UM	scaffold_4	802262	813233
EOG09263483	scaffold_1	1495306	1506109
EOG09264KO7	scaffold_4	1600222	1611031
EOG092619EA	scaffold_1	1514281	1525928
EOG092655IF	scaffold_3	1042227	1052592
EOG09261V9P	scaffold_4	647689	658942
EOG092656CM	scaffold_1	1706684	1717022
EOG09260XL0	scaffold_1	1019613	1031352
EOG09260T28	scaffold_1	2315255	2327708
EOG092630MJ	scaffold_2	1051231	1061815
EOG092647L7	scaffold_1	217390	228019
EOG09260SJV	scaffold_1	531456	544191
EOG092648U2	scaffold_4	96012	106494
EOG0926112A	scaffold_3	661673	673205
EOG09262TO9	scaffold_2	561454	572701
EOG09264THP	scaffold_4	1101644	1112420
EOG09260MRU	scaffold_3	482741	494615
EOG09263BE5	scaffold_2	907266	917964
EOG09262XMN	scaffold_3	1555397	1566215
EOG09262JZK	scaffold_3	1852639	1863607
EOG092602FH	scaffold_2	1316540	1330505
EOG09260931	scaffold_1	1527210	1539789
EOG09263HE6	scaffold_4	1325330	1335845
EOG09264YNR	scaffold_2	790831	833457
EOG09264YNR	scaffold_4	434978	452862
EOG09264YNR	scaffold_3	283067	311388
EOG09263KDI	scaffold_3	1021508	1032617
EOG09263MR4	scaffold_1	1332543	1342977
EOG09264DMU	scaffold_2	1712291	1722437
EOG09262GVX	scaffold_3	1649681	1660856
EOG09263FGN	scaffold_2	1321697	1332584
EOG09261PNZ	scaffold_2	713701	724942
EOG09260N2T	scaffold_3	1243701	1255566
EOG092602OP	scaffold_3	84563	99414
EOG09265AL8	scaffold_2	287090	297686
EOG09261727	scaffold_2	2063580	2075668
EOG092653KS	scaffold_3	2157917	2168150
EOG092653KS	scaffold_4	703147	713335
EOG092655M5	scaffold_3	527226	537549
EOG09262HKC	scaffold_3	1427077	1437910
EOG092628HC	scaffold_2	1862153	1872839
EOG09263OQH	scaffold_1	2431202	2442281
EOG09265FI4	scaffold_4	1295697	1306029
EOG09262KXK	scaffold_1	2062760	2124947
EOG09262KXK	scaffold_2	1179881	1214410
EOG09262KXK	scaffold_4	1531036	1541923
EOG09260C5W	scaffold_2	2318857	2331238
EOG092643S6	scaffold_4	1500764	1511117
EOG09264J8E	scaffold_1	171867	182106
EOG09261O7R	scaffold_4	1131379	1141777
EOG09264CND	scaffold_3	1400607	1411194
EOG09264YIJ	scaffold_2	1334186	1344533
EOG09260FPA	scaffold_4	758116	770836
EOG09260TWS	scaffold_4	1535798	1547771
EOG09262MXH	scaffold_4	1484241	1495242
EOG09262YQG	scaffold_4	1580761	1591609
EOG09261IBJ	scaffold_3	1174985	1186555
EOG092654O3	scaffold_1	2064862	2075035
EOG09261RWU	scaffold_3	1437464	1448231
EOG09260GIX	scaffold_4	1340344	1352152
EOG09263B7X	scaffold_1	1767563	1778345
EOG09262SMG	scaffold_2	600174	611466
EOG09264V51	scaffold_2	2332523	2342969
EOG09261RWJ	scaffold_3	873618	885246
EOG092624JL	scaffold_3	2136933	2148054
EOG09262G8Y	scaffold_2	65827	76828
EOG092628FW	scaffold_1	1845455	1856336
EOG092628FW	scaffold_4	359898	372184
EOG092624RX	scaffold_2	2349138	2360259
EOG092640IZ	scaffold_4	695931	706710
EOG09262W7C	scaffold_1	504693	515661
EOG092635ST	scaffold_1	2471905	2482066
EOG092635ST	scaffold_4	67363	77485
EOG092635ST	scaffold_2	1414118	1424237
EOG09263HED	scaffold_1	2171467	2187446
EOG09263HED	scaffold_3	830888	852630
EOG09263HED	scaffold_2	767059	777961
EOG09261EAB	scaffold_4	41551	52861
EOG09261EAB	scaffold_1	658411	669751
EOG09261EAB	scaffold_2	2355604	2366713
EOG09261KZ6	scaffold_4	584980	595930
EOG09264B74	scaffold_1	2731813	2742181
EOG09264X9R	scaffold_1	469131	479670
EOG092627XA	scaffold_1	1717173	1728432
EOG09261127	scaffold_2	174002	185498
EOG09261127	scaffold_3	1383182	1393976
EOG0926510L	scaffold_1	602813	613181
EOG09265BBJ	scaffold_2	646322	656627
EOG09262VPD	scaffold_2	1757939	1768940
EOG09261K9J	scaffold_1	1740041	1751180
EOG09262FE3	scaffold_1	1075426	1085830
EOG09262PPU	scaffold_2	207014	218444
EOG09261Y04	scaffold_3	79190	90395
EOG092621YU	scaffold_1	666290	677819
EOG09261LEU	scaffold_2	761677	773149
EOG09264RJ7	scaffold_4	525599	535874
EOG09264RJ7	scaffold_1	888163	898408
EOG09264RJ7	scaffold_2	1775819	1786064
EOG09263QH4	scaffold_3	1935586	1946281
EOG092644K0	scaffold_1	668187	678585
EOG09264IOS	scaffold_4	40678	51004
EOG09264RQY	scaffold_1	660581	671072
EOG09260Z5E	scaffold_2	255219	267643
EOG092643Y5	scaffold_3	901062	911682
EOG09263RW3	scaffold_1	399409	410215
EOG0926009O	scaffold_1	252552	265599
EOG09263ZBF	scaffold_2	2137494	2148276
EOG09261PUF	scaffold_3	772407	783747
EOG09261PUF	scaffold_1	2747578	2758897
EOG09261MMR	scaffold_1	2602209	2613471
EOG09261XAF	scaffold_3	746293	757381
EOG09261I0F	scaffold_3	2159612	2170826
EOG092652NQ	scaffold_3	747810	758289
EOG09265M8S	scaffold_1	64680	74979
EOG09261CQG	scaffold_1	1275634	1291441
EOG092603SM	scaffold_1	681264	692319
EOG0926079Q	scaffold_3	520735	533706
EOG092606O3	scaffold_2	730852	742804
EOG09265KF9	scaffold_2	2337694	2347984
EOG09262CA4	scaffold_2	704562	715662
EOG09263LP3	scaffold_1	1829762	1840703
EOG092652ZZ	scaffold_2	1789879	1800298
EOG09262SWJ	scaffold_1	2581815	2592450
EOG09262IZO	scaffold_3	576953	588206
EOG09261AMX	scaffold_3	1428502	1439839
EOG09261AMX	scaffold_1	2062748	2124815
EOG09261Q5L	scaffold_2	1000858	1012132
EOG092611G7	scaffold_1	2337952	2350027
EOG09260TLW	scaffold_1	1980672	1992624
EOG092605KN	scaffold_1	781180	794008
EOG09261225	scaffold_1	1137789	1149423
EOG09264F1U	scaffold_2	1305670	1316593
EOG092606AD	scaffold_4	1654662	1665225
EOG09265BE5	scaffold_1	1485640	1495981
EOG09262FW1	scaffold_1	2009503	2020510
EOG09261ZJR	scaffold_4	259390	271219
EOG09261ZJR	scaffold_1	835033	846064
EOG09263EVJ	scaffold_3	455815	466483
EOG09265CFP	scaffold_2	1906308	1916616
EOG09263CAC	scaffold_1	1205566	1216540
EOG09263760	scaffold_1	1000260	1010808
EOG09263UAJ	scaffold_1	487910	498698
EOG09265B95	scaffold_2	1087475	1097936
EOG092603EH	scaffold_1	547753	561643
EOG09260ETR	scaffold_2	1708925	1721864
EOG09261QXC	scaffold_2	1460324	1471823
EOG09264SET	scaffold_3	261154	271714
EOG09264GMT	scaffold_3	2131987	2142679
EOG09261V2P	scaffold_2	1571897	1582706
EOG09260RVQ	scaffold_2	1719804	1731171
EOG09261JUE	scaffold_1	1588389	1599840
EOG09260PI1	scaffold_2	1252460	1263875
EOG092636T6	scaffold_1	1522794	1534052
EOG092636T6	scaffold_3	870808	886610
EOG092636T6	scaffold_4	156590	167462
EOG09264UD3	scaffold_2	1049547	1059942
EOG09264UD3	scaffold_3	1346225	1357634
EOG09263MIB	scaffold_1	2128219	2139049
EOG092600T9	scaffold_3	1960315	1976485
EOG09261S0S	scaffold_1	2309397	2319951
EOG09261KHB	scaffold_3	2231244	2242641
EOG09261KHB	scaffold_2	2073035	2084093
EOG0926489S	scaffold_4	850557	861390
EOG09263U71	scaffold_2	2203747	2214603
EOG092612MY	scaffold_1	2104553	2117273
EOG09262PIH	scaffold_3	1975656	1986768
EOG09264KDO	scaffold_1	922252	932812
EOG092643JW	scaffold_2	708911	719213
EOG09261TEQ	scaffold_2	949661	961367
EOG09263WM5	scaffold_1	2034827	2046359
EOG09265HP0	scaffold_3	1858539	1868925
EOG09265HP0	scaffold_1	261522	271836
EOG09261QYO	scaffold_3	815201	827087
EOG09261QYO	scaffold_1	514185	525069
EOG09260RGH	scaffold_2	531140	543151
EOG09265G9U	scaffold_1	1163480	1173770
EOG092629WA	scaffold_1	1516623	1528044
EOG09264R0D	scaffold_4	1185960	1196832
EOG09264MN3	scaffold_4	1371947	1382354
EOG09261T98	scaffold_2	1871164	1882549
EOG09262CDO	scaffold_4	1381788	1393026
EOG092646WF	scaffold_4	1335678	1346280
EOG09261JR0	scaffold_1	555719	566750
EOG09261NW2	scaffold_1	1888303	1900213
EOG09263GIG	scaffold_3	1625801	1637153
EOG092643VB	scaffold_3	1376689	1387363
EOG09261EM7	scaffold_3	2155320	2166681
EOG09261EM7	scaffold_1	1108462	1119376
EOG09261EM7	scaffold_4	463165	512600
EOG092602BZ	scaffold_1	2407586	2422310
EOG092639H5	scaffold_1	1437720	1448889
EOG09263C4C	scaffold_2	2136472	2146999
EOG092624UF	scaffold_2	2335033	2346415
EOG09262WXK	scaffold_2	2086500	2097450
EOG09264C3N	scaffold_3	2216883	2227443
EOG09260H6E	scaffold_1	693544	705281
EOG09261KRX	scaffold_2	1979401	1990111
EOG09261MOX	scaffold_1	2470300	2481067
EOG09261T74	scaffold_2	2072885	2084228
EOG09261T74	scaffold_3	2231367	2242419
EOG09261T74	scaffold_1	1137888	1148910
EOG092626HU	scaffold_2	935904	947310
EOG09261XGL	scaffold_1	2263519	2274856
EOG09260Z3X	scaffold_3	1392858	1404390
EOG09260Z3X	scaffold_2	1354793	1365956
EOG092656RK	scaffold_1	1615090	1625539
EOG09265FTN	scaffold_3	123708	134043
EOG09264HU0	scaffold_2	118730	129641
EOG09264ABT	scaffold_4	699294	709824
EOG09261J0P	scaffold_4	305836	317416
EOG09261J0P	scaffold_2	136149	147567
EOG09264BWL	scaffold_2	811370	821666
EOG092615SM	scaffold_1	2318538	2330814
EOG09263IMF	scaffold_4	1571950	1582462
EOG09265PQX	scaffold_1	1178172	1188360
EOG092608ZS	scaffold_2	1952220	1963464
EOG09260BZ0	scaffold_4	1673812	1686055
EOG09262P1W	scaffold_1	1121918	1133204
EOG09264398	scaffold_3	1854901	1865635
EOG092620E4	scaffold_1	371945	383327
EOG09260KM4	scaffold_1	1413999	1425216
EOG09263WZ2	scaffold_3	1306258	1317172
EOG092624KK	scaffold_3	333151	344290
EOG09264O9F	scaffold_3	1020769	1031263
EOG09261IFQ	scaffold_1	919996	931840
EOG09260EAZ	scaffold_3	1986868	1998955
EOG09260M87	scaffold_1	2322508	2334562
EOG09263A3Y	scaffold_1	820504	832036
EOG09265L8N	scaffold_3	742315	752563
EOG09265L8N	scaffold_4	1093064	1103249
EOG09264UJF	scaffold_1	2776878	2787267
EOG09264BIX	scaffold_1	245724	256266
EOG0926131E	scaffold_1	2180892	2191779
EOG09260CMZ	scaffold_1	1239465	1252065
EOG09262I0R	scaffold_3	1195905	1206930
EOG0926386D	scaffold_2	1929066	1939974
EOG09261OIA	scaffold_2	455551	467422
EOG09261OIF	scaffold_1	232297	243658
EOG09264DY4	scaffold_3	1344391	1354687
EOG092652KR	scaffold_2	2110348	2120770
EOG092618M2	scaffold_4	1722234	1732755
EOG092618M2	scaffold_2	400066	410560
EOG09260QNB	scaffold_2	2245990	2258033
EOG092617RY	scaffold_3	641300	652688
EOG09264903	scaffold_1	2501304	2511936
EOG09264904	scaffold_3	311479	322102
EOG09265BWR	scaffold_3	2224064	2234423
EOG09263LNF	scaffold_2	370980	382071
EOG09263SFX	scaffold_3	1089251	1099997
EOG092656IY	scaffold_4	1627886	1638140
EOG09264ZQC	scaffold_1	2139047	2149409
EOG092629RT	scaffold_2	613661	625268
EOG09262M2J	scaffold_4	779406	790338
EOG09261EMF	scaffold_2	1854894	1865991
EOG092613UB	scaffold_1	2755508	2766743
EOG092613UB	scaffold_3	1219311	1230312
EOG09262K67	scaffold_4	833601	844092
EOG09263817	scaffold_1	1390942	1401259
EOG092617RN	scaffold_3	1387553	1399364
EOG092617RN	scaffold_2	259574	271301
EOG092617RN	scaffold_4	1076356	1088056
EOG09262IZ6	scaffold_3	1478104	1489078
EOG09260VCG	scaffold_4	979656	990147
EOG09263F11	scaffold_1	2579516	2589770
EOG09260DFJ	scaffold_3	1027151	1039508
EOG09262Z14	scaffold_1	2506923	2518086
EOG09262Z14	scaffold_3	1495314	1506153
EOG09260DFH	scaffold_4	1066954	1079965
EOG09264NC7	scaffold_1	1846625	1857014
EOG092621F2	scaffold_3	1619484	1630935
EOG09263HK2	scaffold_2	104866	132258
EOG092602UY	scaffold_1	1951508	1966259
EOG09264S40	scaffold_2	265973	276320
EOG09262CMP	scaffold_3	444152	455051
EOG09263XVS	scaffold_1	599024	609362
EOG09262O0R	scaffold_2	1578436	1588855
EOG09260B65	scaffold_2	1152182	1164779
EOG09262IP2	scaffold_1	1165397	1176386
EOG092600SK	scaffold_4	838632	853209
EOG09264RJL	scaffold_3	1377655	1387915
EOG09264RBX	scaffold_3	893700	904323
EOG092619MJ	scaffold_4	503523	515325
EOG09260LVD	scaffold_2	909396	919644
EOG092614DJ	scaffold_3	418440	429873
EOG0926400M	scaffold_2	748463	759158
EOG092600SD	scaffold_2	1816772	1832018
EOG09260OZU	scaffold_2	1395493	1407472
EOG09263NE7	scaffold_1	1106808	1117695
EOG09262387	scaffold_1	758132	769382
EOG092628LW	scaffold_2	619859	630263
EOG0926477X	scaffold_3	445324	456043
EOG0926051U	scaffold_2	2291194	2306410
EOG09260THV	scaffold_1	726330	737205
EOG09264G1I	scaffold_1	121487	132218
EOG09264CP8	scaffold_2	1312676	1323284
EOG0926213Z	scaffold_4	242490	255024
EOG092638RC	scaffold_2	1959300	1970328
EOG09260A6Q	scaffold_2	637775	649800
EOG09262VVF	scaffold_3	575656	586219
EOG092653O3	scaffold_4	1098545	1109051
EOG09263690	scaffold_3	204162	214437
EOG092610TN	scaffold_3	546153	557907
EOG0926213Q	scaffold_3	1829015	1839932
EOG09264P3R	scaffold_2	35428	46051
EOG09264P3R	scaffold_3	80709	91380
EOG09261W2O	scaffold_2	1844706	1856051
EOG09264U81	scaffold_2	959758	970243
EOG09261IOS	scaffold_2	953988	965580
EOG09261IOS	scaffold_3	248158	307128
EOG09262WSH	scaffold_3	573424	584380
EOG09260V8Q	scaffold_1	2492167	2503444
EOG09263YFX	scaffold_2	1998580	2009464
EOG09264D7Y	scaffold_1	455284	465961
EOG0926315C	scaffold_4	1413273	1424331
EOG0926146A	scaffold_3	286520	298505
EOG09265040	scaffold_1	1963136	1973258
EOG09265BAK	scaffold_2	771837	782040
EOG092604KQ	scaffold_1	338932	353086
EOG09264HHW	scaffold_1	2364306	2374815
EOG09264HHW	scaffold_3	460392	470886
EOG09264HHW	scaffold_4	434945	452841
EOG09262UB3	scaffold_1	2166022	2177080
EOG09263X22	scaffold_2	1210072	1220896
EOG09261S7X	scaffold_2	120132	131136
EOG09261V87	scaffold_2	912185	923471
EOG092608C4	scaffold_1	2419882	2433586
EOG09263CGP	scaffold_3	1765398	1776189
EOG09261UWT	scaffold_2	1384565	1395371
EOG092608T8	scaffold_2	764219	776561
EOG09262A6N	scaffold_4	594734	605699
EOG09262A6N	scaffold_3	870736	886508
EOG09262A6N	scaffold_2	498810	509517
EOG0926484N	scaffold_1	1466732	1477259
EOG09265KPR	scaffold_1	2634026	2644271
EOG09260T4S	scaffold_1	2705267	2716406
EOG09260T4S	scaffold_2	995234	1006145
EOG092653LT	scaffold_4	1686281	1696481
EOG09260KDB	scaffold_2	2233275	2246022
EOG092600S9	scaffold_1	1367444	1384367
EOG09260JT9	scaffold_1	2065822	2077840
EOG09260JT9	scaffold_2	1743056	1754927
EOG09260JT9	scaffold_4	1668949	1680439
EOG09264OYZ	scaffold_3	1991489	2001923
EOG09264WF4	scaffold_3	1085405	1096010
EOG09260VTA	scaffold_3	284030	295796
EOG09260VTN	scaffold_1	1647622	1658545
EOG09260VTN	scaffold_4	1728093	1739700
EOG09260VTN	scaffold_3	2005631	2016311
EOG09261ZI1	scaffold_4	649557	660510
EOG09264PE5	scaffold_3	883532	894119
EOG09261W90	scaffold_2	2296937	2307992
EOG092648XW	scaffold_3	657374	668012
EOG09263CAH	scaffold_3	165254	176102
EOG09265E6R	scaffold_2	2181240	2191698
EOG09261XNJ	scaffold_3	1083186	1094736
EOG09261XNJ	scaffold_2	1020637	1032121
EOG09261XNJ	scaffold_4	236690	248126
EOG09260FMW	scaffold_1	534974	547673
EOG09263ULA	scaffold_2	2058824	2069921
EOG09262PMC	scaffold_3	348204	361542
EOG09263E49	scaffold_2	1765896	1777044
EOG09263E49	scaffold_1	324446	335282
EOG09263E49	scaffold_3	909140	920097
EOG09260NXJ	scaffold_4	1614285	1626996
EOG09260XSR	scaffold_3	1768599	1779231
EOG09264PMA	scaffold_4	498367	508801
EOG092606WZ	scaffold_1	2333709	2347371
EOG09264GQZ	scaffold_3	1885871	1896554
EOG09260NXC	scaffold_3	2186925	2198712
EOG09262X8R	scaffold_4	61824	72711
EOG09261ICI	scaffold_1	442080	453327
EOG092631MU	scaffold_2	459195	470229
EOG09264VC6	scaffold_4	1637767	1648084
EOG092652Y6	scaffold_2	1392767	1403114
EOG0926420U	scaffold_1	2162510	2172893
EOG092631ML	scaffold_1	969781	980572
EOG09262M0W	scaffold_4	524449	535258
EOG09260EE7	scaffold_2	1127185	1139953
EOG09263QUM	scaffold_2	831804	842382
EOG092605QM	scaffold_2	334538	348854
EOG09263QB7	scaffold_2	1740459	1751274
EOG09262739	scaffold_3	1013940	1025232
EOG09262VQQ	scaffold_1	2613929	2624930
EOG09262VQQ	scaffold_3	815351	826061
EOG0926073O	scaffold_3	630187	643662
EOG09263CUQ	scaffold_1	1885283	1895597
EOG092640PR	scaffold_1	814430	824804
EOG09263LR1	scaffold_1	627546	638373
EOG09263LR1	scaffold_4	1518345	1528992
EOG09260PJ9	scaffold_4	51014	62409
EOG09263QPR	scaffold_3	407988	418896
EOG0926092K	scaffold_4	1352505	1365498
EOG0926092K	scaffold_3	1431656	1444010
EOG0926092K	scaffold_2	218035	230377
EOG09265FGA	scaffold_1	248346	258804
EOG09265FGA	scaffold_3	242550	252960
EOG09263720	scaffold_2	1149000	1159884
EOG0926310O	scaffold_4	736618	747352
EOG0926310O	scaffold_2	2256744	2267289
EOG0926310O	scaffold_3	685354	695875
EOG092625AX	scaffold_4	1736245	1746574
EOG0926423H	scaffold_2	282915	293971
EOG09264ZWF	scaffold_3	2173744	2184205
EOG09260YMF	scaffold_4	463042	512594
EOG09260YMF	scaffold_1	655263	666600
EOG09260YMF	scaffold_3	1402080	1413099
EOG09264VZ7	scaffold_1	2224971	2235384
EOG09262JRP	scaffold_3	2141558	2152892
EOG09260WCZ	scaffold_1	1148472	1160601
EOG092605OK	scaffold_2	1655546	1670450
EOG092605OK	scaffold_3	1074725	1089044
EOG09262N3C	scaffold_1	1349845	1360891
EOG09262TEV	scaffold_3	352329	362871
EOG09260XMI	scaffold_4	425624	437435
EOG092633QB	scaffold_3	614734	625468
EOG09264BOA	scaffold_3	1086158	1096670
EOG09263S1E	scaffold_2	2271056	2281685
EOG092607OQ	scaffold_3	1910889	1924392
EOG09265D7J	scaffold_1	734827	745123
EOG09264MGU	scaffold_1	1119621	1129749
EOG09261ZFN	scaffold_1	286329	297606
EOG09261ZFN	scaffold_2	800685	811356
EOG092634G9	scaffold_2	2215047	2225466
EOG092654RM	scaffold_2	666505	676792
EOG09263MGE	scaffold_2	1064622	1075431
EOG09263EBB	scaffold_3	1909769	1920665
EOG09264X41	scaffold_2	2062250	2072702
EOG09264R4M	scaffold_3	2093937	2104521
EOG092631QQ	scaffold_3	218065	228898
EOG09263HD8	scaffold_1	2688693	2699499
EOG09262KUJ	scaffold_4	156545	167459
EOG09262KUJ	scaffold_2	1261463	1272461
EOG09262KUJ	scaffold_3	870820	886580
EOG092612CC	scaffold_4	1297127	1307897
EOG09264T3S	scaffold_1	2432476	2442868
EOG092609O9	scaffold_1	1226604	1240863
EOG09264ENO	scaffold_4	452853	463284
EOG09263TQ5	scaffold_1	2257693	2268496
EOG0926074Y	scaffold_1	1111652	1164328
EOG09263L00	scaffold_1	1831371	1841841
EOG09263L00	scaffold_4	1681701	1692015
EOG092605VL	scaffold_1	1043837	1056215
EOG09262E4Q	scaffold_1	567976	579383
EOG09262E4Q	scaffold_3	1121955	1133112
EOG09262E4Q	scaffold_2	701073	712137
EOG09265DVA	scaffold_3	1463006	1473419
EOG09262E4T	scaffold_4	1255547	1266371
EOG09262YP5	scaffold_1	1966939	1977760
EOG09264UVA	scaffold_1	2052177	2062701
EOG09262914	scaffold_2	2114777	2125877
EOG09262914	scaffold_4	267658	278695
EOG092621S9	scaffold_1	1274057	1285418
EOG092605VU	scaffold_1	853415	864728
EOG09262528	scaffold_3	355380	366609
EOG09262HA6	scaffold_3	620653	631714
EOG092613QA	scaffold_2	720524	731342
EOG09262OLP	scaffold_2	681033	691797
EOG0926505R	scaffold_1	1052425	1062760
EOG0926505R	scaffold_4	773723	783953
EOG0926347W	scaffold_2	147025	158083
EOG09262H34	scaffold_4	308139	319437
EOG09260DBG	scaffold_1	2749180	2761975
EOG09260JPV	scaffold_1	111970	123376
EOG09260JPV	scaffold_2	260144	271310
EOG09260JPV	scaffold_3	458146	469276
EOG092644O2	scaffold_1	188490	199143
EOG09261B18	scaffold_4	163267	175369
EOG09261VI3	scaffold_4	189534	201030
EOG09264XVU	scaffold_2	333334	344005
EOG09262Z2S	scaffold_2	1440456	1451229
EOG09262Q6S	scaffold_1	2692842	2703738
EOG09262Q6S	scaffold_4	359646	372184
EOG09260H81	scaffold_2	2367201	2377758
EOG09260K29	scaffold_3	2119173	2130315
EOG09260NAN	scaffold_2	1531236	1541928
EOG09261B14	scaffold_1	1926539	1937510
EOG09261B14	scaffold_2	1700112	1710708
EOG09264B3O	scaffold_1	2355679	2366653
EOG0926522L	scaffold_3	1587801	1598145
EOG09260V5Q	scaffold_4	899779	912217
EOG09261N64	scaffold_2	573874	585328
EOG092603JK	scaffold_1	2398510	2409772
EOG09265K5D	scaffold_1	1833573	1843668
EOG09262LI4	scaffold_4	1402295	1412996
EOG09261FM4	scaffold_2	2322268	2334040
EOG092644DY	scaffold_1	788609	798716
EOG09265ER6	scaffold_1	1623515	1633799
EOG09263XZN	scaffold_1	2450824	2461606
EOG09261I8J	scaffold_1	2032756	2043712
EOG09261I8J	scaffold_4	45902	56792
EOG09261I8J	scaffold_3	1136178	1148424
EOG09260NJW	scaffold_2	1234951	1247257
EOG09260RNZ	scaffold_1	1654990	1666978
EOG092612LP	scaffold_1	1876961	1888895
EOG09261031	scaffold_2	1803094	1814272
EOG09261QR5	scaffold_1	2434682	2446385
EOG092607ZS	scaffold_2	168818	181937
EOG09260FX0	scaffold_4	1558701	1572060
EOG092601YK	scaffold_4	226897	243361
EOG09265MAN	scaffold_2	663240	673557
EOG09263RVR	scaffold_3	1919814	1930689
EOG09260LRX	scaffold_2	1176048	1188186
EOG0926025H	scaffold_1	1920371	1930589
EOG092646PE	scaffold_1	822232	832762
EOG09263J3H	scaffold_1	1450366	1461196
EOG092603KJ	scaffold_3	1334860	1347490
EOG09260HMA	scaffold_4	526669	539263
EOG09263MNN	scaffold_4	785661	797103
EOG092620IA	scaffold_4	995115	1007529
EOG09261OXV	scaffold_3	1794573	1807626
EOG0926347K	scaffold_2	2204745	2215701
EOG09260A27	scaffold_1	1060538	1072127
EOG09265A4E	scaffold_2	307110	317415
EOG092608GK	scaffold_3	587019	597975
EOG092608GK	scaffold_2	1150752	1161630
EOG0926142H	scaffold_2	2269270	2281003
EOG09263C1V	scaffold_3	2135343	2146527
EOG09261DJC	scaffold_2	1185381	1195983
EOG09260KGS	scaffold_1	686726	698561
EOG09261DW8	scaffold_3	1926360	1978857
EOG09264ZDJ	scaffold_3	801466	811765
EOG09261B6Y	scaffold_2	502160	513557
EOG09260KIY	scaffold_3	1120274	1131827
EOG09260KIY	scaffold_2	1261463	1272962
EOG09263KEE	scaffold_3	1459370	1469564
EOG09263ZBJ	scaffold_1	2717533	2727922
EOG0926229Z	scaffold_1	569558	580775
EOG0926229Z	scaffold_3	463021	473995
EOG0926229Z	scaffold_2	1022535	1033470
EOG0926142Y	scaffold_4	1060906	1072837
EOG0926142Y	scaffold_2	261817	273703
EOG09263ZSC	scaffold_3	138109	148627
EOG09264ZDZ	scaffold_1	1392014	1402271
EOG09261O4Y	scaffold_1	1838554	1849924
EOG09262CXO	scaffold_2	1583220	1594080
EOG09262CXO	scaffold_1	1898607	1909743
EOG09262CXO	scaffold_3	870949	886481
EOG092634MM	scaffold_2	985527	996309
EOG09264YHS	scaffold_3	2121264	2131818
EOG092600W1	scaffold_1	149182	164836
EOG0926071Q	scaffold_1	1025305	1038445
EOG092603D0	scaffold_1	1682324	1696439
EOG09263CG2	scaffold_2	308310	318663
EOG09261QR8	scaffold_4	475947	487530
EOG09264LJU	scaffold_3	1713586	1724140
EOG092641UM	scaffold_4	423150	434739
EOG09260SIZ	scaffold_2	716978	729099
EOG09264P74	scaffold_1	147759	158478
EOG0926235L	scaffold_1	668775	680382
EOG09263NXM	scaffold_2	723841	735256
EOG09264DT4	scaffold_3	1802717	1813850
EOG09265JX6	scaffold_3	385759	396073
EOG09263WSS	scaffold_1	1617183	1627710
EOG09260075	scaffold_1	960325	979540
EOG09260RRC	scaffold_1	560163	571909
EOG09263WWI	scaffold_4	562018	572819
EOG092631IR	scaffold_4	171444	182451
EOG092631IR	scaffold_1	2306394	2317263
EOG092631IR	scaffold_2	460785	471588
EOG09262XGK	scaffold_1	1379100	1390164
EOG09265552	scaffold_2	1568949	1579173
EOG09261UMG	scaffold_2	1233021	1244079
EOG09261UMG	scaffold_1	409026	419802
EOG092643NE	scaffold_4	545446	555775
EOG09261ONU	scaffold_4	561096	571689
EOG09262X31	scaffold_1	923325	934206
EOG09262ESR	scaffold_3	1024908	1036056
EOG09260RRN	scaffold_4	863641	876331
EOG09265E8A	scaffold_1	2148661	2158822
EOG092603YJ	scaffold_3	133010	147821
EOG09265LEG	scaffold_1	2678360	2688641
EOG09262CUO	scaffold_3	1836823	1847680
EOG0926307V	scaffold_3	529332	540414
EOG092608L0	scaffold_4	1197535	1210954
EOG092608L0	scaffold_1	2681634	2693799
EOG092608L0	scaffold_3	1584808	1596985
EOG092601KZ	scaffold_4	782214	795156
EOG09262U7S	scaffold_4	1676430	1687119
EOG09261CWO	scaffold_4	117065	127508
EOG09262V8E	scaffold_4	917985	929484
EOG092645OU	scaffold_2	2099437	2110282
EOG092645OU	scaffold_1	889258	961372
EOG092645OU	scaffold_3	1926363	1937301
EOG09262GNE	scaffold_1	2055242	2066318
EOG09262L1P	scaffold_2	281230	292621
EOG09260WG2	scaffold_2	2327293	2339557
EOG092638XA	scaffold_2	2099428	2110333
EOG092638XA	scaffold_3	1120934	1131776
EOG092638XA	scaffold_1	1111517	1122536
EOG09260WUS	scaffold_1	2020905	2033160
EOG0926077L	scaffold_2	221085	232458
EOG0926407T	scaffold_3	745394	756062
EOG092614UB	scaffold_1	2075209	2086549
EOG092614UB	scaffold_4	156605	167204
EOG09265313	scaffold_4	1176399	1186743
EOG092641G3	scaffold_2	1331668	1342114
EOG092644WX	scaffold_3	1326574	1337281
EOG092644WX	scaffold_2	536922	547410
EOG092644WX	scaffold_4	986055	996537
EOG09260492	scaffold_4	608421	622086
EOG09265OQH	scaffold_1	2158764	2168988
EOG09261L4M	scaffold_4	1364800	1376155
EOG09260WUA	scaffold_2	356854	368038
EOG0926499W	scaffold_3	397919	409148
EOG092608RH	scaffold_1	2380493	2393435
EOG09261T6U	scaffold_4	1018591	1030326
EOG09264OBA	scaffold_1	1992053	2002601
EOG09260ZG2	scaffold_4	489168	500820
EOG092617S2	scaffold_1	951576	963207
EOG092617S2	scaffold_3	1251217	1262482
EOG092617S2	scaffold_2	1096992	1108506
EOG092618UZ	scaffold_4	635349	645789
EOG09264U78	scaffold_1	2572546	2582860
EOG09260AQB	scaffold_3	1997961	2010624
EOG0926049A	scaffold_3	1806263	1820063
EOG0926049A	scaffold_1	212892	226695
EOG09263OAE	scaffold_2	1303341	1314240
EOG09263OAE	scaffold_4	888695	899420
EOG09263OAE	scaffold_3	1833473	1902375
EOG09265PUI	scaffold_1	575948	586133
EOG092613R2	scaffold_2	2191877	2203562
EOG09260WU6	scaffold_2	673711	685738
EOG09260BRA	scaffold_1	2306340	2317548
EOG09260BRA	scaffold_4	171564	182469
EOG09260BRA	scaffold_2	460734	471597
EOG09261I1I	scaffold_2	687834	699876
EOG09261HM3	scaffold_2	1020517	1032133
EOG09261HM3	scaffold_4	236687	248216
EOG09261HM3	scaffold_3	1083189	1094733
EOG0926049S	scaffold_1	1439277	1451451
EOG092633US	scaffold_1	1986024	1997001
EOG09262ILV	scaffold_1	1841966	1853027
EOG09263UWJ	scaffold_2	1277257	1288333
EOG09265LIB	scaffold_4	1412567	1422851
EOG09260779	scaffold_2	1563911	1576913
EOG09261I1G	scaffold_4	535476	546591
EOG092643QM	scaffold_3	1839620	1850120
EOG09260QVP	scaffold_2	608240	619100
EOG09265DDU	scaffold_2	2326151	2336411
EOG09264FVQ	scaffold_3	301761	312435
EOG092644ZU	scaffold_2	695503	706045
EOG0926195C	scaffold_3	362520	373890
EOG09260OE9	scaffold_4	66679	80068
EOG09260OE9	scaffold_1	1686590	1698239
EOG09263JTO	scaffold_3	505831	516640
EOG09263JTO	scaffold_4	1293283	1329997
EOG09264L3W	scaffold_4	1273482	1284099
EOG09263X1F	scaffold_3	2144293	2154979
EOG09263D2P	scaffold_1	1049600	1059971
EOG09263D2P	scaffold_3	924370	934729
EOG09261EU7	scaffold_4	737731	748603
EOG09261EU7	scaffold_3	1700120	1748631
EOG09261EU7	scaffold_1	69395	80315
EOG09264G4X	scaffold_2	2241683	2252270
EOG09264G4X	scaffold_4	1467577	1478188
EOG092604ZZ	scaffold_3	1360894	1374265
EOG092655SO	scaffold_1	1207319	1217516
EOG09264SQJ	scaffold_3	1711960	1722544
EOG092615IE	scaffold_2	298212	310089
EOG09260OM6	scaffold_3	2003265	2015142
EOG09260OM6	scaffold_4	78789	90393
EOG09263H5H	scaffold_1	384869	395849
EOG09262YAU	scaffold_3	898312	909367
EOG0926457R	scaffold_4	1467577	1478230
EOG0926457R	scaffold_2	2241668	2252246
EOG0926457R	scaffold_3	1421206	1431760
EOG092620FM	scaffold_1	2449527	2460534
EOG09260JTZ	scaffold_4	447167	459821
EOG09264E6Z	scaffold_4	933170	943799
EOG09261UPM	scaffold_4	1286357	1296815
EOG09263MEM	scaffold_3	634185	644967
EOG09264W46	scaffold_1	1232027	1242710
EOG09265JNA	scaffold_3	1674878	1685219
EOG09261N20	scaffold_1	325636	336304
EOG092621CP	scaffold_1	1346422	1357843
EOG092630YS	scaffold_3	2055443	2066501
EOG092627F1	scaffold_2	1090972	1137901
EOG09260HS3	scaffold_2	1055728	1068388
EOG092649XV	scaffold_4	413399	424337
EOG092645L9	scaffold_2	726679	737191
EOG0926273Q	scaffold_2	2100723	2111817
EOG09260J8F	scaffold_2	565607	577010
EOG0926129I	scaffold_1	1252877	1264820
EOG09263L7Y	scaffold_4	193676	204740
EOG09265FL1	scaffold_4	1477545	1487814
EOG09260K24	scaffold_3	1329386	1341377
EOG09263C55	scaffold_3	1752815	1763951
EOG092610KH	scaffold_2	1308014	1319528
EOG09260KCB	scaffold_4	136371	147066
EOG09260AZA	scaffold_2	151864	164740
EOG09264XM2	scaffold_4	708679	718879
EOG09260AZM	scaffold_1	1826245	1839127
EOG09260AZM	scaffold_4	1275069	1287969
EOG09260AZM	scaffold_2	1430736	1444053
EOG09261YGB	scaffold_2	49244	59711
EOG09260AZK	scaffold_2	2035979	2048252
EOG09264T8I	scaffold_4	752777	763049
EOG09264T8I	scaffold_1	2057126	2067542
EOG09264T8I	scaffold_2	2128815	2139012
EOG09260KCW	scaffold_2	1595053	1607101
EOG09260R84	scaffold_3	1030597	1041625
EOG09261RU1	scaffold_4	547659	559035
EOG092602MO	scaffold_1	312560	323969
EOG09260DP1	scaffold_2	162941	175685
EOG09263I7I	scaffold_1	172349	183476
EOG092634ZL	scaffold_2	302579	313322
EOG09260K5F	scaffold_1	2234884	2246653
EOG09264272	scaffold_1	526917	537591
EOG09262FJB	scaffold_2	387775	397993
EOG092609RF	scaffold_2	839431	853510
EOG09261A3K	scaffold_4	1644583	1657654
EOG09262K9A	scaffold_2	1297432	1308535
EOG092634B5	scaffold_4	1540265	1551575
EOG09263JZO	scaffold_2	1018889	1029812
EOG09264IMV	scaffold_1	926633	937229
EOG09263BGW	scaffold_4	1711295	1722726
EOG09264NEF	scaffold_2	8448	18804
EOG09264NEF	scaffold_4	1583101	1593457
EOG09260OLB	scaffold_4	430246	440953
EOG09264CH7	scaffold_2	1700019	1710708
EOG09264G0H	scaffold_1	2002079	2012726
EOG09264ZI5	scaffold_2	2177980	2188132
EOG09264XPY	scaffold_2	902147	912563
EOG09260GKG	scaffold_4	1508741	1521473
EOG0926137U	scaffold_4	933915	946209
EOG09265G5C	scaffold_3	1746365	1756895
EOG09265G5C	scaffold_2	1301151	1311558
EOG09265EKJ	scaffold_3	704163	714450
EOG09262F22	scaffold_1	1938024	1949268
EOG09262JWJ	scaffold_4	451157	462308
EOG09262JWJ	scaffold_1	1505998	1517116
EOG092634B1	scaffold_1	2590636	2601706
EOG09264OAU	scaffold_3	650251	660460
EOG09264O2D	scaffold_2	919627	930166
EOG09260KUC	scaffold_2	380284	392194
EOG09264I14	scaffold_4	744587	754901
EOG09262HP3	scaffold_2	1009106	1020056
EOG09260SL3	scaffold_2	675896	688148
EOG09260SL3	scaffold_4	1502756	1514402
EOG09264O6J	scaffold_2	1004351	1014839
EOG09264O6J	scaffold_3	508827	519393
EOG092625U6	scaffold_2	405562	416491
EOG09264V2U	scaffold_3	1298718	1309179
EOG09264OXC	scaffold_3	340343	350795
EOG09263W7L	scaffold_3	1946403	1957047
EOG09263ZW6	scaffold_1	165924	176487
EOG09263RDD	scaffold_1	198973	209695
EOG09263RDD	scaffold_2	1740474	1750899
EOG09260W52	scaffold_2	433133	443789
EOG09260NE0	scaffold_1	836728	847789
EOG09260TPT	scaffold_1	2344351	2355556
EOG092610LP	scaffold_4	466668	478740
EOG092610LQ	scaffold_3	881395	907324
EOG09260HSP	scaffold_1	1771653	1783596
EOG09263KB4	scaffold_3	1407444	1418142
EOG09263YUI	scaffold_3	291629	302099
EOG09264HN5	scaffold_2	2144369	2154812
EOG0926158Y	scaffold_1	1605121	1615999
EOG09265J36	scaffold_4	253145	263318
EOG09260LI6	scaffold_1	2091968	2104511
EOG09260LI6	scaffold_2	163064	175559
EOG09264IDN	scaffold_1	1892809	1903213
EOG09264I6B	scaffold_3	890537	900884
EOG09262SR7	scaffold_2	1178677	1189558
EOG09265H9T	scaffold_1	1701488	1711787
EOG092650I8	scaffold_1	1269051	1279512
EOG09262X74	scaffold_4	1086617	1097342
EOG09264IIZ	scaffold_4	821028	831372
EOG09261HZD	scaffold_1	1086253	1097899
EOG09263K05	scaffold_3	308790	319179
EOG09261ABB	scaffold_3	693492	705126
EOG092635YY	scaffold_1	675801	686835
EOG092614ZG	scaffold_3	129619	140548
EOG092625OH	scaffold_3	2113028	2124428
EOG09262N0U	scaffold_1	2433357	2444490
EOG09265K1R	scaffold_2	719958	730149
EOG09264G04	scaffold_1	841373	851750
EOG09264G04	scaffold_4	372634	382879
EOG09264SUZ	scaffold_1	2677887	2688216
EOG09262Q8D	scaffold_2	1832255	1843298
EOG09265B4G	scaffold_2	1864409	1874738
EOG092658NW	scaffold_3	839340	849510
EOG09263GSR	scaffold_3	2220545	2231621
EOG092626EQ	scaffold_3	1509271	1520017
EOG092626EQ	scaffold_2	1179899	1214413
EOG092626EQ	scaffold_1	2232981	2243817
EOG09264NNY	scaffold_2	1491088	1501729
EOG09261660	scaffold_4	1436078	1447562
EOG092619GP	scaffold_1	2657509	2668474
EOG09264G7L	scaffold_2	215882	226382
EOG09263H0Y	scaffold_4	883168	894160
EOG09260S3L	scaffold_2	1675949	1688276
EOG09260WYQ	scaffold_3	558612	570378
EOG09260WYQ	scaffold_1	2521770	2533260
EOG092638CT	scaffold_3	1600224	1611111
EOG09265822	scaffold_2	2042449	2052874
EOG09264IV9	scaffold_3	619341	630147
EOG09261HQU	scaffold_3	606509	617690
EOG09261666	scaffold_3	1080049	1092043
EOG09262A8G	scaffold_3	428466	439650
EOG09261YRA	scaffold_3	994496	1005239
EOG09262E3Q	scaffold_2	416765	427958
EOG09262CO6	scaffold_2	1237485	1248744
EOG092643IE	scaffold_4	751781	762383
EOG0926374A	scaffold_2	1131891	1142793
EOG092609YT	scaffold_2	247922	260507
EOG09264CST	scaffold_2	1547600	1558638
EOG09262N5O	scaffold_4	453566	464603
EOG092632FC	scaffold_4	140672	151550
EOG09263E5F	scaffold_2	556382	568220
EOG0926539T	scaffold_2	1019885	1030232
EOG0926539T	scaffold_3	1836334	1846603
EOG09263JCT	scaffold_2	2212413	2223228
EOG09264MIL	scaffold_2	864336	874848
EOG09262MOO	scaffold_1	1712419	1723774
EOG09262MOO	scaffold_3	463021	474121
EOG09262MOO	scaffold_2	1022394	1033617
EOG092604A0	scaffold_3	754665	766497
EOG09261V03	scaffold_3	806479	817612
EOG092647CM	scaffold_3	1020074	1030511
EOG09261WJ8	scaffold_2	948462	959400
EOG092629U5	scaffold_2	54865	65467
EOG0926354S	scaffold_1	56006	67022
EOG09261XZ6	scaffold_2	2010874	2022238
EOG09262A65	scaffold_4	948663	959655
EOG09262A65	scaffold_1	2590783	2601643
EOG0926506Z	scaffold_2	36121	46543
EOG09263J7D	scaffold_1	2267926	2278453
EOG09263J7D	scaffold_3	2215250	2225939
EOG09264TJN	scaffold_3	1505830	1516462
EOG09260VEY	scaffold_1	933670	945541
EOG09262X01	scaffold_2	1387691	1398370
EOG092658X5	scaffold_4	856529	866735
EOG092641M3	scaffold_2	216634	227371
EOG09260ERO	scaffold_3	1658434	1671451
EOG09264AWW	scaffold_1	1021843	1032319
EOG09265NHW	scaffold_2	257920	268150
EOG09263OD3	scaffold_3	147858	158502
EOG09265GYD	scaffold_1	1436496	1446705
EOG092619NK	scaffold_4	202130	214019
EOG09260NNR	scaffold_1	1686509	1698428
EOG09260NNR	scaffold_4	1181659	1193317
EOG09260NNR	scaffold_2	2139352	2150743
EOG09264VRO	scaffold_2	1951193	1961585
EOG09265DAV	scaffold_4	533379	543678
EOG092642UD	scaffold_1	2074034	2084639
EOG09262UAS	scaffold_2	729016	739966
EOG092620EL	scaffold_4	1490214	1501734
EOG0926425H	scaffold_3	1672081	1682623
EOG09260EZT	scaffold_1	1571474	1583417
EOG09262XRU	scaffold_1	2536748	2547767
EOG09260NWN	scaffold_1	1128276	1140366
EOG09262MFL	scaffold_4	1348559	1359281
EOG09262JZW	scaffold_2	1869744	1880856
EOG09261ZPW	scaffold_4	359397	372184
EOG09260JNY	scaffold_1	2758759	2770129
EOG09262PZ9	scaffold_4	239113	250241
EOG09262PZ9	scaffold_2	1716173	1726958
EOG09262PZ9	scaffold_3	1436519	1476134
EOG09262R8O	scaffold_3	759373	770188
EOG09263OCO	scaffold_3	831146	852660
EOG09263OCO	scaffold_4	1641966	1652775
EOG09263OCO	scaffold_1	696004	706849
EOG09263BG5	scaffold_1	1405109	1416197
EOG09263IQ5	scaffold_3	1099189	1110118
EOG092617AN	scaffold_1	884234	897587
EOG09260MBW	scaffold_2	329880	342390
EOG09261F73	scaffold_1	655278	666606
EOG09261F73	scaffold_4	463099	512660
EOG09261F73	scaffold_3	1402071	1413054
EOG09264T1U	scaffold_3	548420	559034
EOG09264DJ8	scaffold_4	431932	442660
EOG09264EGS	scaffold_4	353911	364246
EOG09264IQ7	scaffold_1	2297205	2307690
EOG09263FAK	scaffold_2	1516548	1527306
EOG09265FTY	scaffold_1	1127860	1138126
EOG092628A0	scaffold_3	1411940	1423193
EOG09261M78	scaffold_3	1147199	1158656
EOG09264KTU	scaffold_3	1764016	1774498
EOG092619RJ	scaffold_1	1769598	1780119
EOG09263E87	scaffold_4	1312415	1323155
EOG09263E87	scaffold_2	1842880	1853611
EOG09261LPY	scaffold_1	2774006	2784968
EOG09261LPY	scaffold_2	1583208	1594074
EOG09261LPY	scaffold_4	156605	167309
EOG09261NLR	scaffold_2	1354427	1366037
EOG09261NLR	scaffold_3	1393098	1404279
EOG092632TF	scaffold_1	599953	610498
EOG09260W9L	scaffold_3	1179724	1190314
EOG09260W9L	scaffold_4	618868	629278
EOG09265BTA	scaffold_4	1347418	1357765
EOG09263JW5	scaffold_2	1061025	1071825
EOG09262NB1	scaffold_2	1377784	1388881
EOG092644Z6	scaffold_3	853119	863778
EOG092620CR	scaffold_4	1308252	1319961
EOG09263Y3L	scaffold_4	1404535	1415449
EOG09264RW6	scaffold_4	1692020	1702526
EOG09263YFH	scaffold_2	2275565	2286281
EOG09264T0J	scaffold_3	2225391	2235999
EOG09265SHM	scaffold_1	1103264	1113461
EOG09263Q8J	scaffold_4	446207	456956
EOG09264YKY	scaffold_2	2268039	2278443
EOG09260B3X	scaffold_2	1480352	1492985
EOG09262VOC	scaffold_3	875996	886601
EOG09262VOC	scaffold_2	498843	519395
EOG09264PDD	scaffold_2	917915	928268
EOG09264OM7	scaffold_1	144462	154971
EOG09264W7W	scaffold_1	1126441	1137124
EOG09260TUT	scaffold_2	641455	653140
EOG09262516	scaffold_4	997633	1009207
EOG09262516	scaffold_3	1083363	1094733
EOG09262516	scaffold_2	202051	213394
EOG09260NY2	scaffold_2	542955	555153
EOG09260VYK	scaffold_1	2611978	2623453
EOG09264ZXA	scaffold_1	1382770	1393369
EOG09260B3H	scaffold_4	1081871	1094891
EOG092651FJ	scaffold_2	1678986	1690272
EOG09262LQT	scaffold_3	613233	624117
EOG092602I6	scaffold_2	2259261	2274723
EOG09264L6D	scaffold_2	2153743	2163832
EOG0926251E	scaffold_3	533444	544729
EOG092642I5	scaffold_4	1447309	1457695
EOG09265G5K	scaffold_2	479589	489912
EOG09265G5K	scaffold_1	751519	761818
EOG09261CXQ	scaffold_1	336971	347678
EOG09264OML	scaffold_3	1338181	1348816
EOG092625P1	scaffold_2	52910	64202
EOG092625P1	scaffold_3	1219299	1230369
EOG092625P1	scaffold_4	271479	282579
EOG09261OKK	scaffold_2	1969634	1980746
EOG09262X7T	scaffold_2	727321	738220
EOG092658CI	scaffold_1	2228959	2239360
EOG09260LJ8	scaffold_2	1805174	1817048
EOG09260EOI	scaffold_1	2533964	2546417
EOG09264W71	scaffold_1	1449341	1459778
EOG09263OZR	scaffold_3	571455	582195
EOG09265ANI	scaffold_1	437508	447993
EOG0926133I	scaffold_3	1324540	1336273
EOG09261DRB	scaffold_4	821807	832853
EOG09264I9J	scaffold_2	1638395	1648892
EOG09264I9J	scaffold_4	804967	815956
EOG092640WA	scaffold_2	628891	639331
EOG0926431P	scaffold_2	1016661	1027386
EOG09263UN3	scaffold_2	1340749	1351234
EOG09262BCZ	scaffold_1	769774	780832
EOG0926458I	scaffold_1	2186877	2197524
EOG09260DUR	scaffold_3	1102118	1112540
EOG09264TQ5	scaffold_2	787984	798415
EOG09260FFP	scaffold_3	1640205	1650693
EOG09260FFP	scaffold_2	290727	301104
EOG09260FFP	scaffold_4	628966	639367
EOG09260DUW	scaffold_2	412539	424155
EOG092645MK	scaffold_4	1621307	1631968
EOG09260GOF	scaffold_4	1453700	1464890
EOG09261145	scaffold_3	1291088	1302773
EOG09263W48	scaffold_4	1131950	1142699
EOG09260GF5	scaffold_1	1631488	1645631
EOG092646EZ	scaffold_3	891314	901922
EOG09263UQF	scaffold_1	2386234	2396938
EOG092648VW	scaffold_4	1524987	1535679
EOG09265QTV	scaffold_3	411811	422077
EOG09260SAH	scaffold_2	1825024	1836859
EOG092658ZO	scaffold_3	461349	471591
EOG09262341	scaffold_2	1724366	1734740
EOG09265JVH	scaffold_4	823817	834020
EOG09260M44	scaffold_2	1141671	1152771
EOG09260BSW	scaffold_1	1429550	1442456
EOG09260BSW	scaffold_2	224727	236913
EOG09262JAT	scaffold_2	848654	859484
EOG09260APA	scaffold_3	626808	637311
EOG092658QH	scaffold_4	1081416	1091730
EOG09260EQD	scaffold_4	121175	131729
EOG09264XKX	scaffold_2	62249	72437
EOG09263EDC	scaffold_4	1293292	1330009
EOG09263EDC	scaffold_2	300227	311114
EOG09263EDC	scaffold_3	77745	88527
EOG092607QZ	scaffold_4	1494117	1507161
EOG09261CM0	scaffold_3	608901	620031
EOG09261CM0	scaffold_4	463099	474115
EOG09261CM0	scaffold_1	1411043	1421921
EOG09260P2K	scaffold_3	2100576	2141213
EOG09265DWT	scaffold_3	1100282	1110596
EOG09260LS9	scaffold_1	2231905	2242684
EOG09260JJW	scaffold_2	797612	809693
EOG092621X3	scaffold_2	1550863	1562023
EOG0926591L	scaffold_3	487808	498115
EOG0926591L	scaffold_4	406535	416693
EOG092646CB	scaffold_2	2257878	2268564
EOG092614O9	scaffold_1	2416059	2427879
EOG09261DG0	scaffold_4	587710	599164
EOG092600T4	scaffold_1	1848536	1864905
EOG092659DX	scaffold_1	1451530	1461745
EOG09264KIV	scaffold_2	1853220	1863696
EOG09263IT0	scaffold_4	893745	904605
EOG09265591	scaffold_2	1381812	1392222
EOG09264719	scaffold_4	100685	111422
EOG09263HYJ	scaffold_2	2079156	2090148
EOG092628SP	scaffold_2	2044977	2055711
EOG092606CY	scaffold_2	140852	154511
EOG092606CY	scaffold_4	208530	221939
EOG09264LKR	scaffold_3	283061	311382
EOG09264LKR	scaffold_2	791104	833562
EOG09264LKR	scaffold_4	1682770	1693264
EOG09263G4R	scaffold_2	1704576	1714827
EOG09260XOG	scaffold_2	1288969	1301020
EOG09263R4M	scaffold_4	962100	972786
EOG092610VI	scaffold_3	670462	683182
EOG092610VI	scaffold_1	2509076	2520992
EOG09262KZ3	scaffold_2	2248795	2260081
EOG09261P7G	scaffold_2	567847	579133
EOG092640ZF	scaffold_3	92576	102992
EOG09262BVA	scaffold_3	1236858	1247910
EOG09263FTE	scaffold_3	1943869	1954642
EOG09262645	scaffold_1	1434433	1445860
EOG092616YZ	scaffold_3	458134	469603
EOG092616YZ	scaffold_2	259859	271310
EOG092616YZ	scaffold_4	1076359	1087483
EOG09263X0V	scaffold_4	304110	314520
EOG09265GYK	scaffold_2	664261	674509
EOG092642CB	scaffold_2	1937499	1948086
EOG09261JWS	scaffold_2	2027045	2038331
EOG09261JWS	scaffold_3	1219143	1230294
EOG09261JWS	scaffold_4	271551	282615
EOG09264QRY	scaffold_1	1795542	1805925
EOG092641A6	scaffold_2	2098233	2109252
EOG09264O3B	scaffold_2	1713295	1723684
EOG09264KSI	scaffold_2	542482	552607
EOG092638AP	scaffold_4	796867	807727
EOG09264XLN	scaffold_1	1117379	1127549
EOG09264829	scaffold_2	528622	539065
EOG09261YV6	scaffold_4	1728090	1739643
EOG09261YV6	scaffold_1	1646983	1658557
EOG09261YV6	scaffold_2	1346406	1357770
EOG092604MJ	scaffold_2	114574	128206
EOG09264E5J	scaffold_4	465625	476500
EOG09261801	scaffold_1	2473772	2484980
EOG0926578E	scaffold_1	842211	852627
EOG09264B2X	scaffold_3	1434840	1445661
EOG09264B2X	scaffold_1	2146228	2156851
EOG09264B2X	scaffold_4	553284	563892
EOG092604ML	scaffold_2	1880646	1894353
EOG09264NDD	scaffold_2	2243361	2253960
EOG09264B2P	scaffold_3	1048814	1059692
EOG09262QS5	scaffold_2	1372559	1383485
EOG09265DRM	scaffold_1	209404	219649
EOG09264NJ1	scaffold_3	1721386	1732660
EOG09261X9E	scaffold_4	134264	145388
EOG092654XA	scaffold_2	784674	794967
EOG09262N47	scaffold_1	1598629	1609159
EOG09262QTY	scaffold_3	1221148	1231854
EOG09264R1U	scaffold_1	732166	742576
EOG09265GSM	scaffold_1	1985666	1995869
EOG09260J53	scaffold_1	1468052	1479884
EOG09260J53	scaffold_4	1468919	1480802
EOG09260J53	scaffold_2	389315	401117
EOG09261H5E	scaffold_2	156005	167441
EOG09264S3E	scaffold_3	476396	486914
EOG09264Y0W	scaffold_2	1935603	1946070
EOG092620U5	scaffold_3	1982285	1993514
EOG09264LBC	scaffold_1	893017	903622
EOG09261FH7	scaffold_2	1469635	1481443
EOG09261FH7	scaffold_1	249971	261863
EOG09260E2O	scaffold_2	497910	510288
EOG09263F3I	scaffold_2	462272	472892
EOG09263F3I	scaffold_3	480852	491193
EOG09265BG5	scaffold_1	203010	213420
EOG09262WHU	scaffold_2	1920638	1931534
EOG09263K45	scaffold_4	1378570	1389238
EOG09263G3M	scaffold_3	1454763	1465726
EOG09263G3M	scaffold_4	1497686	1508432
EOG09260P5R	scaffold_1	2513779	2524444
EOG09262E7I	scaffold_1	1552907	1563878
EOG09261DGU	scaffold_1	895834	907714
EOG09260FKU	scaffold_2	1123889	1134959
EOG09261G92	scaffold_3	431873	442760
EOG09265GGX	scaffold_2	875090	885389
EOG09261AH9	scaffold_4	964081	975847
EOG09262K8C	scaffold_2	2016312	2026884
EOG09261W1K	scaffold_2	593547	603789
EOG09260R9L	scaffold_1	2120577	2132118
EOG09263RF8	scaffold_4	808730	819485
EOG09261MPU	scaffold_1	135935	147176
EOG09261MPU	scaffold_3	1122015	1132986
EOG09261MPU	scaffold_2	701073	712083
EOG09262KJA	scaffold_2	414503	425690
EOG09262K8L	scaffold_2	403991	415049
EOG09261FAB	scaffold_3	691662	702654
EOG0926514P	scaffold_4	887305	897733
EOG092613S3	scaffold_3	2078459	2089238
EOG092613S3	scaffold_1	268734	279270
EOG09260BFE	scaffold_4	1183530	1195581
EOG09265C25	scaffold_2	2022567	2032938
EOG09264CP4	scaffold_1	2673067	2683666
EOG09261FAX	scaffold_3	221841	232695
EOG09264A8D	scaffold_2	1449137	1459913
EOG092605T6	scaffold_1	2457963	2479308
EOG0926047G	scaffold_3	2088964	2101837
EOG092606UX	scaffold_4	317691	331092
EOG092619VG	scaffold_3	125416	136999
EOG092651HW	scaffold_2	516023	526724
EOG0926312D	scaffold_4	1589699	1600544
EOG0926312D	scaffold_3	1926456	1937301
EOG09264IKZ	scaffold_3	1661630	1672049
EOG09264JQ1	scaffold_2	796287	807402
EOG09264441	scaffold_2	536940	547587
EOG09264441	scaffold_3	2171655	2182311
EOG09264441	scaffold_4	985905	996525
EOG09264DOU	scaffold_2	359321	369689
EOG09260HPO	scaffold_3	884834	897458
EOG09263PWF	scaffold_4	1385866	1396345
EOG09263R62	scaffold_4	1448066	1458761
EOG09265RGS	scaffold_3	1551109	1561207
EOG092636Y6	scaffold_3	978282	990006
EOG09261M4S	scaffold_3	243908	255188
EOG09260RS7	scaffold_3	757123	768655
EOG09260RS7	scaffold_4	769037	780119
EOG09264X8J	scaffold_4	1291485	1301979
EOG09264XJC	scaffold_1	2240892	2251386
EOG09262QJW	scaffold_3	1705005	1716132
EOG09263SZM	scaffold_3	341012	351893
EOG09262E7W	scaffold_4	862249	873400
EOG09264V3H	scaffold_1	604740	615189
EOG09260DXP	scaffold_3	174355	186631
EOG09264FWI	scaffold_3	717648	728262
EOG09260CKC	scaffold_4	331051	344035
EOG092649VG	scaffold_2	1748718	1759404
EOG09263KZJ	scaffold_4	1342259	1353164
EOG09264LH2	scaffold_2	618788	629306
EOG0926306O	scaffold_4	170226	180846
EOG09265IBC	scaffold_4	576939	587301
EOG09265IBC	scaffold_2	1595053	1605319
EOG09265PJ3	scaffold_4	1093049	1103246
EOG092654LJ	scaffold_4	1691399	1701821
EOG09263Z41	scaffold_1	354972	365862
EOG092648LP	scaffold_1	1621521	1632357
EOG092612AK	scaffold_3	593643	605244
EOG092658SK	scaffold_1	2294380	2304790
EOG0926004Z	scaffold_1	902981	926801
EOG09265KSE	scaffold_2	1045230	1055400
EOG09265CQO	scaffold_1	261483	271842
EOG09265CQO	scaffold_3	1858572	1868907
EOG0926388H	scaffold_4	1280962	1292269
EOG09264IPL	scaffold_1	1505352	1515741
EOG09263DQH	scaffold_2	1997412	2008452
EOG09263E9V	scaffold_4	1460643	1471005
EOG09263V60	scaffold_1	1333500	1344000
EOG09261WVT	scaffold_1	566384	577688
EOG092654KW	scaffold_1	1032656	1043045
EOG09264FXB	scaffold_4	871427	883157
EOG09260JDM	scaffold_1	306321	317271
EOG09262H1X	scaffold_3	1941989	1953350
EOG09262H1X	scaffold_2	2284902	2296146
EOG092655L0	scaffold_2	358572	368832
EOG092638EN	scaffold_3	1900202	1910987
EOG09260UXC	scaffold_1	2045854	2057431
EOG092609JB	scaffold_2	218131	230494
EOG092609JB	scaffold_4	1352553	1364331
EOG092609JB	scaffold_3	1432376	1443986
EOG092615CC	scaffold_4	991539	1003056
EOG09264A2D	scaffold_2	1600899	1611507
EOG09263A64	scaffold_4	1624314	1635222
EOG09265JA7	scaffold_2	1734870	1745139
EOG09260U6R	scaffold_2	1924718	1936763
EOG09260U6R	scaffold_3	425272	437767
EOG09261XNU	scaffold_1	928384	939910
EOG09265HPJ	scaffold_1	2063942	2074334
EOG09264X31	scaffold_1	2086395	2096856
EOG09264881	scaffold_1	1840189	1851496
EOG0926390Q	scaffold_4	703771	714130
EOG09262QL6	scaffold_2	1741343	1752470
EOG09263WB5	scaffold_1	2697416	2707871
EOG09263WB5	scaffold_4	1445691	1456059
EOG092656JA	scaffold_1	1714878	1725270
EOG09263RY2	scaffold_3	2120625	2131008
EOG09260SRF	scaffold_2	1172851	1184938
EOG09262DC1	scaffold_4	1048112	1059299
EOG09262DC1	scaffold_2	508772	519575
EOG09262DC1	scaffold_3	871201	886613
EOG092651K1	scaffold_2	1193156	1203278
EOG09264HOY	scaffold_1	2185633	2196163
EOG09260WGT	scaffold_4	958779	971682
EOG092605FC	scaffold_1	1872943	1916885
EOG09263J6Z	scaffold_2	1798667	1809743
EOG09261NLY	scaffold_4	1345425	1357059
EOG09260UJK	scaffold_2	2311024	2322577
EOG092651LN	scaffold_1	918517	929005
EOG09261OSU	scaffold_3	1153093	1164610
EOG09264873	scaffold_1	2033914	2044534
EOG092646VF	scaffold_3	1881775	1892326
EOG09263P17	scaffold_1	2150427	2160735
EOG092644TW	scaffold_3	1847690	1858427
EOG09263X4B	scaffold_1	2076974	2087621
EOG09261BP0	scaffold_1	1793413	1804318
EOG09260J97	scaffold_1	1247146	1258882
EOG092608AV	scaffold_1	1994237	2007494
EOG09260OQ8	scaffold_3	1460232	1472682
EOG092604I8	scaffold_1	332489	346397
EOG092621CK	scaffold_4	925653	935742
EOG09261VD2	scaffold_2	1756228	1767625
EOG09265F2Y	scaffold_1	2088844	2099224
EOG09260NHN	scaffold_2	227535	240555
EOG09262NIR	scaffold_1	2160972	2171835
EOG0926248P	scaffold_3	110224	122167
EOG09260NHB	scaffold_2	981953	992690
EOG09265KNL	scaffold_3	1947667	1957777
EOG09264IG5	scaffold_3	537350	548042
EOG09260LBU	scaffold_2	284356	296650
EOG09261HB6	scaffold_2	1865148	1876032
EOG092608AE	scaffold_2	1096272	1108518
EOG092651BA	scaffold_2	1271438	1281656
EOG09264JW6	scaffold_1	2357245	2367913
EOG09261EY9	scaffold_3	2102369	2114228
EOG09265GXF	scaffold_2	2187179	2197751
EOG092612J3	scaffold_4	1332099	1343232
EOG09265BCT	scaffold_3	2150280	2160699
EOG092629FB	scaffold_1	1748689	1759726
EOG092632WW	scaffold_3	1688012	1698974
EOG09261BPJ	scaffold_4	1409068	1420642
EOG09262DPL	scaffold_3	1635281	1646303
EOG0926506U	scaffold_3	1269737	1280186
EOG09260ABY	scaffold_2	1930309	1943497
EOG09262BHE	scaffold_3	519606	530595
EOG092645U1	scaffold_1	209413	233789
EOG092645U1	scaffold_4	372712	383161
EOG09265HEP	scaffold_4	334631	344771
EOG09262GWQ	scaffold_2	858122	868994
EOG09262GWQ	scaffold_4	737731	748588
EOG09262GWQ	scaffold_1	1750710	1793051
EOG09262HQM	scaffold_4	575160	585519
EOG09264DYD	scaffold_3	1733698	1745026
EOG09265CN0	scaffold_3	1108810	1119163
EOG09263I4U	scaffold_4	1672356	1683249
EOG09263I4U	scaffold_1	1959682	1970233
EOG09263L9T	scaffold_1	2598381	2609175
EOG09260K4V	scaffold_1	2365390	2378110
EOG09264COX	scaffold_4	130589	141053
EOG09264P4J	scaffold_3	1149434	1160048
EOG09260TVA	scaffold_1	2302664	2314673
EOG092600XJ	scaffold_2	551428	565366
EOG09260K4B	scaffold_3	1537997	1549787
EOG09263U08	scaffold_4	1751601	1761987
EOG09264RR2	scaffold_1	869719	880246
EOG09264RR2	scaffold_2	1103102	1113572
EOG09263CLY	scaffold_4	1550929	1561885
EOG09260A98	scaffold_1	1819005	1832976
EOG09260AEC	scaffold_1	2037305	2048558
EOG092653VU	scaffold_1	1140902	1151279
EOG09262POL	scaffold_1	1584355	1594450
EOG09264HX6	scaffold_2	235347	245634
EOG092653SU	scaffold_1	319628	329852
EOG09260SR2	scaffold_4	223166	235838
EOG092635DF	scaffold_3	902464	913300
EOG09265IT6	scaffold_1	1814607	1824909
EOG09264HTG	scaffold_1	1734672	1745208
EOG09264L06	scaffold_1	1016517	1027023
EOG09260TDY	scaffold_4	513053	523469
EOG092608WI	scaffold_2	1457736	1469421
EOG092610ZY	scaffold_1	1040735	1052534
EOG09260XH5	scaffold_1	1017998	1029365
EOG09260XH5	scaffold_3	558723	569589
EOG09262KVB	scaffold_4	395432	406454
EOG09264PI4	scaffold_2	1670133	1680597
EOG09263VOP	scaffold_3	1058053	1068442
EOG09261IEH	scaffold_2	1505127	1516200
EOG09265AT5	scaffold_4	852945	863314
EOG09265AT5	scaffold_3	576368	586640
EOG09265B1X	scaffold_3	112230	122418
EOG092612XD	scaffold_3	197956	209701
EOG09261IEV	scaffold_3	157199	168695
EOG092654VM	scaffold_4	1530527	1540619
EOG092608WU	scaffold_1	715187	727325
EOG09260IU8	scaffold_1	2514962	2527556
EOG09264UKL	scaffold_1	1071406	1081786
EOG09261OXD	scaffold_1	1973952	1984224
EOG09263POH	scaffold_3	1177466	1188257
EOG09263POH	scaffold_2	2120549	2131301
EOG092657YR	scaffold_4	1533414	1543746
EOG09262C5Z	scaffold_1	346061	356954
EOG09262MEK	scaffold_2	1022397	1033617
EOG09262MEK	scaffold_3	880047	891162
EOG09262MEK	scaffold_1	1054926	1066017
EOG09262GXD	scaffold_2	1626749	1637930
EOG09262N10	scaffold_4	580439	591266
EOG092624SJ	scaffold_4	139203	150441
EOG092606AJ	scaffold_4	45473	58352
EOG09263ROQ	scaffold_2	1035614	1046300
EOG09265EOF	scaffold_4	363109	373435
EOG0926357F	scaffold_1	1624131	1635114
EOG092645LS	scaffold_3	468214	478630
EOG09260VHV	scaffold_2	1608099	1619652
EOG09261D4D	scaffold_3	185914	197410
EOG09264K2W	scaffold_4	1511641	1522450
EOG09262M7B	scaffold_4	1461135	1472277
EOG092640ET	scaffold_2	2013739	2024554
EOG09263BDA	scaffold_1	1326243	1336494
EOG09260XQV	scaffold_3	416334	428070
EOG092630N3	scaffold_4	817117	828091
EOG09260JO5	scaffold_2	1892899	1906324
EOG09265CCT	scaffold_1	1739062	1749562
EOG09262PAY	scaffold_1	653426	664361
EOG092600NM	scaffold_3	2070922	2087746
EOG0926448Q	scaffold_2	69627	79983
EOG09262WFG	scaffold_3	166360	177175
EOG092621ZV	scaffold_3	93884	104858
EOG09264YEG	scaffold_2	1492141	1502539
EOG09264YEG	scaffold_3	992899	1003168
EOG09261RFF	scaffold_2	1445422	1456405
EOG09261RFF	scaffold_1	801799	812686
EOG09264KK7	scaffold_1	1132952	1143485
EOG092643QW	scaffold_2	725855	736100
EOG09261G4Z	scaffold_1	1287078	1298262
EOG09264XOZ	scaffold_1	2518676	2529032
EOG09264JHE	scaffold_4	323249	333800
EOG09264JHE	scaffold_3	264873	311382
EOG09264JHE	scaffold_1	1700667	1711137
EOG09261ACJ	scaffold_4	1420252	1430848
EOG09262E98	scaffold_1	1697299	1709176
EOG092654QZ	scaffold_4	1532450	1542854
EOG09260E8K	scaffold_2	577612	590581
EOG09263GUT	scaffold_2	1114055	1124915
EOG092657H8	scaffold_1	2225643	2235963
EOG09263WLB	scaffold_1	1238103	1248651
EOG09262DKA	scaffold_3	2177926	2189098
EOG09265M98	scaffold_1	226361	236714
EOG0926369X	scaffold_2	70321	81091
EOG09262B1U	scaffold_3	1071674	1082774
EOG092648K5	scaffold_4	56333	66887
EOG092611HB	scaffold_3	480126	507168
EOG092611HB	scaffold_1	1898610	1909731
EOG092611HB	scaffold_2	1924685	1935437
EOG09262IY3	scaffold_2	506724	517800
EOG09264V30	scaffold_3	302989	313357
EOG09261SS1	scaffold_3	1969311	1980522
EOG09262LYR	scaffold_3	1726657	1737973
EOG09264RIE	scaffold_4	177699	188817
EOG09261F9G	scaffold_3	517038	527505
EOG092610QT	scaffold_2	1573019	1584731
EOG09264SSI	scaffold_3	2190805	2201311
EOG09263DFA	scaffold_1	1183936	1194556
EOG09260NZ8	scaffold_2	1012183	1023418
EOG09260S2Z	scaffold_3	401503	413597
EOG092659OC	scaffold_4	1514343	1524825
EOG09260BYL	scaffold_1	2643026	2654495
EOG09265I72	scaffold_2	635244	645399
EOG09262H50	scaffold_3	855127	865792
EOG09262KN8	scaffold_2	1323598	1335640
EOG092600X0	scaffold_3	1780532	1795717
EOG09264XTW	scaffold_4	1389765	1400601
EOG09264XTW	scaffold_3	2228305	2239144
EOG09264XTW	scaffold_2	1979446	1990111
EOG09263FKC	scaffold_1	43809	54198
EOG09261JVS	scaffold_2	1010391	1021452
EOG092652YI	scaffold_1	1997771	2008025
EOG09264USX	scaffold_2	997592	1008026
EOG09260NC6	scaffold_3	664489	676417
EOG092657UN	scaffold_2	852809	863240
EOG0926384F	scaffold_1	1627154	1638347
EOG092649VA	scaffold_4	593415	604002
EOG09263M8W	scaffold_3	2196991	2207785
EOG09263EQZ	scaffold_3	2158407	2169381
EOG09261PJZ	scaffold_2	275636	286118
EOG09263274	scaffold_1	1574128	1585030
EOG092653NM	scaffold_2	1076278	1086682
EOG09261YLQ	scaffold_1	397431	408345
EOG09261YLQ	scaffold_3	1538480	1549061
EOG09262DUV	scaffold_2	1194732	1205829
EOG09260ZWU	scaffold_2	1518982	1531069
EOG09262UTQ	scaffold_4	749509	760036
EOG092653YS	scaffold_1	446322	456759
EOG09264C3V	scaffold_3	667974	678273
EOG09263OWL	scaffold_1	632883	643599
EOG09263PXH	scaffold_4	697216	707989
EOG09262TUR	scaffold_1	1029407	1040741
EOG09262CBI	scaffold_2	1774308	1785555
EOG09265FCK	scaffold_1	2012204	2022647
EOG09265FCK	scaffold_4	836488	846832
EOG09265FCK	scaffold_2	102409	112690
EOG092645QN	scaffold_4	126006	136737
EOG092645QN	scaffold_3	1326592	1337107
EOG092645QN	scaffold_2	347032	357547
EOG09261404	scaffold_2	669857	682058
EOG09262SI7	scaffold_2	1101358	1112812
EOG092645G0	scaffold_2	347050	357748
EOG092645G0	scaffold_3	865641	876300
EOG092645G0	scaffold_4	985905	996522
EOG092621GY	scaffold_4	109846	121465
EOG09264MZ1	scaffold_1	1674689	1685117
EOG09264XF3	scaffold_3	2087759	2098397
EOG092649QJ	scaffold_2	1099978	1110790
EOG092623WR	scaffold_1	1426317	1437489
EOG092623WR	scaffold_2	319064	330284
EOG092623WR	scaffold_3	1199541	1210698
EOG09265KQ4	scaffold_4	1690895	1700975
EOG092621GA	scaffold_1	51426	62862
EOG092615Y4	scaffold_2	1278891	1290300
EOG092640BS	scaffold_3	1702966	1713868
EOG09262Z0M	scaffold_1	2282121	2293398
EOG09265K4K	scaffold_4	1716078	1726185
EOG092604S1	scaffold_3	235527	247248
EOG092605ZA	scaffold_1	943589	954749
EOG09260375	scaffold_2	1727699	1741079
EOG09263CUU	scaffold_2	722393	733616
EOG0926115V	scaffold_4	1242541	1254204
EOG09260KWP	scaffold_4	1250327	1262576
EOG0926115P	scaffold_3	357558	368286
EOG0926140Q	scaffold_2	1186176	1197879
EOG09264DIM	scaffold_2	741986	752567
EOG0926436T	scaffold_2	918510	929223
EOG09261MG9	scaffold_2	665052	676398
EOG09261DHR	scaffold_1	1278240	1289751
EOG092629ZN	scaffold_3	1289131	1300438
EOG09262V3O	scaffold_3	824832	835620
EOG09264W1U	scaffold_1	2051371	2061724
EOG092645TJ	scaffold_2	2127748	2138479
EOG09260FL2	scaffold_3	412467	424755
EOG09260FZZ	scaffold_1	426115	438910
EOG09264XT5	scaffold_4	1538397	1548894
EOG09264OQ8	scaffold_1	1651312	1661761
EOG09264OQ8	scaffold_4	1461171	1471509
EOG09260KNR	scaffold_4	58926	70608
EOG09260KNR	scaffold_1	655335	666576
EOG09262J7K	scaffold_1	2752404	2784995
EOG09262J7K	scaffold_2	508766	519404
EOG092652TN	scaffold_1	1207718	1217951
EOG092650VI	scaffold_2	264124	274516
EOG09260C2V	scaffold_3	1210961	1223060
EOG09261B3Q	scaffold_1	2554724	2566055
EOG09262OX9	scaffold_4	1249064	1260168
EOG09262OX9	scaffold_3	795961	807082
EOG09262OX9	scaffold_2	190941	202065
EOG09260W8D	scaffold_2	1471896	1482738
EOG09260BL6	scaffold_1	1423958	1435439
EOG0926248W	scaffold_3	1316965	1329882
EOG09263L52	scaffold_1	2624569	2635861
EOG09264Z1B	scaffold_3	1490905	1501207
EOG09264Z1B	scaffold_4	836521	846802
EOG09264Z1B	scaffold_2	102436	112711
EOG09262F7P	scaffold_4	1008498	1019517
EOG09261LV7	scaffold_2	1891276	1901887
EOG09261LV7	scaffold_1	835615	846106
EOG09264PD5	scaffold_1	1787572	1798063
EOG09260KNI	scaffold_4	1370643	1381578
EOG09264XOC	scaffold_1	1694479	1705129
EOG09261476	scaffold_3	1356210	1368207
EOG0926587S	scaffold_4	851993	862100
EOG09260N53	scaffold_1	465773	477806
