EOG09263OXI	scaffold_8	504279	515127
EOG09263OXI	scaffold_13	124910	135752
EOG09261W3X	scaffold_3	962747	974198
EOG09261W3X	scaffold_12	468160	479611
EOG09261G1Y	scaffold_2	844333	855793
EOG09261G1Y	scaffold_6	72436	83896
EOG09261JCQ	scaffold_5	588568	599731
EOG09263A5D	scaffold_4	697211	708089
EOG09263A5D	scaffold_6	274105	284989
EOG09263A5D	scaffold_9	549569	592533
EOG09261C0G	scaffold_15	42361	54490
EOG09260S5R	scaffold_10	375758	387125
EOG09262I5I	scaffold_3	306441	317964
EOG09265SHL	scaffold_3	528212	538415
EOG09265SHL	scaffold_5	733425	743628
EOG09262OJ4	scaffold_11	28551	39963
EOG09262ZZ8	scaffold_5	656263	666871
EOG09261TPN	scaffold_11	177976	189328
EOG09262V9N	scaffold_1	1202621	1213268
EOG09265BJ3	scaffold_4	594401	604868
EOG092644X6	scaffold_1	133119	143679
EOG092644X6	scaffold_5	607837	618337
EOG09261OLD	scaffold_10	15173	26579
EOG09260Y2Q	scaffold_6	709641	720492
EOG09262MJW	scaffold_2	298964	310124
EOG09264PK5	scaffold_8	126590	137078
EOG09264XYD	scaffold_2	745823	756242
EOG09260289	scaffold_14	186854	199553
EOG0926300R	scaffold_3	905738	916661
EOG09263Z8I	scaffold_1	1151959	1162579
EOG09265BTC	scaffold_3	935434	945709
EOG09265BTC	scaffold_12	421895	432170
EOG092620V3	scaffold_9	623964	634737
EOG092614E6	scaffold_11	196682	208304
EOG092614E6	scaffold_6	98889	110445
EOG092614E6	scaffold_15	176881	188503
EOG09260JED	scaffold_12	164485	177322
EOG09264CA0	scaffold_10	237534	247968
EOG092619L1	scaffold_1	418289	429965
EOG09264F60	scaffold_3	549567	559923
EOG09264F60	scaffold_5	766196	776552
EOG09261ZXZ	scaffold_8	610797	621453
EOG092629WJ	scaffold_5	139623	151014
EOG0926419M	scaffold_6	279901	290551
EOG09264LC7	scaffold_8	287553	298110
EOG09263UCR	scaffold_15	200087	210947
EOG09263YBT	scaffold_2	626518	637369
EOG09264FYY	scaffold_5	571874	582356
EOG09260274	scaffold_2	976805	991412
EOG09260GR8	scaffold_5	213907	225547
EOG092616QN	scaffold_2	1106720	1118744
EOG092634M1	scaffold_3	1020362	1031144
EOG092648Q0	scaffold_5	260156	270755
EOG09263Q7N	scaffold_11	86081	96857
EOG092624X0	scaffold_1	85052	96533
EOG09263CG4	scaffold_14	13875	24684
EOG09261VUC	scaffold_8	92654	104360
EOG09260EPQ	scaffold_4	107673	119958
EOG09260EPS	scaffold_10	571798	582922
EOG09264Z3D	scaffold_6	203363	213683
EOG092618J9	scaffold_6	106019	116780
EOG09261Q18	scaffold_6	332629	344143
EOG09262D4G	scaffold_5	131534	141830
EOG09263KRO	scaffold_4	755510	766364
EOG09263AZP	scaffold_6	373794	385025
EOG092641K1	scaffold_5	450584	501484
EOG092641K1	scaffold_1	594251	604751
EOG09265I60	scaffold_2	592620	602997
EOG09264FOM	scaffold_3	115768	126322
EOG09264FOM	scaffold_4	321971	332432
EOG09264FOM	scaffold_16	105733	133029
EOG09262QRH	scaffold_6	407519	418259
EOG09262QRH	scaffold_5	165519	176049
EOG09261UOJ	scaffold_1	951087	962331
EOG092658WY	scaffold_2	262823	273113
EOG09263JFQ	scaffold_3	299896	310399
EOG09263KVG	scaffold_1	352360	363184
EOG092658WS	scaffold_9	553917	564123
EOG09264G1F	scaffold_13	215972	226541
EOG09263FR7	scaffold_2	452318	462692
EOG0926577T	scaffold_13	201292	211588
EOG09264S4C	scaffold_12	311974	322390
EOG092631UM	scaffold_2	305927	316934
EOG09263483	scaffold_9	663358	674155
EOG09264KO7	scaffold_11	160827	171132
EOG092619EA	scaffold_4	940938	952551
EOG092655IF	scaffold_11	211012	221368
EOG09261V9P	scaffold_6	678510	689790
EOG092656CM	scaffold_10	487684	498145
EOG09260XL0	scaffold_5	554354	566189
EOG09260T28	scaffold_9	112907	125381
EOG092630MJ	scaffold_6	813054	823656
EOG092647L7	scaffold_8	286525	297154
EOG09260SJV	scaffold_5	871399	884146
EOG092648U2	scaffold_7	424603	435256
EOG092648U2	scaffold_3	598027	608584
EOG0926112A	scaffold_7	370060	381532
EOG09262TO9	scaffold_6	193685	204953
EOG09264THP	scaffold_12	220160	230669
EOG09260MRU	scaffold_4	274297	286177
EOG09263BE5	scaffold_7	135793	146422
EOG09262XMN	scaffold_10	205040	215852
EOG09262JZK	scaffold_2	565763	576734
EOG092602FH	scaffold_6	207878	221819
EOG092602FH	scaffold_2	301807	313534
EOG09260931	scaffold_7	1817	14723
EOG09260931	scaffold_6	601285	614158
EOG09263HE6	scaffold_9	332701	343153
EOG09264YNR	scaffold_8	434981	452279
EOG09264YNR	scaffold_13	114952	125548
EOG09264YNR	scaffold_6	821016	831546
EOG09263KDI	scaffold_2	1022625	1033725
EOG09263MR4	scaffold_11	180621	191052
EOG09264DMU	scaffold_8	365007	375597
EOG09262GVX	scaffold_2	932221	943636
EOG09263FGN	scaffold_4	742029	752895
EOG09261PNZ	scaffold_9	362261	373433
EOG09260N2T	scaffold_1	389500	401476
EOG092602OP	scaffold_7	410629	424369
EOG09265AL8	scaffold_12	45901	56485
EOG09261727	scaffold_8	561806	574109
EOG09263XN3	scaffold_15	250376	261038
EOG09262HKC	scaffold_3	646964	657677
EOG092628HC	scaffold_1	140008	150739
EOG09263OQH	scaffold_7	397392	408438
EOG09263OQH	scaffold_8	64945	75568
EOG09265FI4	scaffold_3	515263	525595
EOG09262KXK	scaffold_4	43763	100403
EOG09262KXK	scaffold_2	756809	767699
EOG09262KXK	scaffold_8	34994	59986
EOG09260C5W	scaffold_9	22386	36141
EOG092643S6	scaffold_3	208578	218910
EOG09264J8E	scaffold_1	194571	204819
EOG09261O7R	scaffold_13	156759	167076
EOG09264CND	scaffold_10	538804	549262
EOG09264YIJ	scaffold_4	828541	838984
EOG09260FPA	scaffold_11	313200	326484
EOG09260TWS	scaffold_2	475128	487089
EOG09260TWS	scaffold_7	220549	232510
EOG09264331	scaffold_7	738604	749602
EOG09262MXH	scaffold_6	609227	620228
EOG09262YQG	scaffold_14	53454	64308
EOG09261IBJ	scaffold_9	249988	261565
EOG092654O3	scaffold_3	365024	375221
EOG09261RWU	scaffold_6	776945	787784
EOG09260GIX	scaffold_6	16628	28460
EOG092644N1	scaffold_7	706491	716949
EOG09263B7X	scaffold_3	562010	572846
EOG09262SMG	scaffold_1	555621	566913
EOG09264V51	scaffold_13	214996	225448
EOG09261RWJ	scaffold_7	586758	598377
EOG092624JL	scaffold_3	267169	278539
EOG09262G8Y	scaffold_2	588529	599608
EOG092628FW	scaffold_8	627419	638336
EOG092628FW	scaffold_5	859959	877567
EOG092628FW	scaffold_1	98229	108750
EOG092655M5	scaffold_10	243607	253960
EOG092640IZ	scaffold_13	281768	292538
EOG09262W7C	scaffold_2	768412	779398
EOG092635ST	scaffold_1	738547	749494
EOG09264MGU	scaffold_2	217231	227356
EOG09263HED	scaffold_7	582235	593185
EOG09263HED	scaffold_11	115215	126042
EOG09263HED	scaffold_13	313840	324613
EOG09261EAB	scaffold_11	45340	56611
EOG09261KZ6	scaffold_1	920582	931550
EOG09261KZ6	scaffold_12	326164	337039
EOG09264B74	scaffold_12	494680	506228
EOG09264X9R	scaffold_11	417766	428296
EOG092627XA	scaffold_10	451244	462464
EOG09261127	scaffold_2	640110	651612
EOG09261127	scaffold_6	98946	109740
EOG0926510L	scaffold_10	339430	349849
EOG09265BBJ	scaffold_3	594347	604640
EOG09262VPD	scaffold_7	661914	672930
EOG09261K9J	scaffold_10	398897	410189
EOG09262FE3	scaffold_1	320565	330957
EOG09262PPU	scaffold_1	974671	986065
EOG09261Y04	scaffold_14	76565	87770
EOG092621YU	scaffold_11	15288	26880
EOG09261LEU	scaffold_12	480260	491705
EOG09264RJ7	scaffold_2	755732	766016
EOG09264RJ7	scaffold_7	542082	552327
EOG09264RJ7	scaffold_4	459502	469744
EOG09263QH4	scaffold_9	543201	553899
EOG09263QH4	scaffold_4	756840	767490
EOG092644K0	scaffold_3	340284	350826
EOG09264IOS	scaffold_9	501475	511870
EOG09264RQY	scaffold_11	138665	149159
EOG09260Z5E	scaffold_4	585624	597876
EOG092643Y5	scaffold_2	691866	702492
EOG09263RW3	scaffold_10	569068	579862
EOG09263RW3	scaffold_7	384889	395446
EOG0926009O	scaffold_7	35795	48131
EOG09263ZBF	scaffold_11	382519	393301
EOG09261PUF	scaffold_1	571497	582777
EOG09261PUF	scaffold_4	635182	646354
EOG09261PUF	scaffold_10	575625	586953
EOG09261MMR	scaffold_1	420724	448429
EOG09261XAF	scaffold_9	443898	454962
EOG09261I0F	scaffold_8	495241	506584
EOG092652NQ	scaffold_9	445254	455769
EOG09265M8S	scaffold_9	206028	216363
EOG09261CQG	scaffold_12	145402	156622
EOG092603SM	scaffold_3	313776	324837
EOG092603SM	scaffold_16	82064	92522
EOG0926079Q	scaffold_5	623225	636269
EOG092606O3	scaffold_3	986662	998674
EOG09265KF9	scaffold_3	262742	272909
EOG09262CA4	scaffold_12	443865	454965
EOG09263LP3	scaffold_11	237975	248835
EOG092652ZZ	scaffold_4	700308	710727
EOG09262SWJ	scaffold_7	712117	722773
EOG09262IZO	scaffold_1	798862	810106
EOG09262IZO	scaffold_12	178288	189529
EOG09261AMX	scaffold_3	644951	656069
EOG09261AMX	scaffold_6	714422	725540
EOG09261AMX	scaffold_8	277171	338814
EOG09261Q5L	scaffold_10	370860	382194
EOG092611G7	scaffold_8	165095	177200
EOG09260TLW	scaffold_3	937851	949887
EOG092605KN	scaffold_14	130083	142914
EOG09261225	scaffold_2	151197	162831
EOG09264F1U	scaffold_6	62053	73021
EOG092606AD	scaffold_1	1216898	1227524
EOG09265BE5	scaffold_10	201687	212052
EOG09262FW1	scaffold_3	179512	190609
EOG09261ZJR	scaffold_1	547626	559539
EOG09261ZJR	scaffold_3	320052	331071
EOG09263EVJ	scaffold_6	523378	534130
EOG09265CFP	scaffold_12	82788	93081
EOG09263CAC	scaffold_14	55967	66188
EOG09263760	scaffold_4	103081	113620
EOG09263UAJ	scaffold_15	144210	155271
EOG09265B95	scaffold_1	152710	163240
EOG092603EH	scaffold_1	141256	155557
EOG09260ETR	scaffold_8	358868	371837
EOG09261QXC	scaffold_16	39946	51376
EOG09261QXC	scaffold_4	918459	929889
EOG09264SET	scaffold_1	880886	891446
EOG09264SET	scaffold_4	295540	305917
EOG09264GMT	scaffold_1	208015	218602
EOG09261V2P	scaffold_6	850860	861210
EOG09260RVQ	scaffold_8	368854	380278
EOG09261JUE	scaffold_11	101342	112832
EOG09260PI1	scaffold_2	729507	740643
EOG092636T6	scaffold_2	711920	723133
EOG092636T6	scaffold_6	241648	252397
EOG092636T6	scaffold_13	238825	249706
EOG09264UD3	scaffold_3	336963	394875
EOG09263MIB	scaffold_1	425097	435921
EOG09263MIB	scaffold_2	13979	24806
EOG092600T9	scaffold_2	172833	188991
EOG09261S0S	scaffold_3	77277	87789
EOG09261KHB	scaffold_7	465283	476680
EOG09261KHB	scaffold_9	621738	632796
EOG0926489S	scaffold_1	1048097	1058891
EOG09263U71	scaffold_16	127603	138415
EOG092612MY	scaffold_5	61415	74231
EOG09262PIH	scaffold_2	182978	194105
EOG09262PIH	scaffold_4	119321	130307
EOG09264KDO	scaffold_1	795505	806068
EOG092643JW	scaffold_1	877631	887933
EOG09261TEQ	scaffold_4	301001	354471
EOG09263WM5	scaffold_3	1004946	1016355
EOG09265HP0	scaffold_10	112092	122493
EOG09265HP0	scaffold_11	366601	376915
EOG09265HP0	scaffold_7	44651	54965
EOG09261QYO	scaffold_12	240677	252922
EOG09260RGH	scaffold_7	560620	572539
EOG09265G9U	scaffold_1	1221302	1231595
EOG092629WA	scaffold_8	154994	166373
EOG09264R0D	scaffold_4	438681	449460
EOG09264MN3	scaffold_4	816686	827093
EOG09261T98	scaffold_4	319894	331165
EOG09262CDO	scaffold_7	504854	516089
EOG092646WF	scaffold_8	608119	618679
EOG09261JR0	scaffold_1	1309	12349
EOG09261NW2	scaffold_4	688485	700521
EOG09263GIG	scaffold_6	124830	136215
EOG092643VB	scaffold_1	620697	631350
EOG09261EM7	scaffold_12	225004	235921
EOG09261EM7	scaffold_8	670617	681639
EOG09261EM7	scaffold_5	117217	128146
EOG092602BZ	scaffold_3	96682	111490
EOG092639H5	scaffold_8	299999	311087
EOG09263C4C	scaffold_11	383931	394401
EOG092624UF	scaffold_7	639348	650826
EOG09262WXK	scaffold_5	324771	335709
EOG09264C3N	scaffold_10	409953	420693
EOG09260H6E	scaffold_1	433033	444676
EOG09261KRX	scaffold_7	98796	109473
EOG09261KRX	scaffold_11	306566	317084
EOG09261MOX	scaffold_1	740696	751457
EOG09261T74	scaffold_9	621579	632931
EOG09261T74	scaffold_7	465406	476458
EOG09261T74	scaffold_2	151722	162729
EOG092626HU	scaffold_10	332921	344282
EOG09261XGL	scaffold_11	286633	297964
EOG09261XGL	scaffold_15	153372	164526
EOG09260Z3X	scaffold_2	590531	602045
EOG09260Z3X	scaffold_1	678565	689620
EOG092656RK	scaffold_4	299970	310419
EOG09265FTN	scaffold_1	952814	963101
EOG09264HU0	scaffold_8	61519	72448
EOG09264ABT	scaffold_6	756255	766776
EOG09261J0P	scaffold_5	602858	614429
EOG09261J0P	scaffold_7	299258	310382
EOG09264BWL	scaffold_5	941761	952060
EOG092615SM	scaffold_2	365437	377785
EOG09263IMF	scaffold_2	1027601	1037975
EOG09265PQX	scaffold_14	15363	25551
EOG092608ZS	scaffold_1	105122	116375
EOG092608ZS	scaffold_5	961482	972696
EOG09260BZ0	scaffold_12	251044	263281
EOG09262P1W	scaffold_2	214422	225717
EOG09264398	scaffold_1	758467	769228
EOG092620E4	scaffold_5	812734	824119
EOG092620E4	scaffold_7	746318	757676
EOG09260KM4	scaffold_2	707459	718709
EOG09260KM4	scaffold_10	175353	186551
EOG09263WZ2	scaffold_8	613060	623959
EOG092624KK	scaffold_4	96557	107699
EOG09264O9F	scaffold_1	46200	56700
EOG09264O9F	scaffold_2	1019923	1030423
EOG09261IFQ	scaffold_11	26158	37912
EOG09260EAZ	scaffold_4	15404	28043
EOG09260M87	scaffold_5	830685	842763
EOG09263A3Y	scaffold_10	328847	340265
EOG09265L8N	scaffold_11	87097	97345
EOG09265L8N	scaffold_9	650933	661154
EOG09263S2P	scaffold_10	235402	245911
EOG09264BIX	scaffold_8	21734	32300
EOG0926131E	scaffold_4	654325	665203
EOG09260CMZ	scaffold_3	563258	575957
EOG09262I0R	scaffold_12	232585	243637
EOG0926386D	scaffold_1	913729	924637
EOG0926386D	scaffold_12	323416	334324
EOG09261OIA	scaffold_4	239385	251241
EOG09261OIF	scaffold_15	237712	249085
EOG09261OIF	scaffold_7	742306	753424
EOG09264DY4	scaffold_16	47659	57964
EOG092652KR	scaffold_14	213444	223893
EOG092618M2	scaffold_6	598993	609766
EOG09260QNB	scaffold_8	499037	511166
EOG092617RY	scaffold_2	1051870	1063314
EOG09264903	scaffold_3	270078	280710
EOG09264904	scaffold_7	521981	532607
EOG09265BWR	scaffold_10	412574	423363
EOG09265BWR	scaffold_12	105922	116679
EOG09263LNF	scaffold_4	192221	203339
EOG09263SFX	scaffold_6	580989	591720
EOG092656IY	scaffold_1	1195608	1205847
EOG09264ZQC	scaffold_2	89386	99727
EOG092629RT	scaffold_1	843591	854781
EOG09262M2J	scaffold_2	880759	891700
EOG09261EMF	scaffold_1	577680	588885
EOG092613UB	scaffold_2	854016	865257
EOG092613UB	scaffold_1	777867	788925
EOG09262K67	scaffold_8	694270	704761
EOG09264OBO	scaffold_15	174740	184808
EOG09263817	scaffold_14	87451	97756
EOG092617RN	scaffold_11	333726	345456
EOG092617RN	scaffold_16	108358	120049
EOG092617RN	scaffold_7	69680	81356
EOG09262IZ6	scaffold_3	86429	97358
EOG09260VCG	scaffold_6	793136	803630
EOG09263F11	scaffold_4	241506	251805
EOG09260DFJ	scaffold_13	266764	279442
EOG09262Z14	scaffold_3	277080	288237
EOG09260DFH	scaffold_4	92716	105759
EOG092621F2	scaffold_5	967206	978282
EOG09263HK2	scaffold_11	494986	506035
EOG092602UY	scaffold_1	561631	576688
EOG09264S40	scaffold_12	216567	227046
EOG09262CMP	scaffold_11	169491	180855
EOG09263XVS	scaffold_9	313941	324279
EOG09262O0R	scaffold_10	637443	647505
EOG09260B65	scaffold_10	29068	42028
EOG09260UA2	scaffold_7	550509	561798
EOG092600SK	scaffold_14	267623	282023
EOG09264RJL	scaffold_5	571205	581456
EOG09264RBX	scaffold_8	641602	652246
EOG092619MJ	scaffold_1	600971	612785
EOG09260LVD	scaffold_1	273791	284039
EOG09265K1R	scaffold_13	311997	322284
EOG0926400M	scaffold_5	168814	179536
EOG092600SD	scaffold_7	481612	496615
EOG09260OZU	scaffold_2	997607	1009883
EOG09263NE7	scaffold_12	226603	237655
EOG09262387	scaffold_16	125449	136699
EOG092628LW	scaffold_4	396599	407027
EOG0926477X	scaffold_6	522388	533020
EOG0926051U	scaffold_9	190681	205879
EOG09260THV	scaffold_3	290695	301597
EOG09264G1I	scaffold_5	743781	754512
EOG09264CP8	scaffold_6	718942	729532
EOG0926213Z	scaffold_8	459466	471922
EOG092638RC	scaffold_5	953909	964943
EOG09260A6Q	scaffold_9	464840	477994
EOG09262VVF	scaffold_10	158611	169912
EOG092653O3	scaffold_8	197534	208013
EOG09263690	scaffold_4	525182	536486
EOG092610TN	scaffold_4	596193	607929
EOG0926213Q	scaffold_2	545237	556178
EOG09264P3R	scaffold_3	354763	365389
EOG09264P3R	scaffold_6	149989	160615
EOG09261W2O	scaffold_8	220988	232367
EOG09264U81	scaffold_10	313613	324113
EOG09261IOS	scaffold_1	1119252	1167631
EOG09261IOS	scaffold_10	110246	241508
EOG09262WSH	scaffold_1	797480	808505
EOG09260V8Q	scaffold_11	432782	444134
EOG09260V8Q	scaffold_2	930062	941051
EOG09260V8Q	scaffold_7	78836	89549
EOG09263YFX	scaffold_13	179938	190774
EOG09264D7Y	scaffold_2	324076	334744
EOG0926315C	scaffold_1	822847	833479
EOG0926146A	scaffold_15	68461	80377
EOG09265040	scaffold_10	553673	563897
EOG09265BAK	scaffold_11	119645	129845
EOG092604KQ	scaffold_1	800695	814690
EOG09264HHW	scaffold_3	87658	98167
EOG09264HHW	scaffold_11	187330	197839
EOG09264HHW	scaffold_15	57526	68020
EOG09262UB3	scaffold_8	518786	529862
EOG09263X22	scaffold_7	110304	121134
EOG09261S7X	scaffold_8	63012	74007
EOG09261V87	scaffold_7	136932	148242
EOG092608C4	scaffold_3	588685	602488
EOG09263CGP	scaffold_1	300515	311219
EOG09261UWT	scaffold_7	144101	154937
EOG092608T8	scaffold_2	1059686	1072076
EOG09262A6N	scaffold_1	932971	943981
EOG09262A6N	scaffold_7	556375	602353
EOG09262A6N	scaffold_14	206123	256202
EOG0926484N	scaffold_9	675058	685570
EOG09265KPR	scaffold_10	135679	145918
EOG09260T4S	scaffold_6	152395	164125
EOG092653LT	scaffold_6	775910	786113
EOG09260KDB	scaffold_10	119135	131837
EOG092600S9	scaffold_7	209053	225805
EOG09260JT9	scaffold_3	111508	123712
EOG09260JT9	scaffold_6	564647	576524
EOG09260JT9	scaffold_7	601461	612951
EOG09264OYZ	scaffold_4	19920	30369
EOG09264WF4	scaffold_5	522130	533083
EOG09260VTA	scaffold_5	239298	251082
EOG09260VTN	scaffold_10	50276	61349
EOG09260VTN	scaffold_8	0	8497
EOG09260VTN	scaffold_2	260240	271736
EOG09261ZI1	scaffold_13	342785	353762
EOG09264PE5	scaffold_6	385165	395752
EOG09261W90	scaffold_7	271081	282100
EOG092648XW	scaffold_6	614767	625519
EOG09263CAH	scaffold_9	434604	445452
EOG09265E6R	scaffold_9	128598	138978
EOG09261XNJ	scaffold_2	223619	235172
EOG09261XNJ	scaffold_9	527908	539392
EOG09261XNJ	scaffold_13	58370	69809
EOG09260FMW	scaffold_5	875095	887791
EOG09263ULA	scaffold_10	504190	515251
EOG09262PMC	scaffold_1	383240	396611
EOG09263E49	scaffold_15	108206	119375
EOG09263E49	scaffold_2	907601	918509
EOG09263E49	scaffold_8	467573	503438
EOG09260NXJ	scaffold_9	31201	42121
EOG09260XSR	scaffold_7	142033	152716
EOG09264PMA	scaffold_11	512904	523398
EOG092606WZ	scaffold_8	157726	171427
EOG09264GQZ	scaffold_8	246217	256942
EOG09260NXC	scaffold_1	227098	238867
EOG09262X8R	scaffold_10	468387	479283
EOG09261ICI	scaffold_14	93122	104282
EOG092631MU	scaffold_10	266750	277778
EOG09264VC6	scaffold_5	245548	255853
EOG092652Y6	scaffold_2	1002325	1012642
EOG0926420U	scaffold_3	494211	504588
EOG092631ML	scaffold_7	189133	199945
EOG09262M0W	scaffold_1	860524	871339
EOG09260EE7	scaffold_5	377588	390413
EOG09260EE7	scaffold_14	206333	256229
EOG09263QUM	scaffold_2	963482	974087
EOG092605QM	scaffold_1	498322	513208
EOG09263QB7	scaffold_15	150352	161167
EOG09262739	scaffold_11	409143	420447
EOG09262739	scaffold_4	963595	974698
EOG09262VQQ	scaffold_12	107863	118963
EOG09262VQQ	scaffold_10	426210	437304
EOG09262VQQ	scaffold_4	721572	732480
EOG0926073O	scaffold_8	442931	456392
EOG09263CUQ	scaffold_4	686388	696711
EOG092640PR	scaffold_3	326841	337227
EOG09263KB4	scaffold_5	162277	172984
EOG09263LR1	scaffold_8	471832	482680
EOG09263LR1	scaffold_12	279548	290201
EOG09260PJ9	scaffold_2	504453	516369
EOG09263QPR	scaffold_1	718130	728564
EOG0926092K	scaffold_7	66084	79095
EOG0926092K	scaffold_3	648907	661144
EOG0926092K	scaffold_6	445905	458193
EOG09265FGA	scaffold_5	451456	461854
EOG09265FGA	scaffold_9	379543	389980
EOG09263720	scaffold_6	19819	30688
EOG0926310O	scaffold_7	532609	543361
EOG0926310O	scaffold_2	934760	945350
EOG0926310O	scaffold_13	101215	111775
EOG092625AX	scaffold_6	622481	633107
EOG0926423H	scaffold_7	96785	107639
EOG09264ZWF	scaffold_1	856320	866808
EOG09260YMF	scaffold_9	367330	378922
EOG09260YMF	scaffold_2	1063720	1075072
EOG09260YMF	scaffold_12	225052	236047
EOG09264VZ7	scaffold_1	1155097	1165567
EOG09262JRP	scaffold_6	341671	352978
EOG09260WCZ	scaffold_2	520140	532089
EOG092605OK	scaffold_4	901281	916269
EOG092605OK	scaffold_2	229818	244110
EOG09262N3C	scaffold_5	775494	786540
EOG09262TEV	scaffold_1	381493	392128
EOG09260XMI	scaffold_12	335900	347783
EOG092633QB	scaffold_10	66233	76988
EOG09264BOA	scaffold_2	204740	215246
EOG09263S1E	scaffold_15	46583	57161
EOG092607OQ	scaffold_1	162554	176456
EOG09265D7J	scaffold_6	821908	832204
EOG09262GLP	scaffold_7	226230	236394
EOG09261ZFN	scaffold_6	171863	183152
EOG09261ZFN	scaffold_1	25692	36363
EOG092634G9	scaffold_7	699004	709426
EOG092654RM	scaffold_3	138028	148285
EOG09263MGE	scaffold_14	88397	99248
EOG09263EBB	scaffold_10	570200	581093
EOG09264X41	scaffold_13	164127	174621
EOG09264R4M	scaffold_2	870665	881243
EOG092631QQ	scaffold_1	945450	956199
EOG09263HD8	scaffold_2	965270	976133
EOG09262KUJ	scaffold_6	241510	252424
EOG09262KUJ	scaffold_13	238816	249697
EOG09262KUJ	scaffold_2	220654	231634
EOG092612CC	scaffold_5	726708	737490
EOG09264UJF	scaffold_2	394721	405119
EOG09264T3S	scaffold_7	131712	142107
EOG092609O9	scaffold_10	402004	415729
EOG09264ENO	scaffold_7	263929	296020
EOG09263TQ5	scaffold_7	290647	301474
EOG0926074Y	scaffold_2	218080	231553
EOG09263L00	scaffold_13	228517	238957
EOG09263L00	scaffold_11	246399	256962
EOG09263L00	scaffold_4	287472	297756
EOG092605VL	scaffold_8	345476	358568
EOG09262E4Q	scaffold_2	329211	340362
EOG09262E4Q	scaffold_12	224962	236047
EOG09262E4Q	scaffold_5	117082	128152
EOG09265DVA	scaffold_3	42677	53087
EOG09262E4T	scaffold_2	317134	327925
EOG09262YP5	scaffold_2	116992	127810
EOG09264UVA	scaffold_3	616897	627412
EOG09262914	scaffold_9	152398	163507
EOG09262914	scaffold_4	822463	833503
EOG092621S9	scaffold_12	143365	154729
EOG092605VU	scaffold_5	275825	287168
EOG09262528	scaffold_1	361256	372518
EOG09262HA6	scaffold_12	482961	494061
EOG092613QA	scaffold_3	941494	952306
EOG09262OLP	scaffold_3	487080	497685
EOG09265I7S	scaffold_14	85124	95360
EOG0926505R	scaffold_8	334467	344817
EOG0926347W	scaffold_10	491752	502858
EOG0926347W	scaffold_2	297408	308466
EOG09262H34	scaffold_11	6124	17566
EOG09260DBG	scaffold_2	849719	862556
EOG09260JPV	scaffold_10	277950	289296
EOG09260JPV	scaffold_9	364805	375995
EOG09260JPV	scaffold_11	333729	344853
EOG092644O2	scaffold_6	559632	570303
EOG09261B18	scaffold_2	369482	381617
EOG09261VI3	scaffold_6	361837	373333
EOG09264XVU	scaffold_1	497551	508192
EOG09262Z2S	scaffold_7	432966	443772
EOG09262Q6S	scaffold_1	98193	109092
EOG09262Q6S	scaffold_5	866881	877567
EOG09262Q6S	scaffold_8	627428	638186
EOG09260H81	scaffold_8	104910	116961
EOG09260K29	scaffold_5	784922	796070
EOG09260K29	scaffold_4	539408	550316
EOG09260NAN	scaffold_5	254374	265594
EOG09261B14	scaffold_9	84465	95439
EOG09264B3O	scaffold_8	210041	220871
EOG0926522L	scaffold_12	209025	219291
EOG09260V5Q	scaffold_14	22738	35227
EOG09261N64	scaffold_8	178511	189977
EOG092603JK	scaffold_3	658803	670182
EOG09265K5D	scaffold_11	244847	254993
EOG09262LI4	scaffold_10	149871	160578
EOG09261FM4	scaffold_8	218515	229999
EOG09265ER6	scaffold_10	309349	319603
EOG09263XZN	scaffold_15	246757	257548
EOG09261I8J	scaffold_2	929810	941066
EOG09261I8J	scaffold_11	325723	336607
EOG09261I8J	scaffold_7	78845	89735
EOG09260NJW	scaffold_13	189315	201606
EOG09260RNZ	scaffold_2	841750	853918
EOG092612LP	scaffold_1	341327	353279
EOG09261031	scaffold_3	960638	971828
EOG092648O6	scaffold_4	960715	971056
EOG09261QR5	scaffold_6	626306	638165
EOG092607ZS	scaffold_11	463415	476735
EOG09260FX0	scaffold_3	638856	652290
EOG092601YK	scaffold_13	81412	97702
EOG09265MAN	scaffold_3	142822	153130
EOG09263RVR	scaffold_4	423114	434001
EOG09260LRX	scaffold_1	848115	860346
EOG0926025H	scaffold_10	395417	407168
EOG092646PE	scaffold_4	140157	150639
EOG092646PE	scaffold_3	1002516	1012959
EOG092646PE	scaffold_5	342507	352935
EOG09263J3H	scaffold_5	180048	190857
EOG092603KJ	scaffold_4	880589	893240
EOG09260HMA	scaffold_5	761056	773620
EOG09263MNN	scaffold_6	203970	215463
EOG092620IA	scaffold_2	211667	224051
EOG09261OXV	scaffold_1	270232	283350
EOG0926347K	scaffold_11	446545	457507
EOG09260A27	scaffold_3	713994	725577
EOG09265A4E	scaffold_13	212412	222726
EOG092608GK	scaffold_3	925442	936458
EOG092608GK	scaffold_12	414563	425579
EOG092608GK	scaffold_6	26039	36614
EOG0926142H	scaffold_3	573549	585354
EOG09263C1V	scaffold_9	304597	315796
EOG09261DJC	scaffold_11	136942	147439
EOG09260KGS	scaffold_10	354903	367542
EOG09261DW8	scaffold_5	495013	506599
EOG09264ZDJ	scaffold_5	933476	943760
EOG09261B6Y	scaffold_14	201385	212794
EOG09260KIY	scaffold_13	238339	249841
EOG09260KIY	scaffold_15	120375	131733
EOG09263KEE	scaffold_3	46658	56864
EOG09263ZBJ	scaffold_2	862242	872577
EOG0926229Z	scaffold_5	278048	289310
EOG0926229Z	scaffold_15	55352	66326
EOG0926229Z	scaffold_2	423988	434803
EOG0926142Y	scaffold_2	956996	968831
EOG0926142Y	scaffold_4	818207	829730
EOG0926142Y	scaffold_9	218800	230515
EOG09263ZSC	scaffold_4	793080	803619
EOG09264ZDZ	scaffold_8	595604	605861
EOG09261O4Y	scaffold_11	298642	310036
EOG09262CXO	scaffold_6	836440	847372
EOG09262CXO	scaffold_14	206264	256277
EOG09262CXO	scaffold_7	556351	602332
EOG092634MM	scaffold_4	782278	793066
EOG09264YHS	scaffold_9	540660	551220
EOG092600W1	scaffold_8	130354	146104
EOG0926071Q	scaffold_4	220331	233441
EOG092603D0	scaffold_7	443449	457531
EOG09263CG2	scaffold_3	37403	47798
EOG09261QR8	scaffold_6	296135	307634
EOG09264LJU	scaffold_1	984894	995451
EOG092641UM	scaffold_4	460243	470956
EOG09260SIZ	scaffold_12	236562	248703
EOG09264HOY	scaffold_4	657802	668539
EOG09264P74	scaffold_8	129276	139644
EOG0926235L	scaffold_3	341109	352587
EOG0926235L	scaffold_6	165405	176937
EOG09263NXM	scaffold_3	800250	811725
EOG09264DT4	scaffold_16	51288	62430
EOG09265JX6	scaffold_8	315640	325954
EOG09265JX6	scaffold_12	380857	391171
EOG09263WSS	scaffold_11	150766	161344
EOG09263WSS	scaffold_9	418694	429152
EOG09260075	scaffold_5	38202	57468
EOG09260RRC	scaffold_5	636662	648458
EOG09263WWI	scaffold_3	870590	881354
EOG092631IR	scaffold_6	233048	244070
EOG092631IR	scaffold_3	78981	89790
EOG092631IR	scaffold_7	87190	98068
EOG09262XGK	scaffold_13	388484	399548
EOG09265552	scaffold_6	855115	865339
EOG09261UMG	scaffold_11	294330	305436
EOG092643NE	scaffold_5	224708	235022
EOG09261ONU	scaffold_3	869183	879731
EOG09262X31	scaffold_11	31622	42500
EOG09262ESR	scaffold_13	278989	290137
EOG09260RRN	scaffold_7	163444	176155
EOG09265E8A	scaffold_5	500173	510334
EOG092603YJ	scaffold_2	939110	954002
EOG09265LEG	scaffold_16	25705	35923
EOG09262CUO	scaffold_2	560465	571346
EOG0926307V	scaffold_4	269221	280294
EOG092608L0	scaffold_10	179004	191826
EOG092608L0	scaffold_2	699085	711901
EOG092608L0	scaffold_4	865232	877481
EOG092601KZ	scaffold_6	222408	235494
EOG09262U7S	scaffold_1	841673	852410
EOG09261CWO	scaffold_11	448314	459759
EOG09262V8E	scaffold_5	353893	365272
EOG092645OU	scaffold_4	681962	692978
EOG092645OU	scaffold_14	205832	256229
EOG092645OU	scaffold_8	593519	604394
EOG09262GNE	scaffold_4	50694	61776
EOG09262L1P	scaffold_11	307878	319227
EOG09260WG2	scaffold_8	229866	242166
EOG092638XA	scaffold_8	593558	604463
EOG092638XA	scaffold_14	206294	256256
EOG092638XA	scaffold_13	238816	249682
EOG09260WUS	scaffold_5	446243	458777
EOG0926077L	scaffold_1	1009652	1020551
EOG0926407T	scaffold_3	848617	859285
EOG092614UB	scaffold_5	229640	240956
EOG09265313	scaffold_14	198719	209021
EOG092641G3	scaffold_2	878230	888457
EOG092644WX	scaffold_4	951528	962244
EOG092644WX	scaffold_1	75558	86046
EOG092644WX	scaffold_3	732537	743019
EOG09260492	scaffold_3	692531	706091
EOG09265OQH	scaffold_5	719837	730070
EOG09261L4M	scaffold_3	671672	683072
EOG09260WUA	scaffold_1	7126	17905
EOG0926499W	scaffold_1	67640	78806
EOG092608RH	scaffold_5	822417	835413
EOG09261T6U	scaffold_5	929673	941190
EOG09261T6U	scaffold_1	150142	162020
EOG09264OBA	scaffold_6	503825	514373
EOG09260ZG2	scaffold_11	224630	236363
EOG092617S2	scaffold_10	385780	397381
EOG092617S2	scaffold_1	394149	405369
EOG092617S2	scaffold_11	502170	513561
EOG092618UZ	scaffold_13	36549	47172
EOG09264U78	scaffold_4	626968	637279
EOG09260AQB	scaffold_4	244145	256913
EOG0926049A	scaffold_4	890509	903976
EOG09263OAE	scaffold_6	76817	87788
EOG09263OAE	scaffold_8	569864	580664
EOG09263OAE	scaffold_13	159823	170605
EOG09265PUI	scaffold_2	631111	641299
EOG092613R2	scaffold_2	1083879	1095642
EOG09260WU6	scaffold_7	25690	37831
EOG09260BRA	scaffold_3	78501	89844
EOG09260BRA	scaffold_7	87142	98125
EOG09260BRA	scaffold_6	772854	783711
EOG09261I1I	scaffold_5	707914	720211
EOG09261HM3	scaffold_9	527788	539404
EOG09261HM3	scaffold_2	223622	235169
EOG09261HM3	scaffold_13	58328	69812
EOG0926049S	scaffold_8	297279	309321
EOG092633US	scaffold_9	86202	97212
EOG09262ILV	scaffold_5	145617	156741
EOG09263UWJ	scaffold_5	887971	899044
EOG09265LIB	scaffold_13	21868	32170
EOG09260779	scaffold_6	856292	869621
EOG09261I1G	scaffold_5	738197	749360
EOG092643QM	scaffold_7	353044	363571
EOG09260QVP	scaffold_14	35830	46630
EOG09265DDU	scaffold_2	57285	67467
EOG09264FVQ	scaffold_6	822511	833188
EOG09265822	scaffold_1	705209	715829
EOG092644ZU	scaffold_16	111266	121796
EOG0926195C	scaffold_1	658165	670132
EOG09260OE9	scaffold_7	441428	453176
EOG09260OE9	scaffold_5	574238	587687
EOG09263JTO	scaffold_2	127857	138669
EOG09263JTO	scaffold_6	550867	578668
EOG09264L3W	scaffold_16	68465	79043
EOG09263X1F	scaffold_5	37111	47797
EOG09263D2P	scaffold_8	330428	340808
EOG09263D2P	scaffold_4	441800	452150
EOG09261EU7	scaffold_9	159750	240768
EOG09261EU7	scaffold_12	172068	182949
EOG09261EU7	scaffold_3	552213	581019
EOG09264G4X	scaffold_11	318605	329192
EOG09264G4X	scaffold_7	126682	137320
EOG09264G4X	scaffold_6	699352	709906
EOG092604ZZ	scaffold_2	739163	752435
EOG09265A08	scaffold_6	658484	668891
EOG09264SQJ	scaffold_4	556870	567460
EOG092615IE	scaffold_2	806180	818478
EOG09260OM6	scaffold_15	176872	188692
EOG09260OM6	scaffold_11	196697	208265
EOG09260OM6	scaffold_6	98667	110460
EOG09263H5H	scaffold_12	229522	240514
EOG09262YAU	scaffold_1	535770	546843
EOG0926457R	scaffold_7	126655	137296
EOG0926457R	scaffold_11	318629	329207
EOG092620FM	scaffold_3	29432	40406
EOG09260JTZ	scaffold_8	70846	83539
EOG09264E6Z	scaffold_1	612715	623305
EOG09261UPM	scaffold_1	74652	85095
EOG09263MEM	scaffold_5	359017	369805
EOG09264W46	scaffold_10	406824	417480
EOG09265JNA	scaffold_14	158312	168491
EOG09261N20	scaffold_2	901265	911987
EOG092621CP	scaffold_2	1079180	1090520
EOG092630YS	scaffold_2	309179	320246
EOG092627F1	scaffold_5	917909	929105
EOG092627F1	scaffold_14	206432	256229
EOG09260HS3	scaffold_5	413812	425779
EOG092649XV	scaffold_1	1107853	1118791
EOG09264IIZ	scaffold_1	388742	398942
EOG0926273Q	scaffold_5	457015	468115
EOG09260J8F	scaffold_8	184982	196385
EOG0926129I	scaffold_5	321702	333540
EOG09263L7Y	scaffold_15	91503	102540
EOG09265FL1	scaffold_3	612804	623139
EOG09265FL1	scaffold_5	412584	422835
EOG09265FL1	scaffold_11	356570	366788
EOG09260K24	scaffold_4	949109	961010
EOG09263C55	scaffold_6	251352	262674
EOG092610KH	scaffold_8	614715	626223
EOG09260KCB	scaffold_8	530142	540846
EOG09260AZA	scaffold_13	97760	110645
EOG09264XM2	scaffold_3	447098	457337
EOG09260AZM	scaffold_13	231135	244065
EOG09260AZM	scaffold_11	471740	485210
EOG09260AZM	scaffold_16	64301	77033
EOG09261YGB	scaffold_3	343815	355167
EOG09260AZK	scaffold_6	476393	488789
EOG09264T8I	scaffold_8	401877	412131
EOG09264T8I	scaffold_3	403613	413855
EOG09260KCW	scaffold_9	395127	406905
EOG09260KCW	scaffold_15	135230	147056
EOG09260KCW	scaffold_6	483863	495728
EOG09260R84	scaffold_13	274092	285150
EOG09261RU1	scaffold_15	96320	107714
EOG092602MO	scaffold_8	176512	188167
EOG09260DP1	scaffold_2	653762	666557
EOG09263I7I	scaffold_1	517179	528321
EOG09263I7I	scaffold_8	478473	489165
EOG092634ZL	scaffold_2	296769	307344
EOG09260K5F	scaffold_13	204405	216405
EOG09264272	scaffold_6	844366	855058
EOG09261MPU	scaffold_4	376283	387521
EOG09261MPU	scaffold_2	512166	523176
EOG09261MPU	scaffold_12	225019	235930
EOG09262FJB	scaffold_6	299962	310183
EOG092609RF	scaffold_12	474362	488639
EOG09261A3K	scaffold_8	170179	183016
EOG09262K9A	scaffold_13	118120	129214
EOG092634B5	scaffold_7	224487	235776
EOG09263JZO	scaffold_9	541459	552373
EOG09264IMV	scaffold_11	30304	40900
EOG09263BGW	scaffold_15	175022	186494
EOG09264NEF	scaffold_14	54562	64942
EOG09260OLB	scaffold_8	433236	443973
EOG09264CH7	scaffold_12	346459	357205
EOG09264CH7	scaffold_9	84792	95277
EOG09264G0H	scaffold_3	525987	536637
EOG09264ZI5	scaffold_9	132883	143023
EOG09264XPY	scaffold_2	187010	197411
EOG09260GKG	scaffold_1	688616	701405
EOG0926137U	scaffold_5	562323	574782
EOG09265G5C	scaffold_12	163217	173750
EOG09265G5C	scaffold_6	80229	90630
EOG09265G5C	scaffold_11	70584	80970
EOG09265EKJ	scaffold_7	634369	644620
EOG09262F22	scaffold_14	122198	133442
EOG09262JWJ	scaffold_7	264825	275976
EOG09262JWJ	scaffold_12	83443	94603
EOG092634B1	scaffold_10	206277	217335
EOG092634B1	scaffold_3	965873	978833
EOG09264OAU	scaffold_9	575364	585582
EOG09264O2D	scaffold_4	14161	24727
EOG09260KUC	scaffold_4	677831	689789
EOG09264I14	scaffold_11	41141	51497
EOG09262HP3	scaffold_4	165636	176607
EOG09260SL3	scaffold_3	464260	476491
EOG09260SL3	scaffold_1	681959	693668
EOG09264O6J	scaffold_10	373221	383709
EOG09264O6J	scaffold_1	667174	677740
EOG09264O6J	scaffold_11	484582	495145
EOG092625U6	scaffold_3	259963	271030
EOG09264V2U	scaffold_5	238174	248656
EOG09264OXC	scaffold_1	1151221	1161685
EOG09263W7L	scaffold_6	346537	357196
EOG09263ZW6	scaffold_1	1127592	1138290
EOG09263RDD	scaffold_2	93614	104126
EOG09263RDD	scaffold_15	150346	160765
EOG09260W52	scaffold_1	359042	370649
EOG09260NE0	scaffold_6	179498	190790
EOG09260TPT	scaffold_8	214758	225963
EOG092610LP	scaffold_12	243535	255613
EOG092610LQ	scaffold_2	425487	460938
EOG09260HSP	scaffold_13	55751	67658
EOG09262WQX	scaffold_1	995521	1006273
EOG09261N2L	scaffold_2	1048292	1059701
EOG09263YUI	scaffold_3	665443	676054
EOG09264HN5	scaffold_10	543965	554408
EOG0926158Y	scaffold_4	289233	300108
EOG09265J36	scaffold_3	690433	700579
EOG09260LI6	scaffold_14	262574	275066
EOG09260LI6	scaffold_2	653921	665570
EOG09264IDN	scaffold_4	714394	724798
EOG09264I6B	scaffold_14	194643	204990
EOG09262SR7	scaffold_5	319543	330436
EOG09265H9T	scaffold_4	332219	342521
EOG092650I8	scaffold_2	783138	793596
EOG09262X74	scaffold_5	121803	132489
EOG09261HZD	scaffold_3	846030	857604
EOG09263K05	scaffold_7	509522	519911
EOG09261ABB	scaffold_9	607470	619380
EOG092635YY	scaffold_10	305559	316590
EOG092614ZG	scaffold_12	89752	100624
EOG092625OH	scaffold_12	77708	89018
EOG092625OH	scaffold_10	342020	353318
EOG09262N0U	scaffold_6	624756	636009
EOG09264G04	scaffold_6	187245	197661
EOG09264G04	scaffold_8	291471	301740
EOG09264SUZ	scaffold_16	26152	36454
EOG09262Q8D	scaffold_11	505547	516593
EOG09265B4G	scaffold_3	757966	768355
EOG092658NW	scaffold_3	168379	178600
EOG09263GSR	scaffold_7	459292	470401
EOG092626EQ	scaffold_3	153265	210529
EOG092626EQ	scaffold_16	91382	147943
EOG092626EQ	scaffold_1	1156858	1222120
EOG09264NNY	scaffold_1	202640	213305
EOG09261660	scaffold_10	189863	201482
EOG092619GP	scaffold_5	293903	304868
EOG09264G7L	scaffold_1	1013046	1023552
EOG09263H0Y	scaffold_11	414624	425271
EOG09260S3L	scaffold_14	235359	246882
EOG09260WYQ	scaffold_4	601542	613320
EOG09260WYQ	scaffold_3	33337	44497
EOG092638CT	scaffold_4	550697	561596
EOG09264BJC	scaffold_9	371065	381637
EOG09264IV9	scaffold_1	16422	27246
EOG09261HQU	scaffold_2	753568	764884
EOG09261666	scaffold_2	226639	238699
EOG09262A8G	scaffold_4	178783	189982
EOG09261YRA	scaffold_8	393941	404906
EOG09262E3Q	scaffold_6	287228	299180
EOG09262CO6	scaffold_11	292561	303823
EOG09262CO6	scaffold_13	192128	203330
EOG09262CO6	scaffold_8	103187	114080
EOG092643IE	scaffold_4	487382	497990
EOG0926374A	scaffold_3	283950	294852
EOG092609YT	scaffold_1	745319	758177
EOG09264CST	scaffold_11	52631	63800
EOG09262N5O	scaffold_4	667123	678190
EOG092632FC	scaffold_9	315472	326596
EOG09263E5F	scaffold_8	566544	578358
EOG0926539T	scaffold_9	527050	537403
EOG0926539T	scaffold_2	561771	572097
EOG09263JCT	scaffold_3	761082	771876
EOG09264MIL	scaffold_11	77266	87730
EOG09262MOO	scaffold_15	55226	66338
EOG09262MOO	scaffold_9	262976	274385
EOG09262MOO	scaffold_12	360460	371539
EOG092604A0	scaffold_1	586029	597237
EOG09261V03	scaffold_10	78322	89458
EOG092647CM	scaffold_1	47200	57694
EOG09261WJ8	scaffold_1	722191	733030
EOG092629U5	scaffold_6	151167	161790
EOG09264L0C	scaffold_2	720973	731578
EOG09264L0C	scaffold_5	186596	197201
EOG09261XZ6	scaffold_13	166936	178291
EOG09262A65	scaffold_1	734252	745178
EOG09262A65	scaffold_4	355319	366203
EOG09262A65	scaffold_10	206475	217272
EOG0926506Z	scaffold_6	101483	111902
EOG09263J7D	scaffold_12	101305	111994
EOG09263J7D	scaffold_3	880956	891387
EOG09263J7D	scaffold_5	219488	229919
EOG09264TJN	scaffold_4	660596	671225
EOG09260VEY	scaffold_1	845540	857456
EOG09262X01	scaffold_2	1006748	1017365
EOG092658X5	scaffold_8	30431	40637
EOG092641M3	scaffold_4	582736	593473
EOG092641M3	scaffold_9	418733	429266
EOG09260ERO	scaffold_10	17644	30679
EOG09264AWW	scaffold_5	561103	571822
EOG09265NHW	scaffold_4	585038	595295
EOG09265NHW	scaffold_11	425233	435481
EOG09263OD3	scaffold_4	838532	849185
EOG09265GYD	scaffold_2	971893	982111
EOG092619NK	scaffold_6	347587	359512
EOG09260NNR	scaffold_7	441347	453257
EOG09260NNR	scaffold_4	646379	658433
EOG09260NNR	scaffold_6	375820	387376
EOG09265DAV	scaffold_3	544949	555248
EOG09265DAV	scaffold_5	756949	767248
EOG092642UD	scaffold_15	83227	93937
EOG09262UAS	scaffold_2	1068992	1080092
EOG092620EL	scaffold_9	592797	604323
EOG092620EL	scaffold_7	129418	140938
EOG0926425H	scaffold_9	544196	554732
EOG09260EZT	scaffold_3	774099	785919
EOG09262XRU	scaffold_16	123534	134589
EOG09260NWN	scaffold_2	143013	155112
EOG09262MFL	scaffold_7	58560	69429
EOG09262JZW	scaffold_3	621984	633123
EOG09261ZPW	scaffold_5	859428	877636
EOG09260JNY	scaffold_2	1056287	1067861
EOG09262PZ9	scaffold_8	457938	469059
EOG09262PZ9	scaffold_6	550564	578920
EOG09262PZ9	scaffold_4	470031	480840
EOG09262R8O	scaffold_1	181114	192103
EOG09263OCO	scaffold_10	198698	209573
EOG09263OCO	scaffold_6	550858	578971
EOG09263OCO	scaffold_5	764229	775035
EOG09263BG5	scaffold_8	676266	687405
EOG09263IQ5	scaffold_12	230907	241734
EOG092617AN	scaffold_6	115858	129211
EOG09260MBW	scaffold_5	356080	368599
EOG09261F73	scaffold_2	1063726	1075057
EOG09261F73	scaffold_9	367351	378688
EOG09261F73	scaffold_12	225043	236005
EOG09264T1U	scaffold_4	595322	605927
EOG09264DJ8	scaffold_4	450031	460867
EOG09264EGS	scaffold_1	378994	389161
EOG09264EGS	scaffold_2	1023474	1033641
EOG09264EGS	scaffold_3	390545	400658
EOG09264IQ7	scaffold_4	211773	222384
EOG09263FAK	scaffold_8	153541	164308
EOG09265FTY	scaffold_2	142394	152744
EOG092628A0	scaffold_9	416630	427907
EOG09261M78	scaffold_3	707906	719393
EOG09264KTU	scaffold_5	142246	152725
EOG092619RJ	scaffold_13	53345	63902
EOG09263E87	scaffold_6	316757	327446
EOG09261LPY	scaffold_8	19149	30108
EOG09261LPY	scaffold_14	206435	256229
EOG09261LPY	scaffold_2	220834	231601
EOG09261NLR	scaffold_1	678430	689734
EOG09261NLR	scaffold_2	590777	601958
EOG09262IP2	scaffold_1	1223425	1234414
EOG09260W9L	scaffold_9	58563	140427
EOG09260W9L	scaffold_12	268525	324996
EOG09260W9L	scaffold_1	249565	260011
EOG09265BTA	scaffold_7	65280	75627
EOG09263JW5	scaffold_5	452208	462975
EOG09262NB1	scaffold_14	96803	107945
EOG09262NB1	scaffold_8	600964	612049
EOG092644Z6	scaffold_9	171843	182511
EOG092620CR	scaffold_7	709949	721799
EOG09265DWT	scaffold_6	687398	697709
EOG09264RW6	scaffold_1	1001313	1011819
EOG09263YFH	scaffold_15	45563	56267
EOG09264T0J	scaffold_10	418627	429121
EOG09265SHM	scaffold_1	815480	825677
EOG09263Q8J	scaffold_8	69450	80205
EOG09264YKY	scaffold_10	293731	304135
EOG09260B3X	scaffold_7	652917	665433
EOG09262VOC	scaffold_6	57951	68466
EOG09262VOC	scaffold_1	504556	514987
EOG09264PDD	scaffold_4	68748	79101
EOG09264OM7	scaffold_10	549012	559524
EOG09264W7W	scaffold_2	139282	150013
EOG09260TUT	scaffold_3	977664	989349
EOG09262516	scaffold_1	598839	648759
EOG09262516	scaffold_9	391552	415427
EOG09262516	scaffold_2	223622	235004
EOG09260NY2	scaffold_3	53447	65528
EOG09260VYK	scaffold_10	423911	435464
EOG09264ZXA	scaffold_7	281086	291682
EOG09260B3H	scaffold_3	965873	978881
EOG092651FJ	scaffold_8	351993	363330
EOG09262LQT	scaffold_5	886087	896677
EOG092602I6	scaffold_6	375790	391030
EOG09264L6D	scaffold_9	68916	79002
EOG0926251E	scaffold_4	611761	623053
EOG092642I5	scaffold_5	52025	62447
EOG09265G5K	scaffold_6	649757	660128
EOG09265G5K	scaffold_5	71939	82238
EOG09261CXQ	scaffold_2	905584	916255
EOG09264OML	scaffold_4	883891	894532
EOG092625P1	scaffold_3	350768	383210
EOG092625P1	scaffold_4	661997	673082
EOG092625P1	scaffold_6	301482	312567
EOG09261OKK	scaffold_5	501792	512916
EOG09262X7T	scaffold_5	159944	171290
EOG092658CI	scaffold_3	398669	409088
EOG09260LJ8	scaffold_8	146769	159171
EOG09260EOI	scaffold_16	112601	124961
EOG09264W71	scaffold_5	179008	189454
EOG09263OZR	scaffold_1	1163724	1174440
EOG09265ANI	scaffold_14	95785	106252
EOG0926133I	scaffold_16	21069	32862
EOG09261DRB	scaffold_5	53402	64427
EOG09264NC7	scaffold_8	637398	647781
EOG092640WA	scaffold_4	699307	709876
EOG0926431P	scaffold_10	26939	37670
EOG09263UN3	scaffold_5	844189	854674
EOG09262BCZ	scaffold_2	567635	578666
EOG0926458I	scaffold_6	304741	315376
EOG09260DUR	scaffold_6	693788	704993
EOG09264TQ5	scaffold_7	552340	562780
EOG09260FFP	scaffold_5	147217	157699
EOG09260FFP	scaffold_13	44814	55179
EOG09260FFP	scaffold_12	512196	522501
EOG09260DUW	scaffold_6	290419	302062
EOG092645MK	scaffold_9	20822	31484
EOG09260GOF	scaffold_9	563886	575070
EOG09261145	scaffold_3	710911	722593
EOG09261145	scaffold_6	779764	791449
EOG09263W48	scaffold_13	158015	168734
EOG09260GF5	scaffold_6	67431	79736
EOG092646EZ	scaffold_14	195511	206116
EOG09263UQF	scaffold_3	75067	85900
EOG092648VW	scaffold_2	453831	464523
EOG09265QTV	scaffold_6	436550	446642
EOG09260SAH	scaffold_7	476095	488035
EOG092658ZO	scaffold_5	244709	254924
EOG09262341	scaffold_8	365939	376613
EOG09265JVH	scaffold_5	202795	212986
EOG09260M44	scaffold_11	22260	33447
EOG09260BSW	scaffold_8	310529	323648
EOG09260BSW	scaffold_10	104600	116927
EOG09262JAT	scaffold_6	550558	578908
EOG09262JAT	scaffold_3	964324	975148
EOG09262JAT	scaffold_4	697313	708056
EOG09260APA	scaffold_4	924020	935501
EOG092658QH	scaffold_3	865125	875460
EOG09260EQD	scaffold_2	619451	631055
EOG09264XKX	scaffold_2	353868	364116
EOG09263EDC	scaffold_9	141946	152776
EOG09263EDC	scaffold_8	598434	609213
EOG09263EDC	scaffold_2	804698	815567
EOG092607QZ	scaffold_3	202728	215754
EOG09261CM0	scaffold_1	861933	873048
EOG09261CM0	scaffold_4	376427	387308
EOG09260P2K	scaffold_12	256087	278902
EOG09260LS9	scaffold_16	132347	143150
EOG09260JJW	scaffold_10	170881	182971
EOG092621X3	scaffold_9	505720	516931
EOG0926591L	scaffold_8	396712	406930
EOG0926591L	scaffold_4	277181	287411
EOG092646CB	scaffold_7	577115	587807
EOG092614O9	scaffold_13	327960	339735
EOG09261DG0	scaffold_1	922886	934436
EOG092600T4	scaffold_8	629041	645367
EOG092600T4	scaffold_2	889674	905916
EOG092659DX	scaffold_2	269852	280058
EOG09264KIV	scaffold_1	575666	586142
EOG09263IT0	scaffold_4	725325	736185
EOG09265591	scaffold_3	298455	308880
EOG09265591	scaffold_7	431644	442030
EOG09265591	scaffold_4	750571	760957
EOG09264719	scaffold_6	641997	652743
EOG09263HYJ	scaffold_9	595506	606483
EOG092628SP	scaffold_10	500849	511661
EOG092606CY	scaffold_15	122872	136560
EOG092606CY	scaffold_9	278731	292318
EOG092606CY	scaffold_5	280047	294290
EOG09264LKR	scaffold_5	659803	670291
EOG09264LKR	scaffold_4	632602	643090
EOG09264LKR	scaffold_15	57526	68008
EOG09263G4R	scaffold_8	377050	387301
EOG09260XOG	scaffold_3	433422	445509
EOG09263R4M	scaffold_4	208685	219404
EOG09263R4M	scaffold_16	95000	105662
EOG092610VI	scaffold_2	735283	748051
EOG092610VI	scaffold_3	274113	285984
EOG092610VI	scaffold_11	153308	165086
EOG09262KZ3	scaffold_8	350178	361710
EOG09261P7G	scaffold_8	180771	192036
EOG092640ZF	scaffold_12	130880	141287
EOG09262BVA	scaffold_8	163502	174560
EOG09263FTE	scaffold_7	557700	568530
EOG09262645	scaffold_1	1087108	1098742
EOG092616YZ	scaffold_7	548005	559933
EOG092616YZ	scaffold_6	326862	338790
EOG092616YZ	scaffold_5	80377	91837
EOG09263X0V	scaffold_4	262995	273414
EOG09263X0V	scaffold_10	353103	363375
EOG09265GYK	scaffold_3	141450	151698
EOG09265GYK	scaffold_11	393189	403437
EOG092642CB	scaffold_3	895616	906209
EOG09261JWS	scaffold_1	699456	710805
EOG09261JWS	scaffold_6	301551	312663
EOG09261JWS	scaffold_4	661988	673016
EOG09264QRY	scaffold_9	284784	295167
EOG092641A6	scaffold_8	591958	603046
EOG09264O3B	scaffold_12	351866	362246
EOG09264KSI	scaffold_3	56941	67222
EOG092638AP	scaffold_3	447745	458491
EOG09264XLN	scaffold_11	226760	237020
EOG09264829	scaffold_3	56341	66802
EOG09261YV6	scaffold_2	260198	271778
EOG09261YV6	scaffold_5	54862	66721
EOG09261YV6	scaffold_10	50369	61793
EOG092604MJ	scaffold_8	50609	65114
EOG09264E5J	scaffold_12	245844	256632
EOG09261801	scaffold_1	1028002	1039342
EOG0926578E	scaffold_13	302435	312848
EOG09264B2X	scaffold_3	642908	653759
EOG09264B2X	scaffold_5	497749	508372
EOG09264B2X	scaffold_4	836686	847294
EOG092604ML	scaffold_9	352380	366027
EOG09264NDD	scaffold_9	169469	180265
EOG09264B2P	scaffold_6	95593	106357
EOG09262QS5	scaffold_7	682317	693240
EOG09265DRM	scaffold_2	101681	111929
EOG09264NJ1	scaffold_1	991956	1003488
EOG09261X9E	scaffold_13	147800	158897
EOG092654XA	scaffold_7	555621	565980
EOG09262N47	scaffold_1	1117520	1128053
EOG09262QTY	scaffold_7	667047	677709
EOG09264R1U	scaffold_9	612157	622573
EOG09265GSM	scaffold_9	87686	97889
EOG09260J53	scaffold_9	672478	684325
EOG09260J53	scaffold_2	310998	325658
EOG09260J53	scaffold_16	74403	86238
EOG09261H5E	scaffold_1	454881	466446
EOG09264S3E	scaffold_5	798679	809206
EOG09264Y0W	scaffold_12	392211	402678
EOG092620U5	scaffold_4	392535	403719
EOG09261FH7	scaffold_2	678129	690090
EOG09261FH7	scaffold_5	271397	283349
EOG09260E2O	scaffold_14	205427	256526
EOG09263F3I	scaffold_12	113406	123951
EOG09265BG5	scaffold_8	275858	286301
EOG09262WHU	scaffold_1	426262	437176
EOG09263K45	scaffold_8	37377	48162
EOG09263G3M	scaffold_6	834784	845704
EOG09263G3M	scaffold_2	318925	329623
EOG09260P5R	scaffold_11	263785	274465
EOG09262E7I	scaffold_15	206818	217810
EOG09261DGU	scaffold_9	213531	225465
EOG09260FKU	scaffold_5	375080	385379
EOG09261G92	scaffold_4	733550	744407
EOG09265GGX	scaffold_7	700953	711363
EOG09261AH9	scaffold_16	92870	104606
EOG09262K8C	scaffold_8	557688	568074
EOG09262K8C	scaffold_6	581202	591444
EOG09261W1K	scaffold_4	359739	371109
EOG09260R9L	scaffold_5	59037	69702
EOG09263RF8	scaffold_2	758636	769529
EOG09260OCI	scaffold_2	341352	352164
EOG09262KJA	scaffold_4	675235	686467
EOG09262K8L	scaffold_3	258488	269594
EOG09261FAB	scaffold_5	313939	324919
EOG0926514P	scaffold_2	593989	604420
EOG092613S3	scaffold_12	437240	448031
EOG092613S3	scaffold_7	52416	62967
EOG09260BFE	scaffold_8	453271	464656
EOG09265C25	scaffold_8	536808	547200
EOG09264CP4	scaffold_10	55933	66532
EOG09261FAX	scaffold_1	935196	946065
EOG09264A8D	scaffold_1	39432	50199
EOG092605T6	scaffold_12	300688	321778
EOG0926047G	scaffold_9	652877	665759
EOG092606UX	scaffold_7	60475	74185
EOG092606UX	scaffold_11	337461	350886
EOG092619VG	scaffold_10	351849	363384
EOG092651HW	scaffold_4	650386	661225
EOG0926312D	scaffold_7	591613	602164
EOG0926312D	scaffold_14	45118	56548
EOG0926312D	scaffold_13	239125	249712
EOG09264IKZ	scaffold_9	545078	555509
EOG09264JQ1	scaffold_2	1031859	1042959
EOG09264441	scaffold_2	1115463	1126116
EOG09264441	scaffold_3	956605	967261
EOG09264441	scaffold_4	215604	226215
EOG09264DOU	scaffold_1	70789	81139
EOG09260HPO	scaffold_4	886634	899288
EOG09263PWF	scaffold_7	501091	511558
EOG09263R62	scaffold_9	558511	568945
EOG09265RGS	scaffold_1	251803	261904
EOG092636Y6	scaffold_2	802139	813908
EOG09261M4S	scaffold_3	808330	819586
EOG09260RS7	scaffold_1	634928	646625
EOG09260RS7	scaffold_2	379481	390485
EOG09264X8J	scaffold_3	625475	635969
EOG09264X8J	scaffold_6	698012	708506
EOG09264XJC	scaffold_4	20998	31468
EOG09262QJW	scaffold_1	1177212	1188339
EOG09262QJW	scaffold_5	466117	477244
EOG09263SZM	scaffold_4	98079	108915
EOG09264I9J	scaffold_3	863768	874265
EOG09264V3H	scaffold_15	248960	259409
EOG09260DXP	scaffold_1	777864	790101
EOG09264FWI	scaffold_9	240790	251407
EOG09260CKC	scaffold_2	46672	59428
EOG092649VG	scaffold_6	531721	542407
EOG09263KZJ	scaffold_7	689634	700437
EOG09264LH2	scaffold_4	394845	405480
EOG0926306O	scaffold_6	230111	240671
EOG09265IBC	scaffold_11	273484	283789
EOG09265IBC	scaffold_6	483701	493997
EOG09265IBC	scaffold_9	395127	405393
EOG09265PJ3	scaffold_3	819381	829569
EOG092654LJ	scaffold_4	563541	573963
EOG09263Z41	scaffold_10	383134	394066
EOG092648LP	scaffold_1	306408	316734
EOG092612AK	scaffold_9	372464	384029
EOG092658SK	scaffold_4	213395	223799
EOG0926004Z	scaffold_5	326894	350567
EOG09265KSE	scaffold_9	296282	306461
EOG09265CQO	scaffold_11	366595	376954
EOG09265CQO	scaffold_7	44612	54971
EOG0926388H	scaffold_4	860836	872113
EOG09264IPL	scaffold_12	84749	95636
EOG09263DQH	scaffold_8	555754	566416
EOG09263E9V	scaffold_6	611876	622247
EOG09263V60	scaffold_3	688925	699440
EOG09261WVT	scaffold_1	123364	134740
EOG092654KW	scaffold_6	708332	718736
EOG09264FXB	scaffold_7	158107	169849
EOG09260JDM	scaffold_4	323295	334203
EOG09262H1X	scaffold_6	352105	363484
EOG09262H1X	scaffold_15	105026	116291
EOG092655L0	scaffold_1	71707	81973
EOG092638EN	scaffold_10	244724	255563
EOG09260UXC	scaffold_8	23729	35252
EOG092609JB	scaffold_6	446019	458382
EOG092609JB	scaffold_7	67269	79050
EOG092609JB	scaffold_3	648931	660544
EOG092615CC	scaffold_2	209262	220761
EOG09264A2D	scaffold_8	76908	87522
EOG09263A64	scaffold_11	165436	176515
EOG09265JA7	scaffold_4	473184	483363
EOG09260U6R	scaffold_4	364489	376701
EOG09260U6R	scaffold_7	196761	209148
EOG09261XNU	scaffold_1	1023235	1035751
EOG09265HPJ	scaffold_3	365651	376076
EOG09262D0D	scaffold_8	244389	255612
EOG09264X31	scaffold_14	257931	268467
EOG09264881	scaffold_2	191127	202374
EOG09264881	scaffold_5	505809	517287
EOG09264881	scaffold_9	629362	639682
EOG0926390Q	scaffold_6	758627	768986
EOG09262QL6	scaffold_15	151426	162673
EOG09263WB5	scaffold_9	629293	639736
EOG09263WB5	scaffold_2	191118	201516
EOG09263WB5	scaffold_5	505800	516198
EOG092656JA	scaffold_6	696578	706976
EOG09263RY2	scaffold_4	495669	505983
EOG09260SRF	scaffold_10	224701	236851
EOG09260SRF	scaffold_1	403334	415502
EOG09262DC1	scaffold_2	743827	755014
EOG09262DC1	scaffold_11	19418	30227
EOG092630UB	scaffold_3	339364	349858
EOG092632TF	scaffold_1	550535	561056
EOG09260WGT	scaffold_16	78788	90266
EOG092605FC	scaffold_8	654983	695355
EOG092605FC	scaffold_14	227734	271805
EOG09263J6Z	scaffold_2	509289	520392
EOG09261NLY	scaffold_7	691449	703059
EOG09260UJK	scaffold_3	228598	240303
EOG092651LN	scaffold_1	1026340	1036828
EOG092651LN	scaffold_11	24583	35071
EOG09261OSU	scaffold_8	267886	279394
EOG09261OSU	scaffold_11	101501	112583
EOG09264873	scaffold_4	785792	796541
EOG092646VF	scaffold_4	25696	36193
EOG09263P17	scaffold_9	521211	531516
EOG092644TW	scaffold_2	569519	580256
EOG09263X4B	scaffold_15	81743	92408
EOG09261BP0	scaffold_9	285701	297350
EOG0926534P	scaffold_4	835639	845707
EOG09260J97	scaffold_2	402998	414812
EOG092608AV	scaffold_6	498535	511828
EOG09260OQ8	scaffold_3	43466	55874
EOG092604I8	scaffold_9	659001	673197
EOG092621CK	scaffold_1	622771	633322
EOG09261VD2	scaffold_5	781776	793173
EOG09265F2Y	scaffold_8	682324	692728
EOG09260NHN	scaffold_7	5187	18552
EOG09262NIR	scaffold_3	492581	503456
EOG0926248P	scaffold_4	547536	559581
EOG09260NHB	scaffold_2	915924	929139
EOG09265KNL	scaffold_6	341023	351232
EOG09264IG5	scaffold_5	619827	630429
EOG09260LBU	scaffold_11	309726	322020
EOG09261HB6	scaffold_10	366325	377347
EOG09261HB6	scaffold_12	111796	122809
EOG092608AE	scaffold_5	923801	936056
EOG092651BA	scaffold_10	57614	67835
EOG09264JW6	scaffold_8	211561	222142
EOG09261EY9	scaffold_4	729666	741543
EOG09265GXF	scaffold_10	107740	118462
EOG092612J3	scaffold_9	252604	263875
EOG09265BCT	scaffold_11	144515	154874
EOG092629FB	scaffold_6	465151	476188
EOG092632WW	scaffold_5	810731	821696
EOG09261BPJ	scaffold_9	401498	413114
EOG09262DPL	scaffold_10	130275	140898
EOG0926506U	scaffold_6	670989	681396
EOG09260ABY	scaffold_3	892055	905264
EOG09262BHE	scaffold_4	614041	625018
EOG092645U1	scaffold_8	291501	302082
EOG092645U1	scaffold_3	777857	788300
EOG092645U1	scaffold_11	469456	479902
EOG09265HEP	scaffold_1	379922	390056
EOG09262GWQ	scaffold_4	403759	414613
EOG09262GWQ	scaffold_2	425691	461430
EOG09262HQM	scaffold_3	813506	823886
EOG09264DYD	scaffold_12	511344	522543
EOG09265CN0	scaffold_4	962039	972410
EOG09263I4U	scaffold_12	249161	259994
EOG09263L9T	scaffold_10	210516	221388
EOG09260K4V	scaffold_3	93112	105823
EOG09264COX	scaffold_9	177823	188287
EOG09264P4J	scaffold_6	94587	105207
EOG09260TVA	scaffold_3	439684	451654
EOG092600XJ	scaffold_3	885974	900003
EOG09260K4B	scaffold_3	666732	678525
EOG09263U08	scaffold_2	936813	947097
EOG09264RR2	scaffold_1	947000	957524
EOG09264RR2	scaffold_10	64026	74493
EOG09263CLY	scaffold_6	712511	723473
EOG09260A98	scaffold_2	131424	145242
EOG09260AEC	scaffold_3	753469	764713
EOG09262POL	scaffold_8	32778	42873
EOG09264HX6	scaffold_1	1002528	1012812
EOG092653SU	scaffold_6	450916	461191
EOG09260SR2	scaffold_13	89122	101824
EOG092635DF	scaffold_1	1055327	1066256
EOG09265IT6	scaffold_5	633503	643805
EOG09264HTG	scaffold_11	428090	438629
EOG09264L06	scaffold_4	225704	235964
EOG09260TDY	scaffold_1	864856	875230
EOG092608WI	scaffold_4	915730	927517
EOG092610ZY	scaffold_16	45548	57356
EOG09260XH5	scaffold_4	223930	234913
EOG09260XH5	scaffold_3	33418	44248
EOG09262KVB	scaffold_8	237761	248660
EOG09264PI4	scaffold_9	450022	460483
EOG09263VOP	scaffold_9	638067	648567
EOG09261IEH	scaffold_4	531048	542169
EOG09265AT5	scaffold_4	35693	45959
EOG09265AT5	scaffold_2	459821	470012
EOG09265B1X	scaffold_1	1122199	1132390
EOG092612XD	scaffold_2	585355	597202
EOG09261IEV	scaffold_6	520800	532176
EOG092654VM	scaffold_4	43082	53174
EOG092608WU	scaffold_4	810279	823293
EOG09260IU8	scaffold_3	40266	51798
EOG09264UKL	scaffold_3	996173	1006526
EOG09261OXD	scaffold_10	92224	103960
EOG09263POH	scaffold_9	248213	259037
EOG092657YR	scaffold_4	46247	56582
EOG09262C5Z	scaffold_4	777149	788015
EOG09262MEK	scaffold_15	55250	66326
EOG09262MEK	scaffold_2	423853	434977
EOG09262MEK	scaffold_12	360460	371542
EOG09262GXD	scaffold_3	936124	947314
EOG09262N10	scaffold_1	915474	926295
EOG092624SJ	scaffold_7	753949	765091
EOG092606AJ	scaffold_2	1088681	1100585
EOG09263ROQ	scaffold_9	422874	433842
EOG09265EOF	scaffold_2	346460	356771
EOG09265EOF	scaffold_5	868059	878331
EOG0926357F	scaffold_10	307541	318602
EOG092645LS	scaffold_6	632156	642569
EOG09260VHV	scaffold_3	973173	984657
EOG09261D4D	scaffold_4	521551	533074
EOG09264K2W	scaffold_1	687369	698181
EOG09262M7B	scaffold_6	615885	627054
EOG092640ET	scaffold_13	169894	180778
EOG09263BDA	scaffold_7	343264	353530
EOG09260XQV	scaffold_6	439668	451437
EOG092630N3	scaffold_3	406411	417385
EOG09260JO5	scaffold_5	825992	839486
EOG09265CCT	scaffold_10	398100	408603
EOG09262PAY	scaffold_6	676928	687854
EOG09262PAY	scaffold_3	941617	952375
EOG092600NM	scaffold_12	429686	446483
EOG0926448Q	scaffold_7	418090	428302
EOG09262WFG	scaffold_9	436027	446905
EOG092621ZV	scaffold_1	1128603	1139220
EOG09264YEG	scaffold_8	462367	472714
EOG09264YEG	scaffold_1	201133	211537
EOG09261RFF	scaffold_7	438187	449236
EOG09264KK7	scaffold_2	242423	252950
EOG092643QW	scaffold_3	802412	812663
EOG09261G4Z	scaffold_14	149705	161012
EOG09261G4Z	scaffold_11	97222	108454
EOG09264XOZ	scaffold_3	35539	46429
EOG09264JHE	scaffold_5	607840	618349
EOG09264JHE	scaffold_4	446885	482461
EOG09264JHE	scaffold_8	434981	452258
EOG09261ACJ	scaffold_1	445407	456852
EOG09262E98	scaffold_14	57735	69606
EOG092654QZ	scaffold_8	36966	47238
EOG09260E8K	scaffold_2	94685	107825
EOG09263GUT	scaffold_10	59813	70634
EOG092657H8	scaffold_2	468015	478335
EOG09263WLB	scaffold_3	566740	577288
EOG09262DKA	scaffold_9	303058	314245
EOG09265M98	scaffold_4	790632	801003
EOG0926369X	scaffold_6	638348	649157
EOG09262B1U	scaffold_4	630400	641521
EOG092648K5	scaffold_2	499058	509666
EOG092611HB	scaffold_1	57484	68689
EOG092611HB	scaffold_14	206285	256274
EOG092611HB	scaffold_7	196815	207915
EOG09262IY3	scaffold_14	199763	210995
EOG09264V30	scaffold_6	823780	834166
EOG09261SS1	scaffold_5	492982	504238
EOG09262LYR	scaffold_11	209183	220499
EOG09261F9G	scaffold_9	515830	526315
EOG092610QT	scaffold_6	860842	872518
EOG09264SSI	scaffold_1	207178	217684
EOG09263DFA	scaffold_5	474659	485282
EOG09260NZ8	scaffold_4	291313	302554
EOG09260S2Z	scaffold_6	761610	773847
EOG092659OC	scaffold_1	685965	696462
EOG09260BYL	scaffold_7	749085	760767
EOG09260BYL	scaffold_1	184562	196040
EOG09260BYL	scaffold_9	287671	299344
EOG09265I72	scaffold_9	468725	478880
EOG09262H50	scaffold_9	167352	178068
EOG09262KN8	scaffold_15	87329	99260
EOG092600X0	scaffold_15	183044	199238
EOG09264XTW	scaffold_2	464957	475748
EOG09264XTW	scaffold_11	306278	317057
EOG09264XTW	scaffold_7	98823	109476
EOG09263FKC	scaffold_2	481924	492274
EOG09261JVS	scaffold_7	596359	607357
EOG092652YI	scaffold_6	497832	508089
EOG09264USX	scaffold_6	590528	600920
EOG09260NC6	scaffold_7	372085	384016
EOG092657UN	scaffold_4	428373	438861
EOG0926384F	scaffold_6	167486	178598
EOG092649VA	scaffold_1	925977	936561
EOG09263M8W	scaffold_1	213179	224090
EOG09261PJZ	scaffold_1	191534	202007
EOG09261PJZ	scaffold_2	368199	378612
EOG09263274	scaffold_3	786814	797743
EOG092653NM	scaffold_2	517285	527665
EOG092653NM	scaffold_7	307998	318378
EOG09261YLQ	scaffold_4	417996	429087
EOG09261YLQ	scaffold_6	52216	62854
EOG09262DUV	scaffold_3	218679	229782
EOG09260ZWU	scaffold_11	485720	497813
EOG09262UTQ	scaffold_8	404056	414613
EOG092653YS	scaffold_2	399243	409737
EOG09264C3V	scaffold_2	580056	590454
EOG09263OWL	scaffold_8	476583	487302
EOG09263PXH	scaffold_13	280630	291406
EOG09263PXH	scaffold_6	712493	723359
EOG09262TUR	scaffold_16	102651	113601
EOG09262CBI	scaffold_7	543834	555102
EOG09265FCK	scaffold_5	682944	693330
EOG09265FCK	scaffold_3	384702	395016
EOG09265FCK	scaffold_2	643595	653912
EOG092645QN	scaffold_3	462325	473047
EOG092645QN	scaffold_1	75309	86046
EOG092645QN	scaffold_4	951711	962226
EOG09261404	scaffold_7	201109	213592
EOG09262SI7	scaffold_10	62157	73545
EOG092645G0	scaffold_1	75318	86052
EOG092645G0	scaffold_4	215586	226272
EOG092645G0	scaffold_3	732552	743238
EOG092621GY	scaffold_11	155697	167223
EOG09264MZ1	scaffold_9	295457	305969
EOG09264XF3	scaffold_12	497176	507844
EOG092649QJ	scaffold_5	895928	906980
EOG092623WR	scaffold_7	489839	501026
EOG092623WR	scaffold_3	106232	117515
EOG092623WR	scaffold_2	1075780	1086955
EOG09265KQ4	scaffold_7	718680	728775
EOG092621GA	scaffold_1	1146527	1158050
EOG092615Y4	scaffold_12	487027	498415
EOG092615Y4	scaffold_4	558688	569665
EOG092640BS	scaffold_16	29528	40706
EOG092640BS	scaffold_1	126941	137843
EOG09262Z0M	scaffold_3	875077	886411
EOG09265K4K	scaffold_7	719443	729562
EOG092604S1	scaffold_4	511758	523593
EOG092605ZA	scaffold_14	239511	250374
EOG092653KS	scaffold_8	668674	678907
EOG092653KS	scaffold_3	698953	709141
EOG092653KS	scaffold_6	757837	768025
EOG09260375	scaffold_8	415177	428515
EOG09263CUU	scaffold_9	432897	444162
EOG0926115V	scaffold_2	469643	481289
EOG09260KWP	scaffold_8	13568	25733
EOG0926115P	scaffold_7	758227	768751
EOG0926115P	scaffold_5	715426	725959
EOG0926140Q	scaffold_1	476879	488621
EOG09264DIM	scaffold_1	221926	232684
EOG0926436T	scaffold_4	13246	23932
EOG09261MG9	scaffold_3	138945	150489
EOG09261DHR	scaffold_12	148057	159568
EOG092629ZN	scaffold_6	29980	41464
EOG09262V3O	scaffold_1	794062	804835
EOG09264W1U	scaffold_4	153918	164352
EOG092645TJ	scaffold_3	404733	415248
EOG09260FL2	scaffold_6	436933	449188
EOG09260FZZ	scaffold_2	946510	959557
EOG09264XT5	scaffold_2	477966	488442
EOG09264OQ8	scaffold_6	76007	86453
EOG09260KNR	scaffold_10	464813	476588
EOG09260KNR	scaffold_2	1063759	1075000
EOG09260KNR	scaffold_9	367408	378403
EOG09262J7K	scaffold_6	57879	68844
EOG09262J7K	scaffold_11	19460	30074
EOG092652TN	scaffold_1	1195187	1205426
EOG092650VI	scaffold_2	956060	966422
EOG09260C2V	scaffold_16	26936	39245
EOG09261B3Q	scaffold_10	11299	22630
EOG09262OX9	scaffold_4	24139	35260
EOG09262OX9	scaffold_5	939645	950763
EOG09262OX9	scaffold_8	708239	719195
EOG09260W8D	scaffold_2	680994	692352
EOG09260BL6	scaffold_3	998624	1010012
EOG0926248W	scaffold_13	336315	348693
EOG09263L52	scaffold_3	370510	381754
EOG09264Z1B	scaffold_11	104874	115176
EOG09264Z1B	scaffold_1	579428	589709
EOG09264Z1B	scaffold_2	643589	653864
EOG09262F7P	scaffold_3	831344	842399
EOG09261LV7	scaffold_5	847740	858333
EOG09261LV7	scaffold_3	320037	330486
EOG09264PD5	scaffold_6	129619	140110
EOG09260KNI	scaffold_2	954739	965686
EOG09264XOC	scaffold_3	791673	802380
EOG09261476	scaffold_7	375065	387344
EOG0926587S	scaffold_4	34786	45073
EOG09260N53	scaffold_2	58011	70116
