EOG09263OXI	scaffold_7	255861	266709
EOG09263OXI	scaffold_11	281472	292308
EOG09261W3X	scaffold_9	50803	62254
EOG09261W3X	scaffold_18	66199	77650
EOG09261G1Y	scaffold_3	282045	294060
EOG09261G1Y	scaffold_4	789551	801569
EOG09261JCQ	scaffold_10	11178	22341
EOG09261JCQ	scaffold_6	501793	512554
EOG09263A5D	scaffold_2	306002	316880
EOG09263A5D	scaffold_4	589110	599994
EOG09263A5D	scaffold_16	111339	154739
EOG09261C0G	scaffold_17	220399	232528
EOG09260S5R	scaffold_8	387414	398781
EOG09262I5I	scaffold_6	470906	482411
EOG09265SHL	scaffold_10	157531	167734
EOG09265SHL	scaffold_6	254227	264430
EOG09262OJ4	scaffold_23	36764	48176
EOG09262ZZ8	scaffold_10	79641	90249
EOG09261TPN	scaffold_15	222950	234302
EOG09262V9N	scaffold_14	40194	50841
EOG09265BJ3	scaffold_2	415420	425881
EOG092644X6	scaffold_3	747025	757585
EOG092644X6	scaffold_10	30636	41136
EOG09261OLD	scaffold_8	29417	40823
EOG09260Y2Q	scaffold_4	151277	162128
EOG09262MJW	scaffold_1	269240	280400
EOG09264PK5	scaffold_7	635888	646376
EOG09264XYD	scaffold_3	380483	390902
EOG09260289	scaffold_19	95940	108639
EOG0926300R	scaffold_18	123835	134758
EOG09263Z8I	scaffold_14	89308	99928
EOG09265BTC	scaffold_9	99847	110122
EOG09265BTC	scaffold_18	94702	104977
EOG09265BTC	scaffold_6	428459	438692
EOG092620V3	scaffold_16	71119	81898
EOG092614E6	scaffold_15	204768	216390
EOG092614E6	scaffold_4	763085	774641
EOG092614E6	scaffold_17	104084	115706
EOG09260JED	scaffold_9	357244	370081
EOG09264CA0	scaffold_8	248872	259204
EOG092619L1	scaffold_3	415417	474438
EOG09264F60	scaffold_10	190834	201187
EOG09264F60	scaffold_6	233416	243772
EOG09261ZXZ	scaffold_7	148633	159292
EOG092629WJ	scaffold_13	136649	148139
EOG0926419M	scaffold_4	584801	595451
EOG09264LC7	scaffold_7	476705	487262
EOG09263UCR	scaffold_17	64153	75010
EOG09263YBT	scaffold_1	591136	601987
EOG09264FYY	scaffold_21	0	6269
EOG09260274	scaffold_3	148122	162729
EOG09264L0C	scaffold_3	405725	416330
EOG09264L0C	scaffold_13	184177	194782
EOG09260GR8	scaffold_13	212298	223944
EOG092616QN	scaffold_3	21790	33817
EOG092634M1	scaffold_18	9248	20030
EOG092648Q0	scaffold_13	259381	269980
EOG09263Q7N	scaffold_15	312811	323587
EOG092624X0	scaffold_3	795540	807021
EOG09263CG4	scaffold_26	18662	29579
EOG09261VUC	scaffold_7	668331	680070
EOG09260EPQ	scaffold_2	903198	915483
EOG09260EPS	scaffold_27	47932	59056
EOG09264Z3D	scaffold_4	659772	670092
EOG092618J9	scaffold_4	756820	767581
EOG09261Q18	scaffold_4	530946	542460
EOG09262D4G	scaffold_13	128891	139187
EOG09263KRO	scaffold_2	248394	259248
EOG09263AZP	scaffold_4	490618	501826
EOG092641K1	scaffold_21	77147	127909
EOG092641K1	scaffold_1	802096	812596
EOG09265I60	scaffold_1	557087	567464
EOG09264FOM	scaffold_6	664551	675108
EOG09264FOM	scaffold_2	691648	702109
EOG09264FOM	scaffold_20	125973	152810
EOG09262QRH	scaffold_4	457603	468361
EOG09262QRH	scaffold_13	163109	173666
EOG09261UOJ	scaffold_14	290235	301482
EOG092658WY	scaffold_1	233078	243569
EOG09263JFQ	scaffold_6	478644	489063
EOG09263KVG	scaffold_3	529376	540200
EOG092658WS	scaffold_16	139885	150091
EOG09264G1F	scaffold_11	191411	201983
EOG09263FR7	scaffold_1	419829	430203
EOG0926577T	scaffold_11	206378	216674
EOG09264S4C	scaffold_9	208645	219061
EOG092631UM	scaffold_1	276183	287190
EOG09263483	scaffold_16	31772	42569
EOG09264KO7	scaffold_15	241185	251490
EOG092619EA	scaffold_2	60364	71977
EOG092655IF	scaffold_15	191815	202171
EOG09261V9P	scaffold_4	181950	193230
EOG092656CM	scaffold_8	500007	510468
EOG09260XL0	scaffold_21	11930	23768
EOG09260T28	scaffold_12	277223	289697
EOG092630MJ	scaffold_4	49311	59913
EOG092647L7	scaffold_7	477661	488290
EOG09260SJV	scaffold_10	296770	309409
EOG092648U2	scaffold_5	442271	452909
EOG092648U2	scaffold_6	184974	195531
EOG0926112A	scaffold_5	388096	399568
EOG09262TO9	scaffold_4	668495	679772
EOG09264THP	scaffold_9	299954	310691
EOG09260MRU	scaffold_2	737406	749286
EOG09263BE5	scaffold_5	153322	163987
EOG09262XMN	scaffold_8	216313	227125
EOG09262JZK	scaffold_1	530375	541346
EOG092602FH	scaffold_4	651604	665545
EOG092602FH	scaffold_1	272077	283804
EOG09260931	scaffold_5	19870	32776
EOG09260931	scaffold_4	257858	270728
EOG09263HE6	scaffold_12	63357	73809
EOG09264YNR	scaffold_11	291314	301910
EOG09264YNR	scaffold_7	317631	350946
EOG09264YNR	scaffold_4	41417	51947
EOG09263KDI	scaffold_3	106088	117188
EOG09263MR4	scaffold_15	221694	232125
EOG09264DMU	scaffold_7	398933	409523
EOG09262GVX	scaffold_3	195798	207213
EOG09263FGN	scaffold_2	261819	272685
EOG09261PNZ	scaffold_12	31220	42392
EOG09260N2T	scaffold_3	491581	503563
EOG092602OP	scaffold_5	428317	442057
EOG09265AL8	scaffold_9	475451	486035
EOG09261727	scaffold_7	195763	208066
EOG09263XN3	scaffold_17	15610	26269
EOG09262HKC	scaffold_6	135070	145783
EOG092628HC	scaffold_3	739999	750730
EOG09263OQH	scaffold_5	415070	426116
EOG09263OQH	scaffold_24	4873	15496
EOG09265FI4	scaffold_6	261312	271644
EOG09262KXK	scaffold_1	261844	318008
EOG09262KXK	scaffold_3	368934	379824
EOG09262KXK	scaffold_24	20489	45195
EOG09260C5W	scaffold_12	365281	379036
EOG092643S6	scaffold_6	570718	581047
EOG09264J8E	scaffold_3	687863	698111
EOG09261O7R	scaffold_11	250262	260555
EOG09264CND	scaffold_8	551902	562360
EOG09264YIJ	scaffold_2	176009	186452
EOG09260FPA	scaffold_15	83456	96191
EOG09260TWS	scaffold_1	443127	455088
EOG09260TWS	scaffold_5	236261	248222
EOG09264331	scaffold_5	752029	763027
EOG09262MXH	scaffold_4	251804	262805
EOG09262YQG	scaffold_26	57923	68777
EOG09261IBJ	scaffold_12	144278	155855
EOG092654O3	scaffold_6	412591	422788
EOG09261RWU	scaffold_4	84454	95293
EOG09260GIX	scaffold_4	844141	855964
EOG092644N1	scaffold_5	720055	730453
EOG09263B7X	scaffold_6	220534	231370
EOG09262SMG	scaffold_1	762276	773568
EOG09264V51	scaffold_11	192502	202954
EOG09261RWJ	scaffold_5	603560	615179
EOG092624JL	scaffold_6	511192	522562
EOG09262G8Y	scaffold_1	553060	564139
EOG092628FW	scaffold_7	131954	142865
EOG092628FW	scaffold_10	285298	302824
EOG092628FW	scaffold_3	783462	793983
EOG092655M5	scaffold_8	255013	265366
EOG092640IZ	scaffold_11	120516	131286
EOG09262W7C	scaffold_3	357531	368517
EOG092635ST	scaffold_1	951164	962114
EOG09264MGU	scaffold_1	187747	197872
EOG09263HED	scaffold_5	599114	610064
EOG09263HED	scaffold_15	284503	295330
EOG09263HED	scaffold_11	89374	100207
EOG09261EAB	scaffold_23	19883	31154
EOG09261EAB	scaffold_15	267884	279200
EOG09261KZ6	scaffold_14	321345	332298
EOG09261KZ6	scaffold_9	193970	204845
EOG09264B74	scaffold_9	25093	36923
EOG09264X9R	scaffold_22	612	11142
EOG092627XA	scaffold_8	463777	474997
EOG09261127	scaffold_1	605469	616971
EOG09261127	scaffold_4	763790	774584
EOG09261127	scaffold_10	6311	17081
EOG0926510L	scaffold_8	352328	362747
EOG09265BBJ	scaffold_6	188728	199021
EOG09262VPD	scaffold_5	676291	687307
EOG09261K9J	scaffold_8	410543	421835
EOG09262FE3	scaffold_3	561709	572107
EOG09262PPU	scaffold_14	266724	278163
EOG09261Y04	scaffold_19	205677	216882
EOG092621YU	scaffold_23	49941	61533
EOG09261LEU	scaffold_9	39634	51079
EOG09264RJ7	scaffold_3	370612	380896
EOG09264RJ7	scaffold_5	559460	569705
EOG09264RJ7	scaffold_2	549715	559957
EOG09263QH4	scaffold_16	149969	160667
EOG09263QH4	scaffold_2	247254	257907
EOG092644K0	scaffold_6	437068	447691
EOG09264IOS	scaffold_16	192418	202825
EOG09264RQY	scaffold_15	263032	273526
EOG09260Z5E	scaffold_2	422596	434845
EOG092643Y5	scaffold_1	654845	665471
EOG09263RW3	scaffold_27	51005	61799
EOG09263RW3	scaffold_5	402735	413292
EOG0926009O	scaffold_5	53786	66119
EOG09263ZBF	scaffold_15	16305	27087
EOG09261PUF	scaffold_1	779207	790487
EOG09261PUF	scaffold_5	468966	480261
EOG09261PUF	scaffold_4	193073	204368
EOG09261MMR	scaffold_3	415504	472007
EOG09261XAF	scaffold_16	248475	259539
EOG09261I0F	scaffold_7	264506	275858
EOG092652NQ	scaffold_16	247673	258185
EOG09265M8S	scaffold_12	188947	199282
EOG09261CQG	scaffold_9	378352	389572
EOG092603SM	scaffold_6	464333	475394
EOG092603SM	scaffold_20	102328	112789
EOG0926079Q	scaffold_10	45950	58979
EOG092606O3	scaffold_18	41717	53738
EOG09265KF9	scaffold_6	516659	526826
EOG09262CA4	scaffold_9	78246	89346
EOG09263LP3	scaffold_15	164322	175182
EOG092652ZZ	scaffold_2	303984	314406
EOG09262SWJ	scaffold_5	725623	736279
EOG09262IZO	scaffold_1	1013489	1024733
EOG09262IZO	scaffold_9	344905	356146
EOG09261AMX	scaffold_4	146072	157190
EOG09261AMX	scaffold_6	136700	147818
EOG09261AMX	scaffold_7	436243	497467
EOG09261Q5L	scaffold_8	382481	393818
EOG092611G7	scaffold_7	595904	608009
EOG09260TLW	scaffold_18	90524	102563
EOG092605KN	scaffold_19	152249	165077
EOG09261225	scaffold_1	121011	134007
EOG09264F1U	scaffold_4	800140	811108
EOG092606AD	scaffold_14	25866	36492
EOG09265BE5	scaffold_8	213143	223508
EOG09262FW1	scaffold_6	600423	611523
EOG09261ZJR	scaffold_1	754247	766160
EOG09261ZJR	scaffold_6	456911	467936
EOG09263EVJ	scaffold_4	339411	350163
EOG09265CFP	scaffold_9	439046	449339
EOG09263CAC	scaffold_26	60442	70663
EOG09263760	scaffold_2	909560	920099
EOG09263UAJ	scaffold_17	120346	131398
EOG09263UAJ	scaffold_6	402852	413778
EOG09265B95	scaffold_3	727530	738060
EOG092603EH	scaffold_3	735183	749490
EOG09260ETR	scaffold_7	402722	415691
EOG09261QXC	scaffold_20	60029	71459
EOG09261QXC	scaffold_2	82981	94411
EOG09264SET	scaffold_1	1095956	1106516
EOG09264SET	scaffold_2	718422	728799
EOG09264GMT	scaffold_3	674038	684751
EOG09261V2P	scaffold_4	8960	19769
EOG09260RVQ	scaffold_7	394239	405666
EOG09261JUE	scaffold_15	299413	310903
EOG09260PI1	scaffold_3	396036	407172
EOG092636T6	scaffold_3	415399	426610
EOG092636T6	scaffold_11	166535	177410
EOG092636T6	scaffold_5	573940	618554
EOG09264UD3	scaffold_6	393149	450982
EOG09264UD3	scaffold_1	547812	558042
EOG09263MIB	scaffold_31	0	6661
EOG09263MIB	scaffold_3	456835	467659
EOG092600T9	scaffold_1	143244	159402
EOG09261S0S	scaffold_6	703982	714494
EOG09261KHB	scaffold_5	482684	494075
EOG09261KHB	scaffold_16	73087	84145
EOG0926489S	scaffold_14	192640	203434
EOG09263U71	scaffold_20	147154	157966
EOG092612MY	scaffold_13	59047	71860
EOG09262PIH	scaffold_1	153673	164794
EOG09262PIH	scaffold_3	4941	52883
EOG09264KDO	scaffold_1	1010103	1020666
EOG092643JW	scaffold_1	1092730	1103032
EOG09261TEQ	scaffold_2	669839	723369
EOG09263WM5	scaffold_18	24139	35548
EOG09265HP0	scaffold_8	123743	134144
EOG09265HP0	scaffold_15	32877	43191
EOG09265HP0	scaffold_5	62633	72947
EOG09261QYO	scaffold_9	277719	289995
EOG09260RGH	scaffold_5	578042	589961
EOG09265G9U	scaffold_14	21792	32085
EOG092629WA	scaffold_7	606765	618141
EOG09264R0D	scaffold_2	569618	580367
EOG09264MN3	scaffold_2	187884	198291
EOG09261T98	scaffold_2	692938	704209
EOG09262CDO	scaffold_5	522221	533456
EOG092646WF	scaffold_7	151232	161768
EOG09261JR0	scaffold_3	879891	890931
EOG09261NW2	scaffold_2	313575	325611
EOG09263GIG	scaffold_4	737990	749375
EOG092643VB	scaffold_1	828504	839157
EOG09261EM7	scaffold_9	295044	305961
EOG09261EM7	scaffold_7	88974	99996
EOG09261EM7	scaffold_13	114577	125506
EOG092602BZ	scaffold_6	680676	695484
EOG092639H5	scaffold_7	463709	474797
EOG09263C4C	scaffold_15	15201	25671
EOG092624UF	scaffold_5	653869	665347
EOG09262WXK	scaffold_13	323578	334516
EOG09264C3N	scaffold_8	421556	432296
EOG09260H6E	scaffold_3	448102	459742
EOG09261KRX	scaffold_5	116603	127280
EOG09261KRX	scaffold_15	92827	103345
EOG09261MOX	scaffold_1	953319	964080
EOG09261T74	scaffold_16	72952	84304
EOG09261T74	scaffold_5	482801	493853
EOG092626HU	scaffold_8	345828	357189
EOG09261XGL	scaffold_15	111883	123214
EOG09261XGL	scaffold_17	111133	122287
EOG09260Z3X	scaffold_1	555049	566557
EOG092656RK	scaffold_2	713947	724396
EOG09265FTN	scaffold_14	289454	299741
EOG09264HU0	scaffold_24	8017	18946
EOG09264ABT	scaffold_4	105090	115611
EOG09261J0P	scaffold_10	25580	37151
EOG09264BWL	scaffold_10	366365	376673
EOG092615SM	scaffold_1	335635	347971
EOG09263IMF	scaffold_3	101937	112392
EOG09265PQX	scaffold_26	20265	30447
EOG092608ZS	scaffold_3	775854	787107
EOG092608ZS	scaffold_10	386211	397395
EOG09260BZ0	scaffold_9	267706	279943
EOG09262P1W	scaffold_1	184979	196274
EOG09264398	scaffold_1	973033	983794
EOG092620E4	scaffold_10	238052	249437
EOG092620E4	scaffold_5	759826	771184
EOG09260KM4	scaffold_3	419816	431066
EOG09260KM4	scaffold_8	186714	197952
EOG09263WZ2	scaffold_7	146203	157102
EOG092624KK	scaffold_2	915455	926597
EOG09264O9F	scaffold_3	835497	845997
EOG09261IFQ	scaffold_23	38810	50564
EOG09260EAZ	scaffold_2	994602	1007238
EOG09260M87	scaffold_10	256037	268115
EOG09263A3Y	scaffold_8	341715	353133
EOG09265L8N	scaffold_15	312307	322555
EOG09265L8N	scaffold_16	44807	55034
EOG09263S2P	scaffold_8	246665	257174
EOG09264BIX	scaffold_24	47852	58418
EOG0926131E	scaffold_2	348757	359635
EOG09260CMZ	scaffold_6	217438	230137
EOG09262I0R	scaffold_9	287334	298377
EOG0926386D	scaffold_9	196666	207574
EOG0926386D	scaffold_14	328223	339131
EOG09261OIA	scaffold_2	772267	784111
EOG09261OIF	scaffold_17	27555	38928
EOG09261OIF	scaffold_5	755796	766914
EOG09264DY4	scaffold_20	67936	78241
EOG092652KR	scaffold_19	72020	82490
EOG092618M2	scaffold_4	262231	273004
EOG09260QNB	scaffold_7	259880	272012
EOG092617RY	scaffold_3	77162	88607
EOG09264903	scaffold_6	509023	519655
EOG09264904	scaffold_5	539653	550279
EOG09265BWR	scaffold_8	424132	434925
EOG09265BWR	scaffold_9	416096	426868
EOG09263LNF	scaffold_2	818840	829958
EOG09263SFX	scaffold_4	280654	291385
EOG092656IY	scaffold_14	47518	57757
EOG09264ZQC	scaffold_1	59147	69488
EOG092629RT	scaffold_1	1058816	1069997
EOG09262M2J	scaffold_3	246820	257761
EOG09261EMF	scaffold_1	785359	796564
EOG092613UB	scaffold_3	273149	284390
EOG092613UB	scaffold_1	164763	175806
EOG09262K67	scaffold_7	66276	76767
EOG09264OBO	scaffold_17	101956	112024
EOG09263817	scaffold_19	195689	205994
EOG092617RN	scaffold_1	37934	49745
EOG092617RN	scaffold_7	527055	538866
EOG092617RN	scaffold_15	64153	75883
EOG09262IZ6	scaffold_6	694654	705583
EOG09260VCG	scaffold_4	68751	79242
EOG09263F11	scaffold_2	771689	781988
EOG09260DFJ	scaffold_11	137037	149688
EOG09262Z14	scaffold_6	501505	512662
EOG09260DFH	scaffold_2	917369	930413
EOG092621F2	scaffold_10	391470	403050
EOG09263HK2	scaffold_22	75817	86860
EOG092602UY	scaffold_1	768308	783359
EOG09264S40	scaffold_9	303855	314334
EOG09262CMP	scaffold_15	231376	242317
EOG09263XVS	scaffold_12	81843	92181
EOG09262O0R	scaffold_10	409127	420104
EOG09260B65	scaffold_8	43085	56048
EOG09260UA2	scaffold_5	567924	579213
EOG092600SK	scaffold_19	14104	28624
EOG09264RJL	scaffold_21	0	6933
EOG09264RBX	scaffold_7	118201	128845
EOG092619MJ	scaffold_1	808671	820488
EOG09260LVD	scaffold_3	608888	619136
EOG092614DJ	scaffold_4	399722	411137
EOG0926400M	scaffold_13	166397	177119
EOG092600SD	scaffold_5	498988	513991
EOG09260OZU	scaffold_3	129470	140519
EOG09263NE7	scaffold_9	293311	304369
EOG09263NE7	scaffold_1	1039532	1050590
EOG09262387	scaffold_20	145011	156261
EOG092628LW	scaffold_2	617573	628067
EOG0926477X	scaffold_4	340512	351144
EOG0926051U	scaffold_12	199312	214507
EOG09260THV	scaffold_6	487394	498296
EOG09264G1I	scaffold_10	167899	178765
EOG09264CP8	scaffold_4	142114	152704
EOG0926213Z	scaffold_7	298855	311305
EOG092638RC	scaffold_10	378547	389581
EOG09260A6Q	scaffold_16	225512	238667
EOG09262VVF	scaffold_8	169883	181187
EOG092653O3	scaffold_7	565194	575673
EOG09263690	scaffold_2	483292	494644
EOG092610TN	scaffold_2	412393	424129
EOG0926213Q	scaffold_1	509869	520813
EOG09264P3R	scaffold_4	713462	724088
EOG09264P3R	scaffold_6	422447	433073
EOG09261W2O	scaffold_7	540963	552306
EOG09264U81	scaffold_8	326577	337077
EOG09261IOS	scaffold_14	84379	133126
EOG09261IOS	scaffold_8	121928	252778
EOG09261IOS	scaffold_19	169745	224153
EOG09262WSH	scaffold_1	1012094	1023125
EOG09260V8Q	scaffold_22	3208	26466
EOG09260V8Q	scaffold_3	198320	209303
EOG09260V8Q	scaffold_15	73027	83725
EOG09263YFX	scaffold_11	226998	237912
EOG09264D7Y	scaffold_1	294344	305012
EOG0926315C	scaffold_1	1037547	1048179
EOG0926146A	scaffold_17	194750	206663
EOG09265040	scaffold_8	566701	576925
EOG09265BAK	scaffold_15	281298	291498
EOG092604KQ	scaffold_1	1015324	1029322
EOG09264HHW	scaffold_15	215055	225564
EOG09264HHW	scaffold_6	693851	704360
EOG09264HHW	scaffold_17	206985	217479
EOG09262UB3	scaffold_7	241020	252180
EOG09263X22	scaffold_5	128036	138875
EOG09261S7X	scaffold_24	6469	17464
EOG09261V87	scaffold_5	154451	165767
EOG092608C4	scaffold_6	190846	204649
EOG09263CGP	scaffold_3	581475	592200
EOG09261UWT	scaffold_5	161620	172456
EOG092608T8	scaffold_3	68393	80783
EOG09262A6N	scaffold_14	308551	319561
EOG09262A6N	scaffold_5	573805	618491
EOG09262A6N	scaffold_19	39653	89406
EOG0926484N	scaffold_16	20342	30854
EOG09265KPR	scaffold_8	146392	156631
EOG09260T4S	scaffold_4	709960	721708
EOG092653LT	scaffold_4	86411	96614
EOG09260KDB	scaffold_8	131059	143761
EOG092600S9	scaffold_5	224937	241659
EOG09260JT9	scaffold_6	667199	679403
EOG09260JT9	scaffold_4	295819	307696
EOG09260JT9	scaffold_5	617646	629256
EOG09264OYZ	scaffold_2	992289	1002738
EOG09264WF4	scaffold_21	45826	56770
EOG09260VTA	scaffold_13	237234	249018
EOG09260VTN	scaffold_8	63810	74811
EOG09260VTN	scaffold_24	71346	82257
EOG09260VTN	scaffold_1	230513	242063
EOG09261ZI1	scaffold_11	60275	71252
EOG09264PE5	scaffold_4	479992	490579
EOG09261W90	scaffold_5	287883	298902
EOG092648XW	scaffold_4	246703	257455
EOG09263CAH	scaffold_16	258144	268992
EOG09265E6R	scaffold_12	263652	274032
EOG09261XNJ	scaffold_1	194059	205612
EOG09261XNJ	scaffold_16	164451	175935
EOG09261XNJ	scaffold_12	207170	218609
EOG09260FMW	scaffold_10	300347	313043
EOG09263ULA	scaffold_8	517294	528328
EOG09262PMC	scaffold_3	496487	509828
EOG09263E49	scaffold_17	156719	167879
EOG09263E49	scaffold_7	267628	303297
EOG09263E49	scaffold_3	220141	230998
EOG09260NXJ	scaffold_12	357826	370300
EOG09260XSR	scaffold_5	159551	170234
EOG09264PMA	scaffold_22	92720	103145
EOG092606WZ	scaffold_7	601672	615373
EOG09264GQZ	scaffold_7	516500	527228
EOG09260NXC	scaffold_3	654336	666105
EOG09262X8R	scaffold_8	480786	491682
EOG09261ICI	scaffold_19	189146	200315
EOG092631MU	scaffold_8	277900	288928
EOG09264VC6	scaffold_13	243821	254126
EOG092652Y6	scaffold_3	126684	137001
EOG0926420U	scaffold_6	281491	291730
EOG092631ML	scaffold_5	205332	216156
EOG09262M0W	scaffold_1	1075681	1086490
EOG09260EE7	scaffold_25	44029	56854
EOG09260EE7	scaffold_19	39626	89097
EOG09263QUM	scaffold_3	165216	175845
EOG092605QM	scaffold_1	707009	721892
EOG09263QB7	scaffold_17	114507	125322
EOG09262739	scaffold_29	0	9118
EOG09262739	scaffold_2	38490	49593
EOG09262VQQ	scaffold_8	437737	448831
EOG09262VQQ	scaffold_9	414047	424967
EOG09262VQQ	scaffold_4	608948	619904
EOG0926073O	scaffold_7	313548	327006
EOG09263CUQ	scaffold_2	317376	327696
EOG092640PR	scaffold_6	450797	461183
EOG09263KB4	scaffold_13	159901	170608
EOG09263LR1	scaffold_7	288252	299100
EOG09263LR1	scaffold_9	240912	251565
EOG09260PJ9	scaffold_1	472310	484208
EOG09263QPR	scaffold_1	924616	935050
EOG0926092K	scaffold_5	83951	96962
EOG0926092K	scaffold_6	131589	143826
EOG0926092K	scaffold_4	416092	428380
EOG09265FGA	scaffold_21	116645	127043
EOG09265FGA	scaffold_12	14800	25240
EOG09265FGA	scaffold_16	176862	187245
EOG09263720	scaffold_4	841882	852751
EOG0926310O	scaffold_5	550139	560891
EOG0926310O	scaffold_3	194082	204660
EOG0926310O	scaffold_11	304959	315471
EOG092625AX	scaffold_4	239008	249634
EOG0926423H	scaffold_5	114626	125474
EOG09264ZWF	scaffold_1	1071486	1081968
EOG09260YMF	scaffold_12	25755	37347
EOG09260YMF	scaffold_3	65408	76817
EOG09260YMF	scaffold_9	294918	305913
EOG09264VZ7	scaffold_14	86419	96889
EOG09262JRP	scaffold_4	522174	533481
EOG09260WCZ	scaffold_1	487618	499579
EOG092605OK	scaffold_2	99444	114423
EOG092605OK	scaffold_1	200264	214574
EOG09262N3C	scaffold_10	199985	211031
EOG09262TEV	scaffold_3	500955	511590
EOG09260XMI	scaffold_9	183259	195142
EOG092633QB	scaffold_8	78088	88843
EOG09264BOA	scaffold_1	175305	185811
EOG09263S1E	scaffold_17	217717	228292
EOG092607OQ	scaffold_3	714736	728626
EOG09265D7J	scaffold_4	40754	51050
EOG09262GLP	scaffold_5	241965	252129
EOG09261ZFN	scaffold_4	690949	702238
EOG09261ZFN	scaffold_3	856029	866700
EOG092634G9	scaffold_5	712583	723005
EOG092654RM	scaffold_6	642624	652899
EOG09263MGE	scaffold_19	194184	205035
EOG09263EBB	scaffold_27	49761	60654
EOG09264X41	scaffold_11	242764	253258
EOG09264R4M	scaffold_3	257250	267828
EOG092631QQ	scaffold_14	296346	307095
EOG09263HD8	scaffold_3	163189	174052
EOG09262KUJ	scaffold_4	621415	632329
EOG09262KUJ	scaffold_5	573787	618392
EOG09262KUJ	scaffold_1	191164	202168
EOG092612CC	scaffold_10	149617	160399
EOG09264UJF	scaffold_1	365410	375808
EOG09264T3S	scaffold_5	149213	159608
EOG092609O9	scaffold_8	413657	427382
EOG092609O9	scaffold_6	546316	557530
EOG09264ENO	scaffold_5	281127	312462
EOG09263TQ5	scaffold_5	307029	317856
EOG0926074Y	scaffold_1	188614	202219
EOG09263L00	scaffold_11	177185	187628
EOG09263L00	scaffold_15	156240	166815
EOG09263L00	scaffold_2	726702	736983
EOG092605VL	scaffold_7	415794	428886
EOG09262E4Q	scaffold_1	299420	310571
EOG09262E4Q	scaffold_8	546796	557887
EOG09262E4Q	scaffold_12	256518	267609
EOG09265DVA	scaffold_6	738878	749288
EOG09262E4T	scaffold_1	287434	298225
EOG09262YP5	scaffold_1	86995	97813
EOG09264UVA	scaffold_6	166193	176726
EOG09262914	scaffold_2	181564	192604
EOG09262914	scaffold_12	238872	249981
EOG092621S9	scaffold_9	380109	391473
EOG092605VU	scaffold_13	273409	286312
EOG09262528	scaffold_3	520025	531287
EOG09262HA6	scaffold_9	37256	48356
EOG092613QA	scaffold_18	88115	98939
EOG09262OLP	scaffold_6	288377	298994
EOG09265I7S	scaffold_19	198093	208329
EOG0926505R	scaffold_7	430654	441004
EOG0926347W	scaffold_8	504056	515162
EOG0926347W	scaffold_1	267775	278797
EOG09262H34	scaffold_23	58982	70409
EOG09260DBG	scaffold_3	275847	288684
EOG09260JPV	scaffold_8	289221	300657
EOG09260JPV	scaffold_12	28631	39824
EOG09260JPV	scaffold_15	64756	75880
EOG092644O2	scaffold_4	301989	312660
EOG09261B18	scaffold_1	339703	351829
EOG09261VI3	scaffold_4	502312	513808
EOG09264XVU	scaffold_1	706237	716878
EOG09262Z2S	scaffold_5	450287	461363
EOG09262Q6S	scaffold_3	783120	794019
EOG09262Q6S	scaffold_10	292138	302824
EOG09260H81	scaffold_7	656013	668064
EOG09260K29	scaffold_10	209367	220515
EOG09260K29	scaffold_2	470000	480911
EOG09260NAN	scaffold_13	253623	264846
EOG09261B14	scaffold_12	306688	317644
EOG09264B3O	scaffold_7	552495	563325
EOG0926522L	scaffold_9	311623	321889
EOG09260V5Q	scaffold_26	27656	40145
EOG09261N64	scaffold_7	583071	594537
EOG092603JK	scaffold_6	122536	133948
EOG09265K5D	scaffold_15	158166	168312
EOG09262LI4	scaffold_8	161213	171920
EOG09261FM4	scaffold_7	543353	554837
EOG09265ER6	scaffold_8	322344	332604
EOG09263XZN	scaffold_17	19073	29864
EOG09261I8J	scaffold_3	198305	209555
EOG09261I8J	scaffold_22	3217	25752
EOG09261I8J	scaffold_1	563392	574465
EOG09260NJW	scaffold_11	216321	228612
EOG09260RNZ	scaffold_3	284464	296659
EOG092612LP	scaffold_3	540344	552296
EOG09261031	scaffold_18	68575	79765
EOG092648O6	scaffold_2	42129	52470
EOG09261QR5	scaffold_4	234004	245803
EOG092607ZS	scaffold_22	45254	58496
EOG09260FX0	scaffold_6	140468	153905
EOG092601YK	scaffold_11	318936	335223
EOG09265MAN	scaffold_6	637760	648068
EOG09263RVR	scaffold_2	584951	595838
EOG09260LRX	scaffold_1	1063322	1075559
EOG0926025H	scaffold_8	407008	418759
EOG092646PE	scaffold_2	872102	882584
EOG092646PE	scaffold_18	27510	37947
EOG092646PE	scaffold_13	341354	351782
EOG09263J3H	scaffold_13	177711	188544
EOG092603KJ	scaffold_2	122423	135089
EOG09260HMA	scaffold_10	185766	198330
EOG09263MNN	scaffold_4	657978	669471
EOG092620IA	scaffold_1	182236	194620
EOG09261OXV	scaffold_3	609618	622737
EOG0926347K	scaffold_22	28751	39713
EOG09260A27	scaffold_6	67556	79139
EOG09265A4E	scaffold_11	195236	205550
EOG092608GK	scaffold_9	106377	117393
EOG092608GK	scaffold_18	103864	114880
EOG092608GK	scaffold_4	835972	846547
EOG0926142H	scaffold_6	207940	219742
EOG09263C1V	scaffold_12	90313	101512
EOG09261DJC	scaffold_15	264739	275236
EOG09260KGS	scaffold_8	367820	380459
EOG09261DW8	scaffold_21	72129	83688
EOG09264ZDJ	scaffold_10	358135	368419
EOG09261B6Y	scaffold_19	82695	94104
EOG09260KIY	scaffold_11	166394	177902
EOG09260KIY	scaffold_17	144583	155950
EOG09263KEE	scaffold_6	735093	745299
EOG09263ZBJ	scaffold_3	265861	276244
EOG0926229Z	scaffold_13	277166	288428
EOG0926229Z	scaffold_17	208592	219566
EOG0926229Z	scaffold_1	393276	404091
EOG0926142Y	scaffold_2	184975	196786
EOG0926142Y	scaffold_3	170593	182431
EOG0926142Y	scaffold_12	175262	186977
EOG09263ZSC	scaffold_2	211122	221658
EOG09264ZDZ	scaffold_7	164282	174539
EOG09261O4Y	scaffold_15	99899	111293
EOG09262CXO	scaffold_4	23282	34214
EOG09262CXO	scaffold_19	39578	89265
EOG09262CXO	scaffold_5	573775	618470
EOG092634MM	scaffold_2	221596	232381
EOG09264YHS	scaffold_16	152651	163211
EOG092600W1	scaffold_7	626923	642673
EOG0926071Q	scaffold_2	789243	802353
EOG092603D0	scaffold_5	461092	475174
EOG09263CG2	scaffold_6	744190	754582
EOG09261QR8	scaffold_4	567859	579358
EOG09264LJU	scaffold_14	257444	268001
EOG092641UM	scaffold_2	548517	559230
EOG09260SIZ	scaffold_9	281984	294125
EOG09264HOY	scaffold_2	345357	356094
EOG09264P74	scaffold_7	633348	643716
EOG0926235L	scaffold_6	435204	446781
EOG0926235L	scaffold_4	697157	708692
EOG09263NXM	scaffold_18	229205	240680
EOG09264DT4	scaffold_20	71646	82659
EOG09265JX6	scaffold_9	140940	151254
EOG09265JX6	scaffold_7	448834	459148
EOG09263WSS	scaffold_15	251355	261933
EOG09260075	scaffold_13	36240	55506
EOG09260RRC	scaffold_10	60035	71798
EOG09263WWI	scaffold_18	160052	170816
EOG092631IR	scaffold_4	629732	640745
EOG092631IR	scaffold_5	105006	115884
EOG092631IR	scaffold_6	701983	712792
EOG09262XGK	scaffold_11	14647	25711
EOG09265552	scaffold_4	5217	15441
EOG09261UMG	scaffold_15	104399	115505
EOG092643NE	scaffold_13	222609	232923
EOG09261ONU	scaffold_18	161691	172239
EOG09262X31	scaffold_23	34279	45157
EOG09262ESR	scaffold_11	122881	134029
EOG09260RRN	scaffold_5	180900	193602
EOG09265E8A	scaffold_21	68424	78585
EOG092603YJ	scaffold_3	185406	200307
EOG09265LEG	scaffold_20	45437	55655
EOG09262CUO	scaffold_1	525078	535959
EOG0926307V	scaffold_2	743342	754409
EOG092608L0	scaffold_8	190383	203205
EOG092608L0	scaffold_3	426595	439411
EOG092608L0	scaffold_2	137401	149599
EOG092601KZ	scaffold_4	638279	651362
EOG09262U7S	scaffold_1	1056923	1067660
EOG09261CWO	scaffold_22	30505	41950
EOG09262V8E	scaffold_25	69306	80685
EOG092645OU	scaffold_2	321066	332082
EOG092645OU	scaffold_7	165738	176565
EOG092645OU	scaffold_4	23279	34034
EOG09262GNE	scaffold_2	960735	971817
EOG09262L1P	scaffold_15	90684	102033
EOG09260WG2	scaffold_7	531172	543466
EOG092638XA	scaffold_7	165669	176574
EOG092638XA	scaffold_19	39599	89235
EOG092638XA	scaffold_11	166532	177419
EOG09260WUS	scaffold_21	119668	132205
EOG0926077L	scaffold_14	232494	243804
EOG0926407T	scaffold_18	182070	192738
EOG092614UB	scaffold_13	227536	238861
EOG09265313	scaffold_19	86439	96741
EOG092641G3	scaffold_3	250105	260332
EOG092644WX	scaffold_2	50620	61336
EOG092644WX	scaffold_18	73181	83690
EOG092644WX	scaffold_6	50337	60819
EOG09260492	scaffold_6	87148	100708
EOG09265OQH	scaffold_10	143085	153318
EOG09261L4M	scaffold_6	109709	121109
EOG09260WUA	scaffold_3	874362	885138
EOG0926499W	scaffold_3	813338	824504
EOG092608RH	scaffold_10	247789	260785
EOG09261T6U	scaffold_10	354283	365800
EOG09261T6U	scaffold_3	728744	740653
EOG09264OBA	scaffold_4	359194	369742
EOG09260ZG2	scaffold_15	176489	188222
EOG092617S2	scaffold_8	397431	409026
EOG092617S2	scaffold_3	487671	498891
EOG092617S2	scaffold_10	349127	360671
EOG092618UZ	scaffold_11	369434	380057
EOG09264U78	scaffold_2	382766	393080
EOG09260AQB	scaffold_2	766976	779744
EOG0926049A	scaffold_2	111827	124496
EOG09263OAE	scaffold_4	785523	796494
EOG09263OAE	scaffold_7	189261	200061
EOG09263OAE	scaffold_11	246757	257539
EOG09265PUI	scaffold_1	595671	605859
EOG092613R2	scaffold_3	44811	56574
EOG09260WU6	scaffold_5	43577	55691
EOG09260BRA	scaffold_6	701929	713272
EOG09260BRA	scaffold_5	104958	115941
EOG09260BRA	scaffold_4	629735	640742
EOG09261I1I	scaffold_10	131267	143552
EOG09261HM3	scaffold_16	164439	176055
EOG09261HM3	scaffold_12	2304	13878
EOG09261HM3	scaffold_1	194062	205609
EOG0926049S	scaffold_7	465444	477519
EOG092633US	scaffold_12	304901	315911
EOG09262ILV	scaffold_13	142538	153662
EOG09263UWJ	scaffold_10	313184	324203
EOG09265LIB	scaffold_11	384438	394740
EOG09260779	scaffold_4	945	14295
EOG09261I1G	scaffold_10	162240	173403
EOG092643QM	scaffold_5	370551	380790
EOG09260QVP	scaffold_26	40951	51814
EOG09265DDU	scaffold_1	27501	37749
EOG09264FVQ	scaffold_4	39795	50472
EOG09265822	scaffold_1	912386	923003
EOG092644ZU	scaffold_20	130782	141327
EOG0926195C	scaffold_1	865825	877804
EOG09260OE9	scaffold_10	0	10321
EOG09260OE9	scaffold_5	459078	470823
EOG09260OE9	scaffold_2	361800	373638
EOG09263JTO	scaffold_1	97755	108567
EOG09263JTO	scaffold_12	249619	260407
EOG09264L3W	scaffold_20	88622	99332
EOG09263X1F	scaffold_13	35145	45831
EOG09263D2P	scaffold_7	434257	444637
EOG09263D2P	scaffold_2	566929	577279
EOG09261EU7	scaffold_9	351512	362393
EOG09261EU7	scaffold_12	165066	242712
EOG09261EU7	scaffold_6	212317	241110
EOG09264G4X	scaffold_15	80774	91361
EOG09264G4X	scaffold_5	144085	154723
EOG09264G4X	scaffold_4	161868	172422
EOG092604ZZ	scaffold_3	384278	397142
EOG09265A08	scaffold_4	202634	213041
EOG09264SQJ	scaffold_2	452762	463352
EOG092615IE	scaffold_3	318633	330927
EOG09260OM6	scaffold_17	104075	115895
EOG09260OM6	scaffold_4	762989	774863
EOG09260OM6	scaffold_15	204807	216375
EOG09263H5H	scaffold_9	290443	301435
EOG09262YAU	scaffold_1	742352	753425
EOG0926457R	scaffold_5	144058	154699
EOG0926457R	scaffold_15	80759	91337
EOG092620FM	scaffold_6	751543	762517
EOG09260JTZ	scaffold_24	0	9702
EOG09264E6Z	scaffold_1	820432	831112
EOG09261UPM	scaffold_3	807068	817535
EOG09263MEM	scaffold_25	64753	75541
EOG09264W46	scaffold_8	418466	429122
EOG09265JNA	scaffold_19	127406	137642
EOG09261N20	scaffold_3	226608	237330
EOG092621CP	scaffold_3	49874	61214
EOG092630YS	scaffold_1	279430	290497
EOG092627F1	scaffold_10	342483	353679
EOG092627F1	scaffold_19	39626	89097
EOG09260HS3	scaffold_25	9109	21070
EOG092649XV	scaffold_14	133524	144462
EOG09264IIZ	scaffold_3	494136	504336
EOG0926273Q	scaffold_21	110388	121488
EOG09260J8F	scaffold_7	576757	588172
EOG0926129I	scaffold_13	320525	332348
EOG09263L7Y	scaffold_17	172707	183744
EOG09265FL1	scaffold_6	170486	180821
EOG09265FL1	scaffold_25	12043	22294
EOG09265FL1	scaffold_5	173647	183865
EOG09260K24	scaffold_2	51879	63780
EOG09263C55	scaffold_4	611085	622422
EOG092610KH	scaffold_7	143930	155438
EOG09260KCB	scaffold_7	229831	240535
EOG09260AZA	scaffold_11	306005	318890
EOG09264XM2	scaffold_6	328662	338901
EOG09260AZM	scaffold_11	172077	185007
EOG09260AZM	scaffold_22	52641	66111
EOG09260AZM	scaffold_20	84390	97296
EOG09261YGB	scaffold_6	432727	444079
EOG09260AZK	scaffold_4	385166	397559
EOG09264T8I	scaffold_7	362806	373048
EOG09264T8I	scaffold_6	371309	381551
EOG09264T8I	scaffold_11	191705	201884
EOG09260KCW	scaffold_12	0	10145
EOG09260KCW	scaffold_4	378120	389985
EOG09260KCW	scaffold_17	129331	140689
EOG09260R84	scaffold_11	127843	138901
EOG09261RU1	scaffold_17	167862	179256
EOG092602MO	scaffold_7	584907	596589
EOG09260DP1	scaffold_1	618981	631761
EOG09263I7I	scaffold_1	725791	736936
EOG09263I7I	scaffold_7	281744	292436
EOG092634ZL	scaffold_1	267067	277606
EOG09260K5F	scaffold_11	201553	213553
EOG09264272	scaffold_4	15563	26255
EOG09261MPU	scaffold_2	636826	648064
EOG09261MPU	scaffold_8	546859	557827
EOG09261MPU	scaffold_1	479847	490818
EOG09262FJB	scaffold_4	565348	575569
EOG092609RF	scaffold_9	42697	56980
EOG09261A3K	scaffold_7	590053	602890
EOG09262K9A	scaffold_11	287667	298761
EOG092634B5	scaffold_5	240201	251490
EOG09263JZO	scaffold_16	151485	162399
EOG09264IMV	scaffold_23	35866	46462
EOG09263BGW	scaffold_17	102216	113688
EOG09264NEF	scaffold_26	59040	69420
EOG09260OLB	scaffold_7	325831	336547
EOG09264CH7	scaffold_9	173955	184698
EOG09264CH7	scaffold_12	306832	317317
EOG09264G0H	scaffold_6	255981	266631
EOG09264ZI5	scaffold_12	259589	269729
EOG09264XPY	scaffold_1	157670	168071
EOG09260GKG	scaffold_1	896379	909168
EOG0926137U	scaffold_21	3405	15864
EOG09265G5C	scaffold_9	360355	370888
EOG09265G5C	scaffold_15	328588	338974
EOG09265G5C	scaffold_4	782786	793157
EOG09265EKJ	scaffold_5	648919	659170
EOG09262F22	scaffold_19	160995	172239
EOG09262JWJ	scaffold_5	282038	293189
EOG09262JWJ	scaffold_9	437523	448683
EOG092634B1	scaffold_8	217547	228614
EOG092634B1	scaffold_1	946970	957773
EOG092634B1	scaffold_18	61587	74442
EOG09264OAU	scaffold_16	118318	128536
EOG09264O2D	scaffold_2	997918	1008484
EOG09260KUC	scaffold_2	324247	336205
EOG09264I14	scaffold_23	24945	35265
EOG09262HP3	scaffold_2	845985	856953
EOG09260SL3	scaffold_6	309657	321888
EOG09260SL3	scaffold_1	889721	901430
EOG09264O6J	scaffold_8	384830	395318
EOG09264O6J	scaffold_1	874923	885489
EOG09264O6J	scaffold_22	65355	75918
EOG092625U6	scaffold_6	518575	529642
EOG09264V2U	scaffold_13	236111	246593
EOG09264OXC	scaffold_14	90173	100637
EOG09263W7L	scaffold_4	517986	528645
EOG09263ZW6	scaffold_14	114129	124836
EOG09263RDD	scaffold_1	63356	73871
EOG09263RDD	scaffold_17	114909	125328
EOG09260W52	scaffold_3	521895	533502
EOG09260NE0	scaffold_4	683273	694550
EOG09260TPT	scaffold_7	547413	558630
EOG092610LP	scaffold_9	274971	287049
EOG092610LQ	scaffold_1	394789	428468
EOG09260HSP	scaffold_11	349003	360910
EOG09262WQX	scaffold_14	246513	257265
EOG09261N2L	scaffold_3	80140	91549
EOG09263YUI	scaffold_6	116736	127350
EOG09264HN5	scaffold_8	557040	567483
EOG0926158Y	scaffold_2	724200	735075
EOG09265J36	scaffold_6	92624	102770
EOG09260LI6	scaffold_19	21003	33495
EOG09260LI6	scaffold_1	619125	630774
EOG09264IDN	scaffold_2	290020	300424
EOG09264I6B	scaffold_19	90453	100803
EOG09262SR7	scaffold_13	318349	329239
EOG09265H9T	scaffold_2	681819	692121
EOG092650I8	scaffold_3	343347	353805
EOG09262X74	scaffold_13	119184	129870
EOG09261HZD	scaffold_18	183853	195427
EOG09263K05	scaffold_5	526997	537386
EOG09261ABB	scaffold_16	86481	98394
EOG092635YY	scaffold_8	318585	329616
EOG092614ZG	scaffold_9	431344	442216
EOG092625OH	scaffold_9	443143	454453
EOG092625OH	scaffold_8	354920	366218
EOG09262N0U	scaffold_4	236101	247354
EOG09265K1R	scaffold_11	91678	101965
EOG09264G04	scaffold_4	675903	686319
EOG09264G04	scaffold_7	473088	483357
EOG09264SUZ	scaffold_20	45845	56147
EOG09262Q8D	scaffold_22	86299	97345
EOG09265B4G	scaffold_6	25427	35843
EOG092658NW	scaffold_6	612399	622620
EOG09263GSR	scaffold_5	476793	487899
EOG092626EQ	scaffold_6	579120	637604
EOG092626EQ	scaffold_20	111705	167292
EOG092626EQ	scaffold_9	205840	274599
EOG09264NNY	scaffold_3	679416	690129
EOG09261660	scaffold_8	201310	212890
EOG092619GP	scaffold_13	292704	303669
EOG09264G7L	scaffold_14	229488	239994
EOG09263H0Y	scaffold_22	0	8172
EOG09260S3L	scaffold_19	48936	60471
EOG09260WYQ	scaffold_2	406982	418760
EOG09260WYQ	scaffold_6	747468	758628
EOG092638CT	scaffold_2	458755	469654
EOG09264BJC	scaffold_12	23055	33627
EOG09264IV9	scaffold_3	865045	875869
EOG09261HQU	scaffold_3	371727	383049
EOG09261666	scaffold_1	197073	209133
EOG09262A8G	scaffold_2	832681	843880
EOG09261YRA	scaffold_7	369909	380868
EOG09262E3Q	scaffold_4	576305	587618
EOG09262CO6	scaffold_15	106000	117262
EOG09262CO6	scaffold_11	214611	225813
EOG092643IE	scaffold_2	521695	532318
EOG0926374A	scaffold_6	494111	505013
EOG092609YT	scaffold_1	957935	970787
EOG09264CST	scaffold_23	12609	23769
EOG09262N5O	scaffold_2	335735	347129
EOG092632FC	scaffold_12	79514	90635
EOG09263E5F	scaffold_7	191528	203342
EOG0926539T	scaffold_1	526387	536713
EOG0926539T	scaffold_16	166469	176822
EOG09263JCT	scaffold_6	21912	32706
EOG09264MIL	scaffold_15	321885	332349
EOG09262MOO	scaffold_17	208580	219692
EOG09262MOO	scaffold_9	159126	170205
EOG09262MOO	scaffold_12	131385	142797
EOG092604A0	scaffold_1	793677	804885
EOG09261V03	scaffold_8	90099	101235
EOG092647CM	scaffold_3	834404	844898
EOG09261WJ8	scaffold_1	928665	939504
EOG092629U5	scaffold_4	712300	722947
EOG0926354S	scaffold_1	464703	475722
EOG0926354S	scaffold_5	291519	302532
EOG09261XZ6	scaffold_11	239103	250458
EOG09262A65	scaffold_1	946877	957761
EOG09262A65	scaffold_2	658013	668897
EOG09262A65	scaffold_8	217754	228551
EOG0926506Z	scaffold_4	761704	772123
EOG09263J7D	scaffold_9	420781	431521
EOG09263J7D	scaffold_18	150091	160567
EOG09263J7D	scaffold_13	218950	229381
EOG09264TJN	scaffold_2	342641	353270
EOG09260VEY	scaffold_1	1060743	1072659
EOG09262X01	scaffold_3	121962	132654
EOG092658X5	scaffold_24	39537	49743
EOG092641M3	scaffold_2	426962	437699
EOG092641M3	scaffold_16	274102	284638
EOG09260ERO	scaffold_8	31928	44963
EOG09264AWW	scaffold_21	6361	17080
EOG09265NHW	scaffold_2	425169	435423
EOG09265NHW	scaffold_22	7994	18242
EOG09263OD3	scaffold_2	165806	176459
EOG09265GYD	scaffold_3	157262	167480
EOG092619NK	scaffold_4	515685	527604
EOG09260NNR	scaffold_5	458997	470904
EOG09260NNR	scaffold_4	488299	499855
EOG09260NNR	scaffold_13	188742	200685
EOG09264VRO	scaffold_3	662422	672496
EOG09265DAV	scaffold_10	181723	192022
EOG09265DAV	scaffold_6	238034	248333
EOG092642UD	scaffold_17	181182	191829
EOG09262UAS	scaffold_3	60371	71471
EOG092620EL	scaffold_16	99596	111122
EOG092620EL	scaffold_5	146817	158337
EOG0926425H	scaffold_16	149172	159708
EOG09260EZT	scaffold_6	7369	19189
EOG09262XRU	scaffold_20	143187	154242
EOG09260NWN	scaffold_1	112859	124958
EOG09262MFL	scaffold_5	76421	87290
EOG09262JZW	scaffold_6	160536	171675
EOG09261ZPW	scaffold_10	284767	302893
EOG09260JNY	scaffold_3	72620	84197
EOG09262PZ9	scaffold_7	301720	312841
EOG09262PZ9	scaffold_9	411296	422240
EOG09262PZ9	scaffold_4	293268	322044
EOG09262R8O	scaffold_3	700521	710796
EOG09263OCO	scaffold_8	210196	221071
EOG09263OCO	scaffold_4	293295	322044
EOG09263OCO	scaffold_10	188939	199745
EOG09263BG5	scaffold_7	83247	94386
EOG09263IQ5	scaffold_9	289206	300033
EOG092617AN	scaffold_4	744985	758335
EOG09260MBW	scaffold_25	65955	78477
EOG09261F73	scaffold_3	65423	76754
EOG09261F73	scaffold_12	25989	37326
EOG09261F73	scaffold_9	294960	305922
EOG09264T1U	scaffold_2	414398	425003
EOG09264DJ8	scaffold_2	558222	569082
EOG09264EGS	scaffold_3	503899	514066
EOG09264EGS	scaffold_6	387407	397520
EOG09264IQ7	scaffold_2	800176	810757
EOG09263FAK	scaffold_7	608796	619563
EOG09265FTY	scaffold_1	112250	122600
EOG092628A0	scaffold_16	275443	286720
EOG09261M78	scaffold_6	74040	85527
EOG09264KTU	scaffold_13	139194	149676
EOG092619RJ	scaffold_11	352732	363355
EOG09263E87	scaffold_4	547667	558392
EOG09261LPY	scaffold_24	49995	60954
EOG09261LPY	scaffold_1	191188	202168
EOG09261NLR	scaffold_1	886158	897468
EOG09262IP2	scaffold_14	18989	29978
EOG09260W9L	scaffold_12	262199	343716
EOG09260W9L	scaffold_9	206026	262550
EOG09260W9L	scaffold_3	633752	644198
EOG09265BTA	scaffold_5	83154	93501
EOG09263JW5	scaffold_21	115517	126317
EOG09262NB1	scaffold_7	158049	169140
EOG092644Z6	scaffold_12	220052	230720
EOG092620CR	scaffold_5	723445	735301
EOG09263Y3L	scaffold_8	158026	168946
EOG09264RW6	scaffold_14	241174	251680
EOG09263YFH	scaffold_17	218603	229307
EOG09264T0J	scaffold_8	430114	440608
EOG09265SHM	scaffold_1	1030179	1040376
EOG09263Q8J	scaffold_24	338	11093
EOG09264YKY	scaffold_8	307003	317407
EOG09260B3X	scaffold_5	667410	679923
EOG09262VOC	scaffold_1	712605	723699
EOG09264PDD	scaffold_2	943576	953929
EOG09264OM7	scaffold_8	562073	572585
EOG09264W7W	scaffold_1	109135	119860
EOG09260TUT	scaffold_18	51013	62698
EOG09262516	scaffold_1	806540	857073
EOG09262516	scaffold_12	2298	13821
EOG09262516	scaffold_16	164625	175989
EOG09260NY2	scaffold_6	726467	738548
EOG09260VYK	scaffold_8	435463	447016
EOG09264ZXA	scaffold_5	297620	308216
EOG09260B3H	scaffold_18	61539	74493
EOG092651FJ	scaffold_7	411072	422409
EOG09262LQT	scaffold_10	311289	321882
EOG092602I6	scaffold_4	484633	499885
EOG09264L6D	scaffold_12	323272	333358
EOG0926251E	scaffold_2	397153	408445
EOG092642I5	scaffold_13	49577	60026
EOG09265G5K	scaffold_4	212210	222581
EOG09265G5K	scaffold_13	69631	79930
EOG09261CXQ	scaffold_3	222340	233011
EOG09264OML	scaffold_2	121169	131810
EOG092625P1	scaffold_6	404709	437115
EOG092625P1	scaffold_2	340752	351840
EOG092625P1	scaffold_4	562866	573951
EOG09261OKK	scaffold_21	65853	76974
EOG09262X7T	scaffold_13	157570	168919
EOG092658CI	scaffold_6	376329	386748
EOG09260LJ8	scaffold_7	613925	626318
EOG09260EOI	scaffold_20	132087	144447
EOG09264W71	scaffold_13	176901	187098
EOG09263OZR	scaffold_14	77554	88273
EOG09265ANI	scaffold_19	187184	197651
EOG0926133I	scaffold_20	40801	52594
EOG09261DRB	scaffold_13	51007	61453
EOG09264NC7	scaffold_7	122716	133099
EOG092640WA	scaffold_2	304813	315379
EOG0926431P	scaffold_8	40931	51674
EOG09263UN3	scaffold_10	269610	280095
EOG09262BCZ	scaffold_1	532232	543260
EOG0926458I	scaffold_4	560051	570686
EOG09260DUR	scaffold_4	166830	177984
EOG09264TQ5	scaffold_5	569761	580201
EOG09260FFP	scaffold_13	144163	154645
EOG09260FFP	scaffold_11	361506	371871
EOG09260FFP	scaffold_9	9080	19400
EOG09260DUW	scaffold_4	573397	585040
EOG092645MK	scaffold_12	369947	380609
EOG09260GOF	scaffold_16	128869	140053
EOG09261145	scaffold_4	80822	92507
EOG09261145	scaffold_6	70585	82267
EOG09263W48	scaffold_11	248610	259329
EOG09260GF5	scaffold_4	793324	805648
EOG092646EZ	scaffold_19	89276	99881
EOG09263UQF	scaffold_6	705917	716750
EOG092648VW	scaffold_1	421305	431997
EOG09265QTV	scaffold_4	427907	437993
EOG09260SAH	scaffold_5	493535	505466
EOG092658ZO	scaffold_13	242977	253192
EOG09262341	scaffold_7	397835	408596
EOG09265JVH	scaffold_13	201207	211398
EOG09260M44	scaffold_23	43333	54520
EOG09260BSW	scaffold_7	451119	464238
EOG09260BSW	scaffold_14	272726	284912
EOG09260BSW	scaffold_8	116208	128529
EOG09262JAT	scaffold_4	293349	322050
EOG09262JAT	scaffold_18	65249	76073
EOG09262JAT	scaffold_2	306035	316778
EOG09260APA	scaffold_2	78345	88581
EOG092658QH	scaffold_18	165993	176337
EOG09260EQD	scaffold_1	584078	595682
EOG09264XKX	scaffold_1	324097	334345
EOG09263EDC	scaffold_12	249589	260419
EOG09263EDC	scaffold_7	160830	171627
EOG09263EDC	scaffold_3	321550	332416
EOG092607QZ	scaffold_6	573883	586909
EOG09261CM0	scaffold_1	1077094	1088209
EOG09261CM0	scaffold_8	546871	557725
EOG09261CM0	scaffold_2	637039	647920
EOG09260P2K	scaffold_9	252173	274926
EOG09265DWT	scaffold_4	174030	184341
EOG09260LS9	scaffold_20	151661	162464
EOG09260JJW	scaffold_8	182252	194339
EOG092621X3	scaffold_16	187795	199006
EOG0926591L	scaffold_7	367910	378122
EOG0926591L	scaffold_2	736207	746437
EOG092646CB	scaffold_5	594078	604770
EOG092614O9	scaffold_11	74297	86072
EOG09261DG0	scaffold_14	318445	329983
EOG092600T4	scaffold_7	124972	141298
EOG092600T4	scaffold_3	232715	248957
EOG092659DX	scaffold_1	240259	250465
EOG09264KIV	scaffold_1	783371	793847
EOG09263IT0	scaffold_2	278534	289394
EOG09265591	scaffold_6	480090	490515
EOG09265591	scaffold_5	449232	459618
EOG09265591	scaffold_2	253793	264179
EOG09264719	scaffold_4	219381	230127
EOG09263HYJ	scaffold_16	97459	108436
EOG092628SP	scaffold_8	513894	524706
EOG092606CY	scaffold_17	139717	153382
EOG092606CY	scaffold_13	279170	292922
EOG09264LKR	scaffold_2	376953	387441
EOG09264LKR	scaffold_10	83195	93683
EOG09264LKR	scaffold_7	317787	350943
EOG09263G4R	scaffold_7	387401	397652
EOG09260XOG	scaffold_6	339788	351875
EOG09263R4M	scaffold_2	803138	813833
EOG09263R4M	scaffold_20	115340	126005
EOG092610VI	scaffold_3	388656	401415
EOG092610VI	scaffold_6	503746	515617
EOG092610VI	scaffold_15	247712	259502
EOG09262KZ3	scaffold_7	412698	424239
EOG09261P7G	scaffold_7	581022	592281
EOG092640ZF	scaffold_9	391419	401826
EOG09262BVA	scaffold_7	598540	609598
EOG09263FTE	scaffold_5	575107	585937
EOG09262645	scaffold_14	153490	165133
EOG092616YZ	scaffold_5	565391	577319
EOG092616YZ	scaffold_4	536327	548255
EOG092616YZ	scaffold_13	77809	89269
EOG09263X0V	scaffold_2	750122	760541
EOG09265GYK	scaffold_15	6327	16575
EOG09265GYK	scaffold_6	639213	649461
EOG092642CB	scaffold_18	135613	146206
EOG09261JWS	scaffold_1	906742	918094
EOG09261JWS	scaffold_4	562770	573882
EOG09261JWS	scaffold_2	340824	351876
EOG09264QRY	scaffold_12	110825	121205
EOG092641A6	scaffold_7	167082	178209
EOG092641A6	scaffold_13	297178	308326
EOG09264O3B	scaffold_9	168924	179304
EOG09264KSI	scaffold_6	724775	735056
EOG092638AP	scaffold_6	327498	338244
EOG09264XLN	scaffold_15	175844	186128
EOG09264829	scaffold_6	725192	735653
EOG09261YV6	scaffold_1	230525	242105
EOG09261YV6	scaffold_13	52472	64331
EOG09261YV6	scaffold_10	274943	286412
EOG092604MJ	scaffold_24	15370	29875
EOG09264E5J	scaffold_9	273882	284751
EOG09261801	scaffold_14	213857	225197
EOG0926578E	scaffold_11	99128	109541
EOG09264B2X	scaffold_6	139019	149903
EOG09264B2X	scaffold_21	70389	81012
EOG09264B2X	scaffold_2	167686	178294
EOG092604ML	scaffold_12	38848	52609
EOG09264NDD	scaffold_12	222329	233123
EOG09264B2P	scaffold_4	767071	777958
EOG09262QS5	scaffold_5	696512	707435
EOG09265DRM	scaffold_1	71225	81473
EOG09264NJ1	scaffold_14	249324	260856
EOG09261X9E	scaffold_11	258480	269577
EOG092654XA	scaffold_5	573048	583407
EOG092651OF	scaffold_29	968	11432
EOG09262N47	scaffold_14	124312	134845
EOG09262QTY	scaffold_5	681452	692114
EOG09264R1U	scaffold_16	83357	93773
EOG09265GSM	scaffold_12	304273	314476
EOG09260J53	scaffold_16	21586	33433
EOG09260J53	scaffold_1	281253	295908
EOG09260J53	scaffold_20	94700	106535
EOG09261H5E	scaffold_1	663676	675244
EOG09264S3E	scaffold_10	223634	234167
EOG09264Y0W	scaffold_9	129154	139621
EOG092620U5	scaffold_2	620920	632266
EOG09264LBC	scaffold_4	751730	762335
EOG09264LBC	scaffold_6	532109	542714
EOG09261FH7	scaffold_1	641125	653086
EOG09261FH7	scaffold_13	270551	282485
EOG09260E2O	scaffold_19	39626	90102
EOG09263F3I	scaffold_9	408856	419398
EOG09263F3I	scaffold_13	111438	121842
EOG09265BG5	scaffold_7	488326	498769
EOG09262WHU	scaffold_3	455603	466499
EOG09263K45	scaffold_24	32067	42852
EOG09263G3M	scaffold_4	24960	35880
EOG09263G3M	scaffold_1	289109	300068
EOG09260P5R	scaffold_15	136234	146932
EOG09262E7I	scaffold_17	58851	69843
EOG09261DGU	scaffold_12	180251	192185
EOG09260FKU	scaffold_25	49053	59430
EOG09261G92	scaffold_2	270283	281140
EOG09265GGX	scaffold_5	714513	724917
EOG09261AH9	scaffold_20	113194	124930
EOG09262K8C	scaffold_7	201743	212129
EOG09262K8C	scaffold_4	280930	291172
EOG09261W1K	scaffold_2	653087	664457
EOG09260R9L	scaffold_13	56628	67332
EOG09263RF8	scaffold_3	367159	378052
EOG09260OCI	scaffold_1	311523	322335
EOG09262KJA	scaffold_2	327522	338754
EOG09262K8L	scaffold_6	520003	531160
EOG09261FAB	scaffold_13	312759	323739
EOG0926514P	scaffold_1	558436	568867
EOG092613S3	scaffold_9	85137	95928
EOG092613S3	scaffold_5	70235	80786
EOG09260BFE	scaffold_7	306146	317540
EOG09265C25	scaffold_7	224392	234784
EOG09264CP4	scaffold_8	67664	78263
EOG09261FAX	scaffold_14	306483	317349
EOG09264A8D	scaffold_3	842038	852805
EOG092605T6	scaffold_9	209253	230346
EOG0926047G	scaffold_16	39407	53063
EOG092606UX	scaffold_15	58730	72155
EOG092606UX	scaffold_5	78322	92026
EOG092619VG	scaffold_8	364752	376287
EOG092651HW	scaffold_2	352698	363552
EOG0926312D	scaffold_19	39626	89010
EOG0926312D	scaffold_26	49660	61090
EOG0926312D	scaffold_5	607760	618251
EOG09264IKZ	scaffold_16	148401	158832
EOG09264JQ1	scaffold_3	96912	108015
EOG09264441	scaffold_3	14465	25118
EOG09264441	scaffold_18	73199	83855
EOG09264441	scaffold_2	796404	807015
EOG09264DOU	scaffold_3	811008	821358
EOG09260HPO	scaffold_2	116489	129143
EOG09263PWF	scaffold_5	518461	528928
EOG09263R62	scaffold_16	135043	145477
EOG09265RGS	scaffold_3	631862	641963
EOG092636Y6	scaffold_3	323194	335107
EOG09261M4S	scaffold_18	223342	234598
EOG09260RS7	scaffold_1	843204	854412
EOG09264X8J	scaffold_4	163260	173754
EOG09264X8J	scaffold_6	157657	168151
EOG09264XJC	scaffold_2	991177	1001638
EOG09262QJW	scaffold_14	63834	74961
EOG09262QJW	scaffold_21	101250	112377
EOG09263SZM	scaffold_2	914250	925086
EOG09264I9J	scaffold_18	167209	177706
EOG09264I9J	scaffold_6	280517	291296
EOG09264V3H	scaffold_17	17210	27659
EOG09260DXP	scaffold_1	992515	1004749
EOG09264FWI	scaffold_12	154454	165071
EOG09260CKC	scaffold_1	16762	29392
EOG092649VG	scaffold_4	330413	341099
EOG09263KZJ	scaffold_5	703828	714631
EOG09264LH2	scaffold_2	619152	629784
EOG0926306O	scaffold_4	633073	643633
EOG09265IBC	scaffold_15	126987	137292
EOG09265IBC	scaffold_4	379851	390147
EOG09265IBC	scaffold_12	0	10145
EOG09265PJ3	scaffold_18	213078	223263
EOG092654LJ	scaffold_2	446291	456713
EOG09263Z41	scaffold_8	394803	405735
EOG092648LP	scaffold_3	575938	586861
EOG092612AK	scaffold_12	20667	32232
EOG092658SK	scaffold_2	798825	809229
EOG0926004Z	scaffold_13	325707	349383
EOG09265KSE	scaffold_12	99572	109751
EOG09265CQO	scaffold_15	32838	43197
EOG09265CQO	scaffold_5	62594	72953
EOG0926388H	scaffold_2	142643	153932
EOG09264IPL	scaffold_9	436496	447377
EOG09263DQH	scaffold_7	203396	214058
EOG09263E9V	scaffold_4	249798	260169
EOG09263V60	scaffold_6	93793	104308
EOG09261WVT	scaffold_3	755940	767316
EOG092654KW	scaffold_4	153001	163405
EOG09264FXB	scaffold_5	175574	187316
EOG09260JDM	scaffold_2	689803	700714
EOG09262H1X	scaffold_4	511648	523027
EOG09262H1X	scaffold_17	159830	171101
EOG092655L0	scaffold_3	810209	820475
EOG092638EN	scaffold_8	256196	266993
EOG09260UXC	scaffold_24	44911	56434
EOG092609JB	scaffold_4	415903	428266
EOG092609JB	scaffold_5	85136	96917
EOG092609JB	scaffold_6	132189	143802
EOG092615CC	scaffold_1	179820	191295
EOG09264A2D	scaffold_7	677069	687683
EOG09263A64	scaffold_15	235786	246871
EOG09265JA7	scaffold_2	536158	546337
EOG09260U6R	scaffold_2	647506	659746
EOG09260U6R	scaffold_5	212865	225252
EOG09261XNU	scaffold_14	217368	229218
EOG09265HPJ	scaffold_6	411750	422175
EOG09262D0D	scaffold_7	517815	529038
EOG09264X31	scaffold_19	27576	38112
EOG09264881	scaffold_21	61554	73035
EOG09264881	scaffold_1	161781	173013
EOG0926390Q	scaffold_4	102951	113310
EOG09262QL6	scaffold_17	112995	124242
EOG09263WB5	scaffold_16	66076	76519
EOG09263WB5	scaffold_1	161772	172170
EOG09263WB5	scaffold_21	62646	73044
EOG092656JA	scaffold_4	164801	175199
EOG09263RY2	scaffold_2	513686	524000
EOG09260SRF	scaffold_8	235952	248102
EOG09260SRF	scaffold_3	477311	489457
EOG09262DC1	scaffold_3	381700	392887
EOG092630UB	scaffold_6	438047	448541
EOG092632TF	scaffold_1	757152	767673
EOG09260WGT	scaffold_20	99065	110543
EOG092605FC	scaffold_7	75612	115519
EOG092605FC	scaffold_19	24272	68118
EOG09263J6Z	scaffold_1	477078	488181
EOG09261NLY	scaffold_5	705614	717215
EOG09260UJK	scaffold_6	549363	561072
EOG092651LN	scaffold_14	216269	226757
EOG092651LN	scaffold_23	41634	52122
EOG09261OSU	scaffold_7	495137	506645
EOG09261OSU	scaffold_15	299662	310744
EOG09264873	scaffold_2	218120	228869
EOG092646VF	scaffold_2	986414	996911
EOG09263P17	scaffold_16	172322	182627
EOG092644TW	scaffold_1	534149	544886
EOG09263X4B	scaffold_17	182707	193387
EOG09261BP0	scaffold_12	108648	120300
EOG09260J97	scaffold_1	373640	385448
EOG092608AV	scaffold_4	361723	375013
EOG09260OQ8	scaffold_6	736089	748497
EOG092604I8	scaffold_16	32741	46940
EOG092621CK	scaffold_1	830571	841122
EOG09261VD2	scaffold_10	206207	217604
EOG09265F2Y	scaffold_7	78226	88630
EOG09260NHN	scaffold_5	23261	36635
EOG09262NIR	scaffold_6	282619	293494
EOG0926248P	scaffold_2	460790	472835
EOG09260NHB	scaffold_3	209635	222838
EOG09265KNL	scaffold_4	523904	534113
EOG09264IG5	scaffold_10	42458	53093
EOG09260LBU	scaffold_15	87933	100227
EOG09261HB6	scaffold_9	409996	421009
EOG09261HB6	scaffold_8	379971	390993
EOG092608AE	scaffold_10	348437	360692
EOG092651BA	scaffold_8	69372	79593
EOG09264JW6	scaffold_7	551248	561829
EOG09261EY9	scaffold_2	273140	285017
EOG09265GXF	scaffold_8	119384	130136
EOG092612J3	scaffold_12	141945	153216
EOG09265BCT	scaffold_15	257293	267652
EOG092629FB	scaffold_4	397651	408688
EOG092632WW	scaffold_10	235701	246666
EOG09261BPJ	scaffold_16	290755	302371
EOG09262DPL	scaffold_8	140921	151709
EOG0926506U	scaffold_4	190330	200731
EOG09260ABY	scaffold_18	136572	149781
EOG09262BHE	scaffold_2	395227	406180
EOG092645U1	scaffold_7	472749	483327
EOG092645U1	scaffold_22	50360	60806
EOG092645U1	scaffold_6	5004	15441
EOG09265HEP	scaffold_3	503005	513139
EOG09262GWQ	scaffold_6	212302	241122
EOG09262GWQ	scaffold_2	609988	620842
EOG09262GWQ	scaffold_1	394993	428960
EOG09262HQM	scaffold_18	218943	229323
EOG09264DYD	scaffold_9	9038	20234
EOG09265CN0	scaffold_2	40778	51146
EOG09263I4U	scaffold_9	271052	281885
EOG09263L9T	scaffold_8	221738	232610
EOG09260K4V	scaffold_6	686344	699052
EOG09264COX	scaffold_12	214385	224849
EOG09264P4J	scaffold_4	768332	778952
EOG09260TVA	scaffold_6	333817	345787
EOG092600XJ	scaffold_18	141473	155504
EOG09260K4B	scaffold_6	114298	126058
EOG09263U08	scaffold_3	192330	202614
EOG09264RR2	scaffold_14	295030	305554
EOG09263CLY	scaffold_4	148168	159130
EOG09260A98	scaffold_1	101302	115099
EOG09260AEC	scaffold_6	29049	40293
EOG09262POL	scaffold_24	37313	47405
EOG09264HX6	scaffold_14	240189	250470
EOG092653SU	scaffold_4	413100	423375
EOG092653SU	scaffold_1	921595	931816
EOG09260SR2	scaffold_11	314816	327521
EOG092635DF	scaffold_14	185230	196159
EOG09265IT6	scaffold_10	56792	67094
EOG09264HTG	scaffold_22	10902	21444
EOG09264L06	scaffold_2	786695	796955
EOG09260TDY	scaffold_1	1079977	1090396
EOG092608WI	scaffold_2	85361	97070
EOG092610ZY	scaffold_20	65807	77615
EOG09260XH5	scaffold_2	787806	798789
EOG09260XH5	scaffold_6	747705	758547
EOG09262KVB	scaffold_7	524694	535593
EOG09264PI4	scaffold_16	243030	253491
EOG09263VOP	scaffold_16	57280	67786
EOG09261IEH	scaffold_2	478150	489274
EOG09265AT5	scaffold_2	976684	986950
EOG09265AT5	scaffold_1	427294	437485
EOG09265B1X	scaffold_14	120027	130218
EOG092612XD	scaffold_1	549911	561758
EOG09261IEV	scaffold_4	341387	352778
EOG092654VM	scaffold_2	969548	979652
EOG092608WU	scaffold_2	191620	203737
EOG09260IU8	scaffold_6	740150	751682
EOG09264UKL	scaffold_18	33875	44228
EOG09261OXD	scaffold_8	103826	115562
EOG09263POH	scaffold_12	146840	157664
EOG092657YR	scaffold_2	966205	976540
EOG09262C5Z	scaffold_2	226640	237506
EOG09262MEK	scaffold_1	393141	404265
EOG09262MEK	scaffold_17	208592	219668
EOG09262MEK	scaffold_9	159123	170205
EOG09262GXD	scaffold_18	93104	104294
EOG09262N10	scaffold_14	326562	337380
EOG092624SJ	scaffold_5	767430	778572
EOG092606AJ	scaffold_3	39858	51762
EOG09263ROQ	scaffold_16	269654	280619
EOG09265EOF	scaffold_1	316727	326999
EOG09265EOF	scaffold_10	293318	303590
EOG0926357F	scaffold_8	320561	331604
EOG092645LS	scaffold_4	229564	239977
EOG09260VHV	scaffold_18	55696	67180
EOG09261D4D	scaffold_2	486656	498179
EOG09264K2W	scaffold_1	895102	905914
EOG09262M7B	scaffold_4	245169	256338
EOG092640ET	scaffold_11	236619	247509
EOG09263BDA	scaffold_5	360708	370986
EOG09260XQV	scaffold_4	423046	434821
EOG092630N3	scaffold_6	367803	378777
EOG09260JO5	scaffold_10	251367	264861
EOG09265CCT	scaffold_8	409741	420244
EOG09262PAY	scaffold_4	183900	194826
EOG09262PAY	scaffold_18	88112	98840
EOG092600NM	scaffold_9	86666	103463
EOG0926448Q	scaffold_5	435781	445993
EOG09262WFG	scaffold_16	256695	267573
EOG092621ZV	scaffold_14	113078	123830
EOG09264YEG	scaffold_7	298083	308430
EOG09264YEG	scaffold_14	157501	167893
EOG09264YEG	scaffold_3	681172	691558
EOG09261RFF	scaffold_5	455842	466891
EOG09264KK7	scaffold_1	212743	223270
EOG092643QW	scaffold_18	228226	238477
EOG09261G4Z	scaffold_19	133943	145250
EOG09261G4Z	scaffold_15	303768	314982
EOG09264XOZ	scaffold_6	745569	756450
EOG09264JHE	scaffold_10	30639	41148
EOG09264JHE	scaffold_8	457516	468097
EOG09264JHE	scaffold_2	537054	572200
EOG09261ACJ	scaffold_3	435886	447331
EOG09262E98	scaffold_26	62214	74085
EOG092654QZ	scaffold_24	32971	43243
EOG09260E8K	scaffold_1	64423	77563
EOG09263GUT	scaffold_8	71614	82435
EOG092657H8	scaffold_1	435967	446251
EOG09263WLB	scaffold_6	216093	226641
EOG09262DKA	scaffold_12	91828	103015
EOG09265M98	scaffold_2	213737	224108
EOG0926369X	scaffold_4	223002	233811
EOG09262B1U	scaffold_2	378518	389639
EOG092648K5	scaffold_1	466026	476634
EOG092611HB	scaffold_3	823350	834555
EOG092611HB	scaffold_5	212922	224019
EOG09262IY3	scaffold_7	114279	125469
EOG09262IY3	scaffold_19	85033	95710
EOG09264V30	scaffold_4	38817	49203
EOG09261SS1	scaffold_21	74453	85709
EOG09262LYR	scaffold_15	192677	203993
EOG09261F9G	scaffold_16	177478	187960
EOG092610QT	scaffold_4	0	9804
EOG09264SSI	scaffold_14	172905	183411
EOG09264SSI	scaffold_3	675088	685594
EOG09263DFA	scaffold_21	93297	103920
EOG09260NZ8	scaffold_2	721744	732985
EOG09260S2Z	scaffold_4	98047	110308
EOG092659OC	scaffold_1	893705	904205
EOG09260BYL	scaffold_5	762563	774251
EOG09260BYL	scaffold_3	696565	708043
EOG09260BYL	scaffold_12	106674	118347
EOG09265I72	scaffold_16	224624	234779
EOG09262H50	scaffold_12	224487	235203
EOG09262KN8	scaffold_17	175899	187833
EOG092600X0	scaffold_17	77566	93646
EOG09264XTW	scaffold_1	432814	443605
EOG09264XTW	scaffold_15	92854	103633
EOG09264XTW	scaffold_5	116630	127313
EOG09263FKC	scaffold_1	449863	460213
EOG09261JVS	scaffold_5	612383	623540
EOG092652YI	scaffold_4	365429	375686
EOG09264USX	scaffold_4	270988	281389
EOG09260NC6	scaffold_5	390133	402064
EOG092657UN	scaffold_2	580074	590562
EOG0926384F	scaffold_4	695517	706629
EOG092649VA	scaffold_14	316316	326909
EOG09263M8W	scaffold_3	668694	679605
EOG09263EQZ	scaffold_7	92231	103250
EOG09261PJZ	scaffold_3	690683	701156
EOG09261PJZ	scaffold_1	338401	348811
EOG09263274	scaffold_6	0	6438
EOG092653NM	scaffold_1	484760	495152
EOG092653NM	scaffold_5	324726	335115
EOG09261YLQ	scaffold_2	595522	606613
EOG09261YLQ	scaffold_4	810135	820773
EOG09262DUV	scaffold_6	559887	570990
EOG09260ZWU	scaffold_22	66527	78620
EOG09262UTQ	scaffold_7	360346	370903
EOG092653YS	scaffold_1	369885	380379
EOG09264C3V	scaffold_1	544695	555093
EOG09263OWL	scaffold_7	283628	294347
EOG09263PXH	scaffold_11	121645	132421
EOG09263PXH	scaffold_4	148282	159148
EOG09262TUR	scaffold_20	122882	133841
EOG09262CBI	scaffold_5	561211	572479
EOG09265FCK	scaffold_10	106408	116770
EOG09265FCK	scaffold_1	608985	619302
EOG09265FCK	scaffold_2	106720	117016
EOG092645QN	scaffold_18	73181	83837
EOG092645QN	scaffold_6	313071	323793
EOG092645QN	scaffold_2	50638	61153
EOG09261404	scaffold_5	217096	229540
EOG09262SI7	scaffold_8	73964	85352
EOG092645G0	scaffold_3	806115	816849
EOG092645G0	scaffold_2	796347	807033
EOG092645G0	scaffold_6	50118	60804
EOG092621GY	scaffold_15	245588	257114
EOG09264MZ1	scaffold_12	100032	110544
EOG09264XF3	scaffold_9	23503	34171
EOG092649QJ	scaffold_10	320413	331465
EOG092623WR	scaffold_5	507217	518404
EOG092623WR	scaffold_3	53412	64587
EOG092623WR	scaffold_6	673632	684921
EOG09265KQ4	scaffold_5	732153	742254
EOG092621GA	scaffold_14	93811	105316
EOG092615Y4	scaffold_9	32908	44296
EOG092615Y4	scaffold_2	450637	461569
EOG092640BS	scaffold_3	752758	763702
EOG09262Z0M	scaffold_18	154965	166299
EOG09265K4K	scaffold_5	732931	743050
EOG092604S1	scaffold_2	496109	507941
EOG092605ZA	scaffold_19	45466	56302
EOG092653KS	scaffold_7	91682	101915
EOG092653KS	scaffold_4	103881	114069
EOG092653KS	scaffold_6	84211	94399
EOG09260375	scaffold_7	346537	359875
EOG09263CUU	scaffold_16	259416	270672
EOG0926115V	scaffold_1	437572	449215
EOG09260KWP	scaffold_24	54364	66529
EOG0926115P	scaffold_5	771843	782376
EOG0926115P	scaffold_10	138762	149295
EOG0926140Q	scaffold_1	685465	697207
EOG09264DIM	scaffold_3	660496	671260
EOG0926436T	scaffold_2	998708	1009394
EOG09261MG9	scaffold_6	640448	651989
EOG09261DHR	scaffold_9	375430	386941
EOG092629ZN	scaffold_4	831111	842595
EOG09262V3O	scaffold_1	1008592	1019365
EOG09264W1U	scaffold_2	858392	868826
EOG092645TJ	scaffold_6	369912	380427
EOG09260FL2	scaffold_4	425314	437569
EOG09260FZZ	scaffold_3	179819	192872
EOG09264XT5	scaffold_1	445959	456435
EOG09264OQ8	scaffold_4	786819	797265
EOG09260KNR	scaffold_8	477321	489096
EOG09260KNR	scaffold_3	65480	76721
EOG09260KNR	scaffold_9	294981	305937
EOG09262J7K	scaffold_4	804323	815237
EOG09262J7K	scaffold_23	46709	57350
EOG092652TN	scaffold_14	47920	58159
EOG092650VI	scaffold_3	173006	183371
EOG09260C2V	scaffold_20	46605	58869
EOG09261B3Q	scaffold_8	25476	36807
EOG09262OX9	scaffold_2	987412	998533
EOG09262OX9	scaffold_10	364268	375386
EOG09262OX9	scaffold_7	51493	62449
EOG09260W8D	scaffold_1	643982	655358
EOG09260BL6	scaffold_18	30472	42040
EOG0926248W	scaffold_11	65330	77693
EOG09263L52	scaffold_6	406181	417425
EOG09264Z1B	scaffold_15	297155	307457
EOG09264Z1B	scaffold_1	787113	797394
EOG09264Z1B	scaffold_6	393053	403319
EOG09262F7P	scaffold_18	200243	211298
EOG09261LV7	scaffold_10	273138	283731
EOG09261LV7	scaffold_6	457502	467951
EOG09264PD5	scaffold_4	734109	744600
EOG09260KNI	scaffold_3	173742	184689
EOG09264XOC	scaffold_18	238498	249202
EOG09261476	scaffold_5	393117	405366
EOG0926587S	scaffold_2	977546	987833
EOG09260N53	scaffold_1	28221	40320
