EOG09263OXI	scaffold_1	854624	865469
EOG09261W3X	scaffold_1	3040793	3052250
EOG09261G1Y	scaffold_8	434543	446645
EOG09261JCQ	scaffold_6	326112	337272
EOG09263A5D	scaffold_2	1160898	1171725
EOG09263A5D	scaffold_1	2915303	2926166
EOG09263A5D	scaffold_6	972050	982901
EOG09261C0G	scaffold_2	1634409	1646460
EOG09260S5R	scaffold_5	1157319	1168668
EOG09262I5I	scaffold_7	458142	469713
EOG09262I5I	scaffold_5	1381538	1392512
EOG09265SHL	scaffold_6	788432	798635
EOG09262OJ4	scaffold_5	1424807	1436294
EOG09262OJ4	scaffold_1	1919728	1930681
EOG09262ZZ8	scaffold_8	41315	51893
EOG09261TPN	scaffold_6	477357	488712
EOG09262V9N	scaffold_1	760624	771157
EOG09265BJ3	scaffold_6	486195	496557
EOG092644X6	scaffold_1	636968	647528
EOG09265A08	scaffold_1	1803957	1814361
EOG09261OLD	scaffold_1	2659840	2671327
EOG09260Y2Q	scaffold_2	1905095	1915946
EOG09262MJW	scaffold_6	560262	571452
EOG09264PK5	scaffold_4	72335	82820
EOG09264XYD	scaffold_7	932729	943199
EOG09260289	scaffold_7	995400	1007880
EOG0926300R	scaffold_4	1178263	1189204
EOG09263Z8I	scaffold_1	2688851	2699450
EOG09265BTC	scaffold_2	1850978	1861265
EOG09265BTC	scaffold_4	562665	572898
EOG092620V3	scaffold_4	672335	683312
EOG092614E6	scaffold_3	1616768	1628387
EOG092614E6	scaffold_1	70621	82246
EOG092614E6	scaffold_2	1981760	1993316
EOG09260JED	scaffold_1	2893282	2906140
EOG09264CA0	scaffold_2	743450	753872
EOG092619L1	scaffold_2	777055	788701
EOG09264F60	scaffold_7	808345	818839
EOG09261ZXZ	scaffold_1	128135	138881
EOG092629WJ	scaffold_8	845535	857271
EOG0926419M	scaffold_8	379631	390362
EOG09264LC7	scaffold_5	707704	718069
EOG09263UCR	scaffold_8	806491	817315
EOG09263YBT	scaffold_3	1707846	1718751
EOG09264FYY	scaffold_1	823970	834560
EOG09260274	scaffold_7	874699	888992
EOG09264L0C	scaffold_2	915404	926009
EOG09260GR8	scaffold_2	2025208	2036755
EOG092616QN	scaffold_5	305239	317332
EOG092634M1	scaffold_5	591432	602199
EOG092648Q0	scaffold_1	516288	526887
EOG09263Q7N	scaffold_4	285255	296025
EOG092624X0	scaffold_2	2085703	2097274
EOG09263CG4	scaffold_1	2499041	2509844
EOG09261VUC	scaffold_1	2483084	2494424
EOG09260EPQ	scaffold_5	1570769	1582895
EOG09260EPS	scaffold_3	1069209	1080570
EOG09264Z3D	scaffold_2	908422	918724
EOG092618J9	scaffold_1	2376827	2387552
EOG09261Q18	scaffold_2	711150	722106
EOG09261Q18	scaffold_1	842168	853724
EOG09262D4G	scaffold_2	99750	110022
EOG09263KRO	scaffold_6	450288	461124
EOG09263AZP	scaffold_4	1293956	1304798
EOG092641K1	scaffold_5	1578035	1588535
EOG092641K1	scaffold_2	2042620	2053117
EOG09265I60	scaffold_7	110931	121101
EOG09264FOM	scaffold_2	1644763	1655317
EOG09264FOM	scaffold_3	1085816	1096316
EOG09262QRH	scaffold_1	2463431	2474198
EOG09261UOJ	scaffold_3	1017530	1028776
EOG092658WY	scaffold_1	2384175	2394579
EOG092658WY	scaffold_4	1400344	1458543
EOG09263JFQ	scaffold_2	693594	704538
EOG09263KVG	scaffold_3	550689	561495
EOG092658WS	scaffold_1	1861681	1871851
EOG09264G1F	scaffold_3	1122963	1133571
EOG09263FR7	scaffold_1	202082	212606
EOG0926577T	scaffold_8	857096	867263
EOG09264S4C	scaffold_7	262345	272932
EOG092631UM	scaffold_1	574762	585760
EOG09263483	scaffold_1	544515	555318
EOG09264KO7	scaffold_1	2467578	2478462
EOG092619EA	scaffold_6	433245	444852
EOG092655IF	scaffold_3	171513	181866
EOG09261V9P	scaffold_2	246455	257768
EOG092656CM	scaffold_6	626059	636523
EOG09260XL0	scaffold_4	999461	1011170
EOG09260T28	scaffold_3	1147570	1160212
EOG092630MJ	scaffold_6	473680	484270
EOG092647L7	scaffold_2	1036005	1046634
EOG09260SJV	scaffold_3	476396	489149
EOG092648U2	scaffold_4	1492033	1502560
EOG0926112A	scaffold_1	2777428	2789017
EOG09262TO9	scaffold_2	904427	915683
EOG09264THP	scaffold_1	792163	802966
EOG09260MRU	scaffold_7	181546	193450
EOG09263BE5	scaffold_1	1620294	1630992
EOG09262XMN	scaffold_4	1457463	1468281
EOG09262JZK	scaffold_3	2220798	2231763
EOG092602FH	scaffold_4	1375826	1390088
EOG092602FH	scaffold_8	593384	605120
EOG09260931	scaffold_7	65919	78642
EOG09263HE6	scaffold_7	595426	605899
EOG09264YNR	scaffold_3	1038516	1049055
EOG09264YNR	scaffold_2	648872	659399
EOG09264YNR	scaffold_1	1851829	1862347
EOG09263KDI	scaffold_5	982766	993872
EOG09263MR4	scaffold_1	2465414	2475842
EOG09264DMU	scaffold_2	942462	953043
EOG09262GVX	scaffold_8	268705	280123
EOG09263FGN	scaffold_3	2031742	2042695
EOG09261PNZ	scaffold_3	228414	238851
EOG09261PNZ	scaffold_1	1826890	1837246
EOG09261PNZ	scaffold_5	1480058	1490414
EOG09260N2T	scaffold_2	254809	266818
EOG092602OP	scaffold_7	227943	241788
EOG09265AL8	scaffold_8	369647	380027
EOG09261727	scaffold_2	534898	547006
EOG09263XN3	scaffold_3	1813348	1824016
EOG09262HKC	scaffold_1	425984	436604
EOG092628HC	scaffold_8	855392	866093
EOG09263OQH	scaffold_3	151357	162418
EOG09265FI4	scaffold_3	869854	880189
EOG09262KXK	scaffold_3	888708	917282
EOG09262KXK	scaffold_7	444492	487116
EOG09262KXK	scaffold_2	1239591	1299326
EOG09260C5W	scaffold_2	239205	252255
EOG092643S6	scaffold_2	1061206	1071592
EOG09264J8E	scaffold_6	833730	843927
EOG09265FL1	scaffold_2	2277415	2287687
EOG09265FL1	scaffold_6	333292	343507
EOG09264CND	scaffold_1	2211388	2221972
EOG09264YIJ	scaffold_2	2159164	2169295
EOG09260FPA	scaffold_2	1638826	1651855
EOG09260TWS	scaffold_2	126269	138311
EOG09264331	scaffold_3	1751139	1761921
EOG09262MXH	scaffold_2	1090537	1101538
EOG09262YQG	scaffold_3	1978945	1989883
EOG09261IBJ	scaffold_8	453339	464997
EOG092654O3	scaffold_3	1463337	1473534
EOG09261RWU	scaffold_3	1494287	1505126
EOG09260GIX	scaffold_8	819330	831330
EOG092644N1	scaffold_7	596696	606917
EOG09263B7X	scaffold_6	496513	507421
EOG09262SMG	scaffold_7	527377	538732
EOG09264V51	scaffold_2	1566010	1576471
EOG09261RWJ	scaffold_2	1338166	1349785
EOG092624JL	scaffold_2	892039	903310
EOG09262G8Y	scaffold_1	3058816	3070213
EOG092628FW	scaffold_3	2019089	2029985
EOG092628FW	scaffold_6	42926	53603
EOG092655M5	scaffold_4	11407	21730
EOG092640IZ	scaffold_5	1234082	1244897
EOG09262W7C	scaffold_1	577899	588900
EOG09262W7C	scaffold_2	979436	990149
EOG092635ST	scaffold_5	44533	55405
EOG09264MGU	scaffold_2	137430	147540
EOG09263HED	scaffold_3	942142	953068
EOG09263HED	scaffold_8	399194	410018
EOG09263HED	scaffold_6	972050	982853
EOG09261EAB	scaffold_4	1388744	1400033
EOG09261EAB	scaffold_5	1385076	1396428
EOG09261KZ6	scaffold_1	649176	660144
EOG09264B74	scaffold_4	1779461	1790072
EOG09264X9R	scaffold_3	1694605	1705150
EOG092627XA	scaffold_1	3118374	3129699
EOG09261127	scaffold_1	692557	704056
EOG09261127	scaffold_2	1981817	1992629
EOG09261127	scaffold_6	343876	354652
EOG0926510L	scaffold_3	149760	160128
EOG09265BBJ	scaffold_6	999902	1010219
EOG09262VPD	scaffold_2	1294300	1328973
EOG09261K9J	scaffold_2	230952	242187
EOG09262FE3	scaffold_4	150835	161260
EOG09262PPU	scaffold_7	872856	884175
EOG09261Y04	scaffold_8	57730	68941
EOG092621YU	scaffold_1	3015929	3027494
EOG09261LEU	scaffold_5	652760	664232
EOG09264RJ7	scaffold_1	493624	503947
EOG09264RJ7	scaffold_4	310204	320455
EOG09264RJ7	scaffold_5	364600	374845
EOG09263QH4	scaffold_8	526297	536989
EOG09263QH4	scaffold_6	449174	459767
EOG092644K0	scaffold_1	3017747	3028145
EOG09264IOS	scaffold_8	775818	786231
EOG09264RQY	scaffold_5	1375835	1386338
EOG09260Z5E	scaffold_6	826024	838477
EOG092643Y5	scaffold_6	0	9805
EOG09263RW3	scaffold_5	1006695	1017564
EOG0926009O	scaffold_7	619421	634742
EOG09263ZBF	scaffold_4	1397379	1408161
EOG09261PUF	scaffold_3	1981427	1992773
EOG09261PUF	scaffold_8	926336	937661
EOG09261PUF	scaffold_1	1837514	1848809
EOG09261MMR	scaffold_3	1757547	1768464
EOG09261XAF	scaffold_5	413066	424136
EOG09261I0F	scaffold_2	926079	937305
EOG092652NQ	scaffold_5	129466	140125
EOG09265M8S	scaffold_1	3114804	3125121
EOG09261CQG	scaffold_8	804772	822055
EOG092603SM	scaffold_2	2134810	2147761
EOG0926079Q	scaffold_3	1520048	1533092
EOG092606O3	scaffold_6	1001148	1013145
EOG09265KF9	scaffold_5	896360	906620
EOG09262CA4	scaffold_2	1438621	1449721
EOG09263LP3	scaffold_6	1148184	1159047
EOG092652ZZ	scaffold_2	1031041	1041460
EOG09262SWJ	scaffold_8	76195	86845
EOG09262IZO	scaffold_2	2240728	2251933
EOG09261AMX	scaffold_1	2244687	2302945
EOG09261AMX	scaffold_3	1337649	1364187
EOG09261AMX	scaffold_4	928316	966538
EOG09261Q5L	scaffold_6	1129602	1140897
EOG092611G7	scaffold_1	2831464	2843560
EOG09260TLW	scaffold_2	1200389	1212476
EOG092605KN	scaffold_2	302377	315220
EOG09261225	scaffold_4	351086	362720
EOG09264F1U	scaffold_4	1592981	1603979
EOG092606AD	scaffold_6	314547	325167
EOG09265BE5	scaffold_7	804759	815118
EOG09262FW1	scaffold_8	46737	57690
EOG09261ZJR	scaffold_8	497677	509620
EOG09263EVJ	scaffold_1	965965	976675
EOG09265CFP	scaffold_2	1767202	1777510
EOG09263CAC	scaffold_4	452115	462336
EOG09263CAC	scaffold_2	289306	299485
EOG09263760	scaffold_3	1314003	1324608
EOG09263UAJ	scaffold_6	352507	363577
EOG09265K4K	scaffold_3	524364	534477
EOG092603EH	scaffold_2	1791570	1805241
EOG09260ETR	scaffold_2	943522	956464
EOG09261QXC	scaffold_3	1113627	1125123
EOG09264SET	scaffold_6	853508	864104
EOG09264GMT	scaffold_4	1452948	1463670
EOG09261V2P	scaffold_2	659772	670509
EOG09260RVQ	scaffold_8	564374	575807
EOG09261JUE	scaffold_5	1110449	1121948
EOG09260PI1	scaffold_1	1847799	1859085
EOG092636T6	scaffold_8	252924	264112
EOG092636T6	scaffold_2	979403	990062
EOG09264UD3	scaffold_1	2753623	2764015
EOG09264UD3	scaffold_2	2129047	2139277
EOG09264UD3	scaffold_7	941487	951714
EOG09263MIB	scaffold_1	536767	547591
EOG092600T9	scaffold_1	1393404	1409517
EOG09261S0S	scaffold_1	1296962	1307516
EOG09261KHB	scaffold_2	1219295	1230692
EOG09261KHB	scaffold_5	35130	46200
EOG0926489S	scaffold_1	3139093	3149899
EOG09263U71	scaffold_3	1155146	1165838
EOG092612MY	scaffold_3	814565	827144
EOG09262PIH	scaffold_2	2181355	2192467
EOG09262PIH	scaffold_1	1824329	1835228
EOG09262PIH	scaffold_6	1102901	1113797
EOG09264KDO	scaffold_4	60491	71051
EOG092643JW	scaffold_2	321524	331817
EOG09261TEQ	scaffold_6	404937	416691
EOG09261TEQ	scaffold_3	558614	569258
EOG09263WM5	scaffold_3	2066652	2078241
EOG09265HP0	scaffold_6	10089	20475
EOG09265HP0	scaffold_7	420021	430335
EOG09261QYO	scaffold_5	762090	773778
EOG09261QYO	scaffold_1	1780565	1791572
EOG09260RGH	scaffold_5	905885	917750
EOG09265G9U	scaffold_7	710863	721204
EOG092629WA	scaffold_6	181505	193166
EOG09264R0D	scaffold_6	1096353	1107156
EOG09264MN3	scaffold_1	203294	213701
EOG09261T98	scaffold_3	1300684	1312333
EOG09262CDO	scaffold_3	1050407	1061645
EOG092646WF	scaffold_7	670495	681037
EOG09261JR0	scaffold_1	2194996	2206084
EOG09261NW2	scaffold_3	1177670	1189676
EOG09263GIG	scaffold_4	613131	624642
EOG092643VB	scaffold_1	652641	663315
EOG09261EM7	scaffold_2	1675141	1686250
EOG09261EM7	scaffold_4	1101175	1112350
EOG09261EM7	scaffold_8	246296	257441
EOG092602BZ	scaffold_7	433050	447789
EOG092639H5	scaffold_1	97294	108511
EOG09263C4C	scaffold_4	1450896	1461354
EOG092624UF	scaffold_5	1059087	1070382
EOG09262WXK	scaffold_5	542914	553852
EOG09264C3N	scaffold_2	270554	281186
EOG09260H6E	scaffold_4	1412180	1424363
EOG09261KRX	scaffold_2	1677585	1688664
EOG09261MOX	scaffold_7	263361	274155
EOG09261T74	scaffold_5	34992	46380
EOG09261T74	scaffold_2	1219517	1230569
EOG09261T74	scaffold_4	351611	362603
EOG092626HU	scaffold_5	1437121	1448542
EOG09261XGL	scaffold_4	750900	762216
EOG09261XGL	scaffold_1	3168149	3179270
EOG09260Z3X	scaffold_1	3056355	3067869
EOG09260Z3X	scaffold_2	431220	442404
EOG092656RK	scaffold_3	597449	607898
EOG09265FTN	scaffold_2	57803	68161
EOG09264HU0	scaffold_6	261968	272891
EOG09264ABT	scaffold_1	1416838	1427335
EOG09261J0P	scaffold_2	1381486	1393066
EOG09261J0P	scaffold_6	377542	389065
EOG09264BWL	scaffold_2	1589578	1599901
EOG092615SM	scaffold_2	1827320	1839815
EOG09263IMF	scaffold_5	974653	985045
EOG09265PQX	scaffold_5	1057655	1067843
EOG092608ZS	scaffold_1	785502	796695
EOG09260BZ0	scaffold_3	747465	759789
EOG09262P1W	scaffold_6	1159526	1170866
EOG09264398	scaffold_3	1877418	1888236
EOG092620E4	scaffold_4	1768960	1780342
EOG092620E4	scaffold_1	1156371	1167768
EOG09260KM4	scaffold_8	256275	267546
EOG09263WZ2	scaffold_1	163557	174522
EOG092624KK	scaffold_1	2691511	2702650
EOG09264O9F	scaffold_2	372306	382800
EOG09261IFQ	scaffold_4	471656	482114
EOG09260EAZ	scaffold_8	79681	91897
EOG09260M87	scaffold_2	1813866	1826019
EOG09263A3Y	scaffold_4	16305	27675
EOG09265L8N	scaffold_8	804219	814449
EOG09264UJF	scaffold_2	300779	311168
EOG09264BIX	scaffold_8	270798	281295
EOG0926131E	scaffold_5	446568	457527
EOG09260CMZ	scaffold_4	607600	620212
EOG09262I0R	scaffold_5	789006	800040
EOG0926386D	scaffold_6	606329	617237
EOG09261OIA	scaffold_8	631731	643557
EOG09261OIF	scaffold_6	949144	960511
EOG09261OIF	scaffold_1	1233598	1244767
EOG09264DY4	scaffold_3	2008199	2018516
EOG092652KR	scaffold_1	2158429	2168836
EOG092618M2	scaffold_4	954157	964948
EOG09260QNB	scaffold_2	929599	941704
EOG092617RY	scaffold_1	2580582	2592633
EOG09264903	scaffold_1	284741	295373
EOG09264904	scaffold_1	2786188	2796751
EOG09265BWR	scaffold_1	2834760	2845494
EOG09263LNF	scaffold_6	154632	165717
EOG09263SFX	scaffold_1	373811	384302
EOG092656IY	scaffold_3	1038016	1048306
EOG09264ZQC	scaffold_4	616785	644211
EOG092629RT	scaffold_5	47701	58285
EOG09262M2J	scaffold_8	417304	428230
EOG09261EMF	scaffold_1	682285	693370
EOG092613UB	scaffold_3	2177546	2188787
EOG09262K67	scaffold_7	770605	781108
EOG09264OBO	scaffold_1	67753	77821
EOG09263817	scaffold_8	69729	80034
EOG092617RN	scaffold_2	1757413	1769224
EOG092617RN	scaffold_1	2950567	2962300
EOG092617RN	scaffold_3	175928	187565
EOG09262IZ6	scaffold_5	308040	319077
EOG09260VCG	scaffold_4	743811	754281
EOG09263F11	scaffold_8	630333	640641
EOG09260DFJ	scaffold_8	613475	626012
EOG09262Z14	scaffold_1	277953	289116
EOG09262Z14	scaffold_6	566241	577086
EOG09260DFH	scaffold_8	797998	811096
EOG09264NC7	scaffold_3	2020579	2030962
EOG092621F2	scaffold_6	475395	486564
EOG09263HK2	scaffold_5	550984	561988
EOG092602UY	scaffold_4	1019953	1034698
EOG09264S40	scaffold_4	1399666	1459219
EOG09262CMP	scaffold_1	735660	746937
EOG09263XVS	scaffold_8	671875	682225
EOG09262O0R	scaffold_6	686397	697602
EOG09260B65	scaffold_8	899217	912216
EOG09260UA2	scaffold_1	1276386	1287528
EOG092600SK	scaffold_7	936165	950847
EOG09264RJL	scaffold_5	1526931	1537309
EOG09264RBX	scaffold_3	1421290	1431925
EOG092619MJ	scaffold_5	1511300	1523102
EOG092619MJ	scaffold_7	686673	697701
EOG09260LVD	scaffold_4	576017	586295
EOG092614DJ	scaffold_1	929282	940595
EOG0926400M	scaffold_5	592719	603237
EOG092600SD	scaffold_6	897192	911049
EOG09260OZU	scaffold_3	2213426	2224325
EOG09263NE7	scaffold_2	2063802	2074815
EOG09263NE7	scaffold_5	676237	686704
EOG09263NE7	scaffold_1	2680841	2691362
EOG09262387	scaffold_3	48429	59685
EOG092628LW	scaffold_4	1337017	1347460
EOG0926477X	scaffold_6	353659	364390
EOG0926051U	scaffold_1	3094213	3109555
EOG09260THV	scaffold_4	1513986	1525200
EOG09264G1I	scaffold_8	206870	217736
EOG09264CP8	scaffold_5	1123779	1134366
EOG0926213Z	scaffold_3	1931708	1944203
EOG092638RC	scaffold_5	0	8888
EOG09260A6Q	scaffold_4	96300	108033
EOG09262VVF	scaffold_2	2250694	2261791
EOG092653O3	scaffold_1	798011	808343
EOG09263690	scaffold_4	971469	982722
EOG092610TN	scaffold_7	1011838	1023541
EOG0926213Q	scaffold_1	687226	698182
EOG09264P3R	scaffold_1	1191082	1201705
EOG09264P3R	scaffold_2	1303708	1314445
EOG09261W2O	scaffold_1	677136	688386
EOG09264U81	scaffold_2	192960	203460
EOG09261IOS	scaffold_6	289790	301481
EOG09262WSH	scaffold_2	2222390	2232659
EOG09260V8Q	scaffold_7	13685	24806
EOG09260V8Q	scaffold_5	996332	1007537
EOG09260V8Q	scaffold_3	2054026	2087962
EOG09263YFX	scaffold_4	1284710	1295507
EOG09264D7Y	scaffold_5	1536321	1546980
EOG0926315C	scaffold_5	876520	887152
EOG0926146A	scaffold_2	396006	407898
EOG09265040	scaffold_2	604150	614272
EOG09265BAK	scaffold_1	2441219	2451431
EOG092604KQ	scaffold_5	483934	498127
EOG09264HHW	scaffold_2	1623092	1633601
EOG09264HHW	scaffold_1	733241	743735
EOG09264HHW	scaffold_3	1412622	1423128
EOG09262UB3	scaffold_7	466345	477454
EOG09263X22	scaffold_2	319514	330371
EOG09261S7X	scaffold_6	874901	885851
EOG09261V87	scaffold_1	1616565	1627845
EOG092608C4	scaffold_2	1022464	1036234
EOG09263CGP	scaffold_1	1718833	1729678
EOG09261UWT	scaffold_2	682019	692810
EOG092608T8	scaffold_5	656389	668800
EOG09262A6N	scaffold_1	2774493	2800575
EOG09262A6N	scaffold_2	182206	192952
EOG0926484N	scaffold_1	549697	560104
EOG09265KPR	scaffold_2	1233642	1243887
EOG09260T4S	scaffold_4	555051	566145
EOG09260T4S	scaffold_1	1638600	1649520
EOG092653LT	scaffold_3	1906685	1916876
EOG09260KDB	scaffold_1	2656690	2669509
EOG092600S9	scaffold_4	245004	261954
EOG09260JT9	scaffold_2	454868	466871
EOG09260JT9	scaffold_1	2734160	2745989
EOG09260JT9	scaffold_3	1840514	1852043
EOG09264OYZ	scaffold_1	1162128	1172571
EOG09264WF4	scaffold_5	574455	585387
EOG09260VTA	scaffold_2	393689	405464
EOG09260VTN	scaffold_3	1110150	1121067
EOG09260VTN	scaffold_8	532150	542848
EOG09260VTN	scaffold_1	2386262	2397722
EOG09261ZI1	scaffold_6	1152188	1163177
EOG09264PE5	scaffold_3	1117753	1128340
EOG09261W90	scaffold_6	908980	919999
EOG092648XW	scaffold_6	983240	993983
EOG09263CAH	scaffold_1	1479762	1490610
EOG09265E6R	scaffold_3	976058	986438
EOG09261XNJ	scaffold_5	575724	587310
EOG09261XNJ	scaffold_3	1481787	1493241
EOG09261XNJ	scaffold_6	377548	388999
EOG09260FMW	scaffold_6	15649	28444
EOG09263ULA	scaffold_2	77294	88409
EOG09262PMC	scaffold_3	1557115	1570528
EOG09263E49	scaffold_6	798271	809404
EOG09263E49	scaffold_2	934276	945139
EOG09263E49	scaffold_7	287962	298837
EOG09260NXJ	scaffold_6	382773	395256
EOG09260XSR	scaffold_1	1581886	1592521
EOG09264PMA	scaffold_1	411545	422006
EOG092606WZ	scaffold_4	432767	446447
EOG09264GQZ	scaffold_1	457897	468607
EOG09260NXC	scaffold_3	261492	273261
EOG09262X8R	scaffold_8	249413	260327
EOG09261ICI	scaffold_8	71659	82897
EOG092631MU	scaffold_3	1655645	1666769
EOG09264VC6	scaffold_1	2830645	2840950
EOG092652Y6	scaffold_3	2197938	2208249
EOG0926420U	scaffold_3	22976	33359
EOG092631ML	scaffold_5	1346479	1357198
EOG09262M0W	scaffold_1	1610930	1621727
EOG09260EE7	scaffold_1	1811351	1824245
EOG09263QUM	scaffold_2	2145988	2156560
EOG092605QM	scaffold_6	453337	468157
EOG09263QB7	scaffold_1	3169569	3180381
EOG09262739	scaffold_1	3166711	3177982
EOG09262739	scaffold_4	1635326	1646465
EOG09262VQQ	scaffold_6	393836	404936
EOG09262VQQ	scaffold_3	1163683	1174627
EOG09262VQQ	scaffold_5	762198	772962
EOG0926073O	scaffold_5	1468743	1482255
EOG09263CUQ	scaffold_3	1180729	1191076
EOG092640PR	scaffold_7	890330	900704
EOG09263KB4	scaffold_4	789888	800607
EOG09263LR1	scaffold_2	1731938	1742765
EOG09263LR1	scaffold_5	676066	686707
EOG09260PJ9	scaffold_2	1130618	1141385
EOG0926092K	scaffold_7	1000317	1013334
EOG0926092K	scaffold_3	1346425	1358623
EOG09265FGA	scaffold_2	1137609	1148010
EOG09265FGA	scaffold_1	1856823	1867230
EOG09263720	scaffold_1	3010901	3021788
EOG0926310O	scaffold_2	1291238	1301996
EOG0926310O	scaffold_4	154160	186985
EOG0926310O	scaffold_7	682107	692655
EOG092625AX	scaffold_1	1356456	1366869
EOG0926423H	scaffold_2	362041	373126
EOG09264ZWF	scaffold_1	1599483	1609875
EOG09260YMF	scaffold_5	584382	595947
EOG09260YMF	scaffold_6	1027700	1039052
EOG09260YMF	scaffold_2	2065284	2076294
EOG09264VZ7	scaffold_2	2230246	2240671
EOG09262JRP	scaffold_7	199520	210866
EOG09260WCZ	scaffold_3	184784	197072
EOG092605OK	scaffold_1	2359222	2374207
EOG092605OK	scaffold_2	2255382	2269695
EOG09262N3C	scaffold_7	165122	176165
EOG09262TEV	scaffold_8	460877	471455
EOG09260XMI	scaffold_4	313172	325013
EOG092633QB	scaffold_3	884109	895104
EOG09264BOA	scaffold_5	577484	587984
EOG09263S1E	scaffold_1	513183	523809
EOG092607OQ	scaffold_4	104209	117733
EOG09265D7J	scaffold_6	1145918	1156214
EOG09262GLP	scaffold_1	879847	889975
EOG09261ZFN	scaffold_7	549217	560443
EOG09261ZFN	scaffold_3	1281792	1292289
EOG092634G9	scaffold_1	2313718	2324140
EOG092654RM	scaffold_3	279309	289584
EOG09263MGE	scaffold_5	275553	286392
EOG09263EBB	scaffold_3	1071147	1082037
EOG09264X41	scaffold_1	1933501	1944019
EOG09264R4M	scaffold_4	712763	723251
EOG092631QQ	scaffold_3	381944	392702
EOG09263HD8	scaffold_7	104710	115573
EOG09262KUJ	scaffold_4	66729	87143
EOG09262KUJ	scaffold_7	446751	475477
EOG09262KUJ	scaffold_2	979427	990086
EOG092612CC	scaffold_3	867934	878707
EOG09264T3S	scaffold_3	167440	177832
EOG092609O9	scaffold_2	265830	279981
EOG09264ENO	scaffold_2	1968504	1978944
EOG09263TQ5	scaffold_2	307315	318133
EOG0926074Y	scaffold_4	367139	380672
EOG09263L00	scaffold_1	1455756	1466247
EOG092605VL	scaffold_3	1013443	1026517
EOG09262E4Q	scaffold_5	28422	39748
EOG09262E4Q	scaffold_1	1505366	1516454
EOG09262E4Q	scaffold_2	2065302	2076333
EOG09265DVA	scaffold_1	1703826	1714329
EOG09262E4T	scaffold_5	830770	841033
EOG09262YP5	scaffold_3	2132470	2143285
EOG09264UVA	scaffold_4	1094013	1104534
EOG09262914	scaffold_2	1514871	1525995
EOG09262914	scaffold_5	315245	326291
EOG092621S9	scaffold_8	787086	798447
EOG092605VU	scaffold_1	2724738	2738163
EOG09262528	scaffold_8	465406	476668
EOG09262HA6	scaffold_3	1746858	1757976
EOG092613QA	scaffold_2	1198340	1209650
EOG09262OLP	scaffold_2	97928	109001
EOG09265I7S	scaffold_8	64081	74323
EOG0926505R	scaffold_2	614260	624622
EOG0926347W	scaffold_5	1052041	1063102
EOG09262H34	scaffold_4	690025	701404
EOG09260DBG	scaffold_1	1841414	1854227
EOG09260JPV	scaffold_3	545362	556573
EOG09260JPV	scaffold_2	1757419	1768543
EOG09260JPV	scaffold_1	886174	897016
EOG092644O2	scaffold_2	1533707	1544378
EOG09261B18	scaffold_5	1140030	1152147
EOG09261VI3	scaffold_4	1371692	1383188
EOG09264XVU	scaffold_4	693466	704125
EOG09262Z2S	scaffold_5	1327141	1337911
EOG09262Q6S	scaffold_3	1937140	1948042
EOG09262Q6S	scaffold_6	42923	53603
EOG09260H81	scaffold_6	319628	331718
EOG09260K29	scaffold_3	793566	804747
EOG09260K29	scaffold_6	854592	865593
EOG09260NAN	scaffold_6	707950	718993
EOG09261B14	scaffold_3	2105543	2116457
EOG09264B3O	scaffold_2	717874	728686
EOG0926522L	scaffold_3	718760	728993
EOG09260V5Q	scaffold_7	908569	921076
EOG09261N64	scaffold_1	1948287	1959756
EOG092603JK	scaffold_1	331706	343250
EOG09265K5D	scaffold_1	1452359	1462505
EOG09262LI4	scaffold_7	414034	424723
EOG09261FM4	scaffold_1	1549243	1560835
EOG092644DY	scaffold_4	1729863	1739958
EOG09265ER6	scaffold_5	329482	339742
EOG09263XZN	scaffold_6	487351	498175
EOG09261I8J	scaffold_3	2054017	2087968
EOG09261I8J	scaffold_5	713948	725000
EOG09261I8J	scaffold_1	3079247	3090407
EOG09260NJW	scaffold_1	2630369	2642660
EOG09260RNZ	scaffold_8	889785	901818
EOG092612LP	scaffold_1	859647	871662
EOG09261031	scaffold_1	739897	751201
EOG092648O6	scaffold_5	0	9838
EOG09261QR5	scaffold_3	137781	149466
EOG092607ZS	scaffold_1	697232	710342
EOG09260FX0	scaffold_3	482827	496081
EOG092601YK	scaffold_4	319940	336599
EOG09265MAN	scaffold_3	285009	295320
EOG09263RVR	scaffold_3	1064529	1075449
EOG09260LRX	scaffold_4	476404	488980
EOG0926025H	scaffold_1	1655972	1670367
EOG092646PE	scaffold_1	2703111	2713590
EOG09263J3H	scaffold_1	107851	118792
EOG092603KJ	scaffold_7	309552	322389
EOG09260HMA	scaffold_1	464116	476704
EOG09263MNN	scaffold_2	906104	917585
EOG092620IA	scaffold_4	1047736	1060219
EOG09261OXV	scaffold_1	1032497	1045631
EOG0926347K	scaffold_1	388398	399348
EOG09260A27	scaffold_2	309380	320849
EOG09265A4E	scaffold_8	11804	22109
EOG092608GK	scaffold_1	17492	28544
EOG0926142H	scaffold_1	510606	522306
EOG09263C1V	scaffold_1	1065539	1076774
EOG09261DJC	scaffold_5	1374346	1385512
EOG09260KGS	scaffold_1	749959	760324
EOG09261DW8	scaffold_5	300252	311853
EOG09261DW8	scaffold_1	7682	18686
EOG09264ZDJ	scaffold_1	633616	643897
EOG09261B6Y	scaffold_6	498312	509718
EOG09260KIY	scaffold_1	220129	231868
EOG09260KIY	scaffold_2	375990	387345
EOG09263KEE	scaffold_1	1663541	1673750
EOG09263ZBJ	scaffold_3	825609	835959
EOG0926229Z	scaffold_1	2278341	2289627
EOG0926229Z	scaffold_3	1483653	1494687
EOG0926229Z	scaffold_2	1910676	1921488
EOG0926142Y	scaffold_6	835727	847787
EOG09263ZSC	scaffold_3	127304	137786
EOG09264ZDZ	scaffold_8	835917	846174
EOG09261O4Y	scaffold_3	1258163	1269542
EOG09262CXO	scaffold_2	2017052	2028161
EOG09262CXO	scaffold_1	7757	18683
EOG09262CXO	scaffold_5	1064986	1076233
EOG092634MM	scaffold_3	2126618	2136818
EOG09264YHS	scaffold_6	841265	851852
EOG092600W1	scaffold_2	1495291	1510924
EOG0926071Q	scaffold_2	698016	711126
EOG092603D0	scaffold_1	583941	598071
EOG09263CG2	scaffold_8	12477	22791
EOG09261QR8	scaffold_2	1180544	1191983
EOG09264LJU	scaffold_3	610761	621318
EOG092641UM	scaffold_4	310953	321645
EOG09260SIZ	scaffold_3	486816	498951
EOG09264HOY	scaffold_5	443195	453938
EOG09264P74	scaffold_2	1205688	1216389
EOG0926235L	scaffold_1	2961602	2973236
EOG09263NXM	scaffold_6	1005337	1026775
EOG09264DT4	scaffold_7	502321	512515
EOG09265JX6	scaffold_1	2294895	2305209
EOG09263WSS	scaffold_6	1147535	1158116
EOG09260075	scaffold_5	1336950	1356030
EOG09260RRC	scaffold_3	1264539	1276350
EOG09263WWI	scaffold_2	2022822	2033607
EOG092631IR	scaffold_4	1276523	1287392
EOG092631IR	scaffold_1	2623065	2633886
EOG092631IR	scaffold_3	2121088	2131903
EOG09262XGK	scaffold_5	1153946	1165040
EOG09265552	scaffold_6	758729	768953
EOG09261UMG	scaffold_1	2130178	2141239
EOG092643NE	scaffold_4	1768248	1778568
EOG09261ONU	scaffold_2	2021579	2032298
EOG09262X31	scaffold_4	59024	69884
EOG09262ESR	scaffold_4	26724	37878
EOG09260RRN	scaffold_2	959070	971577
EOG09265E8A	scaffold_2	2038811	2049017
EOG092603YJ	scaffold_3	504407	519329
EOG09265LEG	scaffold_1	3025848	3036129
EOG09265LEG	scaffold_2	102613	112825
EOG09262CUO	scaffold_4	841284	852144
EOG0926307V	scaffold_3	1516456	1527538
EOG092608L0	scaffold_5	1088128	1100983
EOG092608L0	scaffold_1	3021154	3033367
EOG092608L0	scaffold_6	361094	373271
EOG092601KZ	scaffold_2	379445	392396
EOG09262U7S	scaffold_3	750254	760913
EOG09261CWO	scaffold_1	1553511	1564866
EOG09262V8E	scaffold_8	507267	518625
EOG092645OU	scaffold_1	7757	18683
EOG092645OU	scaffold_5	1064965	1076113
EOG092645OU	scaffold_3	879652	890371
EOG09262GNE	scaffold_4	1096420	1107502
EOG09262L1P	scaffold_2	356937	368322
EOG09260WG2	scaffold_7	8810	21011
EOG092638XA	scaffold_2	1293889	1304869
EOG092638XA	scaffold_4	369785	380777
EOG092638XA	scaffold_5	1064989	1076110
EOG09260WUS	scaffold_5	1581122	1593404
EOG0926077L	scaffold_2	2186644	2199115
EOG0926407T	scaffold_5	412150	422821
EOG092614UB	scaffold_6	638442	649938
EOG092614UB	scaffold_1	7730	18605
EOG09265313	scaffold_3	1431466	1441810
EOG09265313	scaffold_4	1054575	1064862
EOG092641G3	scaffold_8	433503	443967
EOG092644WX	scaffold_8	304316	315101
EOG092644WX	scaffold_2	1445528	1456037
EOG092644WX	scaffold_4	746092	756574
EOG09260492	scaffold_8	930541	944026
EOG09265OQH	scaffold_3	23553	33777
EOG09261L4M	scaffold_3	1896478	1907830
EOG09260WUA	scaffold_1	1204716	1215024
EOG0926499W	scaffold_7	530494	541261
EOG092608RH	scaffold_8	335920	348907
EOG09261T6U	scaffold_3	1297208	1308957
EOG09264OBA	scaffold_2	790637	801215
EOG09260ZG2	scaffold_5	1185560	1197194
EOG092617S2	scaffold_1	1499819	1511486
EOG092617S2	scaffold_6	91363	102622
EOG092618UZ	scaffold_1	1551848	1562450
EOG09264U78	scaffold_2	2045223	2055537
EOG09260AQB	scaffold_1	2685766	2698552
EOG0926049A	scaffold_4	625702	639292
EOG09263OAE	scaffold_8	885384	896346
EOG09263OAE	scaffold_2	442186	496165
EOG09263OAE	scaffold_3	2165106	2215900
EOG09265PUI	scaffold_4	1536648	1546836
EOG092613R2	scaffold_2	796416	856775
EOG09260WU6	scaffold_5	1236165	1248096
EOG09260BRA	scaffold_4	1276469	1287740
EOG09260BRA	scaffold_3	2121076	2131981
EOG09260BRA	scaffold_1	2623062	2633934
EOG09261I1I	scaffold_1	1767744	1779744
EOG09261HM3	scaffold_3	1481667	1493253
EOG09261HM3	scaffold_5	575691	587307
EOG09261HM3	scaffold_6	1122818	1134347
EOG0926049S	scaffold_1	93829	106021
EOG092633US	scaffold_3	953611	964621
EOG09262ILV	scaffold_3	263960	275177
EOG09263UWJ	scaffold_1	607018	618028
EOG09265LIB	scaffold_5	878205	888516
EOG09260779	scaffold_1	2145859	2158015
EOG09261I1G	scaffold_2	806224	817555
EOG092643QM	scaffold_3	2210276	2220770
EOG09260QVP	scaffold_6	310485	321312
EOG09265DDU	scaffold_1	1548547	1558789
EOG09264FVQ	scaffold_5	1548788	1559459
EOG09265822	scaffold_1	449402	459878
EOG092644ZU	scaffold_5	957673	968236
EOG0926195C	scaffold_2	163801	175026
EOG09260OE9	scaffold_1	581619	593382
EOG09260OE9	scaffold_5	44533	81204
EOG09260OE9	scaffold_3	40759	52444
EOG09263JTO	scaffold_7	392112	402921
EOG09263JTO	scaffold_6	972062	982871
EOG09264L3W	scaffold_3	1295121	1305864
EOG09263X1F	scaffold_2	1114617	1125303
EOG09263D2P	scaffold_2	622594	632989
EOG09261EU7	scaffold_2	733927	744988
EOG09261EU7	scaffold_3	686684	697523
EOG09261EU7	scaffold_5	1433018	1443701
EOG09264G4X	scaffold_8	739907	750497
EOG09264G4X	scaffold_3	1391845	1402384
EOG092604ZZ	scaffold_3	67057	79402
EOG092655SO	scaffold_3	536622	546807
EOG09264SQJ	scaffold_2	2212993	2223577
EOG092615IE	scaffold_5	135618	147744
EOG09260OM6	scaffold_1	70615	82456
EOG09260OM6	scaffold_3	1616777	1628438
EOG09260OM6	scaffold_2	1981754	1993331
EOG09263H5H	scaffold_4	467290	478372
EOG09262YAU	scaffold_3	464532	475608
EOG0926457R	scaffold_5	493366	504007
EOG0926457R	scaffold_8	739931	750512
EOG0926457R	scaffold_2	1984247	1994807
EOG092620FM	scaffold_6	503126	514259
EOG09260JTZ	scaffold_1	999475	1012204
EOG09264E6Z	scaffold_6	1124474	1135145
EOG09261UPM	scaffold_2	2087526	2097963
EOG09263MEM	scaffold_4	692353	703168
EOG09264W46	scaffold_7	565239	575895
EOG09261N20	scaffold_4	1501308	1512120
EOG092621CP	scaffold_1	1672220	1683593
EOG092630YS	scaffold_5	797564	808628
EOG092627F1	scaffold_8	395368	406567
EOG092627F1	scaffold_7	446715	475327
EOG09260HS3	scaffold_7	556419	568701
EOG092649XV	scaffold_6	153199	164230
EOG092645L9	scaffold_6	1033111	1043644
EOG0926273Q	scaffold_1	2347522	2358628
EOG09260J8F	scaffold_1	1952303	1963745
EOG0926129I	scaffold_2	1668913	1680529
EOG09263L7Y	scaffold_2	21260	32306
EOG09260K24	scaffold_8	298349	310319
EOG09263C55	scaffold_3	1169554	1180762
EOG092610KH	scaffold_1	165710	177245
EOG09260KCB	scaffold_3	1191816	1202661
EOG09260AZA	scaffold_4	170418	183264
EOG09264XM2	scaffold_3	31598	41810
EOG09260AZM	scaffold_1	949205	962192
EOG09260AZM	scaffold_4	1650832	1663759
EOG09260AZM	scaffold_5	644872	658561
EOG09261YGB	scaffold_1	990349	1001782
EOG09260AZK	scaffold_3	2154504	2166810
EOG09264T8I	scaffold_8	122730	132978
EOG09264T8I	scaffold_4	1099140	1109391
EOG09264T8I	scaffold_1	23802	34005
EOG09260KCW	scaffold_5	699475	711550
EOG09260KCW	scaffold_2	791879	803624
EOG09260R84	scaffold_1	3132409	3143416
EOG09261RU1	scaffold_1	560944	572158
EOG092602MO	scaffold_3	1223920	1235863
EOG09260DP1	scaffold_1	2870625	2883345
EOG09260DP1	scaffold_3	1759625	1772267
EOG09263I7I	scaffold_2	1604352	1615473
EOG09263I7I	scaffold_8	348416	359108
EOG092634ZL	scaffold_5	138149	148907
EOG09260K5F	scaffold_4	13115	23750
EOG09264272	scaffold_1	1745218	1755910
EOG09261MPU	scaffold_4	405214	416455
EOG09261MPU	scaffold_1	1176249	1187211
EOG09261MPU	scaffold_5	28482	39417
EOG09262FJB	scaffold_5	547532	557873
EOG092609RF	scaffold_1	1139128	1153255
EOG09261A3K	scaffold_8	838559	851669
EOG09262K9A	scaffold_5	106278	117390
EOG092634B5	scaffold_2	129183	140535
EOG09263JZO	scaffold_3	1479568	1490512
EOG09264IMV	scaffold_5	1414928	1425524
EOG09263BGW	scaffold_1	66157	77578
EOG09264NEF	scaffold_1	201522	211896
EOG09260OLB	scaffold_4	316321	327025
EOG09264CH7	scaffold_1	189679	200371
EOG09264G0H	scaffold_8	86518	97165
EOG09264ZI5	scaffold_3	970315	980473
EOG09264XPY	scaffold_1	45024	55554
EOG09260GKG	scaffold_2	965367	978108
EOG0926137U	scaffold_1	1423099	1435948
EOG09265G5C	scaffold_1	2890371	2900904
EOG09265G5C	scaffold_4	907298	917732
EOG09265EKJ	scaffold_1	3070630	3080884
EOG09262F22	scaffold_7	126983	138230
EOG09262JWJ	scaffold_1	1010786	1021940
EOG09262JWJ	scaffold_7	986368	997456
EOG092634B1	scaffold_2	995849	1006913
EOG092634B1	scaffold_5	750288	763140
EOG092634B1	scaffold_6	138612	149415
EOG09264OAU	scaffold_6	549132	559377
EOG09264O2D	scaffold_8	82593	93099
EOG09260KUC	scaffold_5	623380	635323
EOG09264I14	scaffold_5	1428660	1438953
EOG09262HP3	scaffold_7	187991	206516
EOG09260SL3	scaffold_2	84517	96769
EOG09260SL3	scaffold_5	939337	951001
EOG09264O6J	scaffold_1	910349	920837
EOG09264O6J	scaffold_7	388812	399378
EOG092625U6	scaffold_7	489367	500335
EOG09264V2U	scaffold_3	278259	288729
EOG09264OXC	scaffold_7	376840	387292
EOG09263W7L	scaffold_1	691190	701837
EOG09263ZW6	scaffold_2	2211578	2222141
EOG09263RDD	scaffold_5	717929	728576
EOG09263RDD	scaffold_1	3169584	3180009
EOG09260W52	scaffold_3	416020	427006
EOG09260NE0	scaffold_7	684488	694709
EOG09260NE0	scaffold_6	583269	593421
EOG09260NE0	scaffold_1	1194130	1204255
EOG09260TPT	scaffold_2	715269	726420
EOG092610LP	scaffold_3	267880	279955
EOG092610LQ	scaffold_2	1911898	1922740
EOG09260HSP	scaffold_2	677970	689895
EOG09262WQX	scaffold_3	1512447	1523190
EOG09261N2L	scaffold_4	1734084	1745313
EOG09263YUI	scaffold_8	23654	34610
EOG09264HN5	scaffold_4	542332	552775
EOG0926158Y	scaffold_1	1051201	1062091
EOG09265J36	scaffold_1	2133597	2143764
EOG09260LI6	scaffold_3	1759625	1772237
EOG09260LI6	scaffold_1	2870763	2883225
EOG09264IDN	scaffold_2	326055	336462
EOG09264I6B	scaffold_6	218975	229379
EOG09262SR7	scaffold_2	253684	264565
EOG09265H9T	scaffold_1	3099957	3110265
EOG092650I8	scaffold_3	451433	461891
EOG09262X74	scaffold_5	92674	103420
EOG09264IIZ	scaffold_3	677377	687706
EOG09261HZD	scaffold_5	1149660	1161342
EOG09263K05	scaffold_1	2684212	2694601
EOG09261ABB	scaffold_1	1921360	1933495
EOG092635YY	scaffold_5	340935	351969
EOG092614ZG	scaffold_3	499829	511031
EOG092625OH	scaffold_3	225555	236889
EOG09262N0U	scaffold_3	139937	151058
EOG09265K1R	scaffold_1	2447101	2457391
EOG09264G04	scaffold_1	992327	1002710
EOG09264G04	scaffold_4	1671265	1681570
EOG09264G04	scaffold_3	1437718	1447969
EOG09264SUZ	scaffold_1	3003370	3013672
EOG09262Q8D	scaffold_5	1569404	1580240
EOG09265B4G	scaffold_3	17917	28327
EOG092658NW	scaffold_1	2912096	2922188
EOG09263GSR	scaffold_5	367309	378586
EOG092626EQ	scaffold_3	2165037	2215750
EOG092626EQ	scaffold_4	1373551	1384327
EOG092626EQ	scaffold_5	947708	962595
EOG09264NNY	scaffold_8	196007	206702
EOG09261660	scaffold_3	881	12293
EOG092619GP	scaffold_6	370	11329
EOG09264G7L	scaffold_3	617251	627778
EOG09263H0Y	scaffold_7	118105	128845
EOG09260S3L	scaffold_5	1044816	1057086
EOG09260WYQ	scaffold_8	83684	108359
EOG092638CT	scaffold_1	337951	348841
EOG09264BJC	scaffold_1	852278	862886
EOG09264IV9	scaffold_3	1745055	1755933
EOG09261HQU	scaffold_1	494892	506583
EOG09261HQU	scaffold_3	2209736	2220161
EOG09261666	scaffold_2	2246026	2258017
EOG09262A8G	scaffold_2	144909	156096
EOG09261YRA	scaffold_7	22707	33576
EOG09262E3Q	scaffold_5	626107	637420
EOG09262CO6	scaffold_1	2627989	2639251
EOG09262CO6	scaffold_2	1112120	1123076
EOG09262CO6	scaffold_6	828997	839896
EOG092643IE	scaffold_8	121591	132193
EOG0926374A	scaffold_7	844858	855763
EOG092609YT	scaffold_6	663298	676372
EOG092609YT	scaffold_1	2026774	2039518
EOG09264CST	scaffold_3	336445	347617
EOG09262N5O	scaffold_2	1170423	1181811
EOG092632FC	scaffold_4	806849	817874
EOG09263E5F	scaffold_2	444669	456540
EOG09263E5F	scaffold_4	141400	152275
EOG0926539T	scaffold_3	2208267	2218596
EOG09263JCT	scaffold_1	2311809	2322618
EOG09264MIL	scaffold_4	917882	928391
EOG09262MOO	scaffold_7	698288	709664
EOG09262MOO	scaffold_1	3006926	3018041
EOG09262MOO	scaffold_6	759923	771134
EOG092604A0	scaffold_5	1585806	1598313
EOG09261V03	scaffold_1	124272	135456
EOG092647CM	scaffold_2	373144	383623
EOG09261WJ8	scaffold_6	729703	740611
EOG092629U5	scaffold_4	547310	558041
EOG0926354S	scaffold_1	3101646	3112665
EOG09261XZ6	scaffold_2	1460664	1472019
EOG09262A65	scaffold_6	138513	149403
EOG0926506Z	scaffold_2	1962142	1972555
EOG09263J7D	scaffold_7	802316	813080
EOG09264TJN	scaffold_3	1002650	1013288
EOG09260VEY	scaffold_4	455854	467749
EOG09262X01	scaffold_4	1697860	1708564
EOG092658X5	scaffold_8	272392	282529
EOG092641M3	scaffold_2	2190626	2201363
EOG09260ERO	scaffold_4	1478091	1491114
EOG09264AWW	scaffold_1	656298	666666
EOG09265NHW	scaffold_7	93062	103283
EOG09263OD3	scaffold_3	129622	140266
EOG09265GYD	scaffold_2	2185995	2196207
EOG092619NK	scaffold_4	1365201	1377105
EOG09260NNR	scaffold_1	581538	593463
EOG09260NNR	scaffold_3	40627	52450
EOG09264VRO	scaffold_4	815322	825711
EOG09265DAV	scaffold_1	482413	492712
EOG092642UD	scaffold_6	641889	652329
EOG09262UAS	scaffold_6	1017955	1029031
EOG092620EL	scaffold_6	988762	1000276
EOG0926425H	scaffold_4	1493414	1503953
EOG09260EZT	scaffold_2	561531	573381
EOG09262XRU	scaffold_4	112158	123285
EOG09260NWN	scaffold_4	1063992	1076292
EOG09262MFL	scaffold_1	1169359	1180156
EOG09262JZW	scaffold_4	1656587	1667756
EOG09261ZPW	scaffold_3	474339	485808
EOG09260JNY	scaffold_3	1723510	1734763
EOG09262PZ9	scaffold_3	1938593	1973580
EOG09262PZ9	scaffold_1	1540411	1551274
EOG09262PZ9	scaffold_6	129762	140586
EOG09262R8O	scaffold_8	495292	506158
EOG09263OCO	scaffold_4	1414870	1425775
EOG09263OCO	scaffold_1	2915321	2926172
EOG09263OCO	scaffold_7	709635	720504
EOG09263BG5	scaffold_1	8778	19896
EOG09263IQ5	scaffold_5	790709	801461
EOG092617AN	scaffold_4	197855	211274
EOG09260MBW	scaffold_4	685001	697742
EOG09260MBW	scaffold_3	1264698	1275633
EOG09261F73	scaffold_5	584604	595935
EOG09261F73	scaffold_6	1027715	1039040
EOG09261F73	scaffold_2	2236175	2247140
EOG09264T1U	scaffold_6	484943	495617
EOG09264DJ8	scaffold_4	318058	328639
EOG09264EGS	scaffold_1	412090	422431
EOG09264EGS	scaffold_3	1440844	1451086
EOG09264IQ7	scaffold_3	863515	873997
EOG09263FAK	scaffold_6	189423	200184
EOG09265FTY	scaffold_4	1063371	1073637
EOG092628A0	scaffold_4	1235125	1246351
EOG09261M78	scaffold_4	347052	376505
EOG09261M78	scaffold_1	122454	133209
EOG09264KTU	scaffold_1	1694716	1704877
EOG092619RJ	scaffold_2	611473	621811
EOG09263E87	scaffold_4	868258	878893
EOG09263E87	scaffold_6	976847	987569
EOG09263E87	scaffold_7	347828	358349
EOG09261LPY	scaffold_1	2438565	2449551
EOG09261LPY	scaffold_2	182494	193987
EOG09261LPY	scaffold_4	66870	87782
EOG09261NLR	scaffold_2	431130	442755
EOG09261NLR	scaffold_1	3056505	3067629
EOG09262IP2	scaffold_7	609480	620553
EOG09260W9L	scaffold_1	2184480	2194980
EOG09260W9L	scaffold_3	972276	1034092
EOG09260W9L	scaffold_8	265435	275827
EOG09265BTA	scaffold_1	1186581	1197012
EOG09263JW5	scaffold_6	804371	827192
EOG09262NB1	scaffold_2	694836	705942
EOG092644Z6	scaffold_8	14191	24841
EOG092620CR	scaffold_1	1260644	1272488
EOG09263Y3L	scaffold_7	411278	422297
EOG09264RW6	scaffold_1	312965	323471
EOG09263YFH	scaffold_1	519006	529710
EOG09264T0J	scaffold_6	74521	85186
EOG09265SHM	scaffold_2	2068544	2078663
EOG09263Q8J	scaffold_8	843876	854730
EOG09264YKY	scaffold_6	636762	647166
EOG09260B3X	scaffold_6	31719	44223
EOG09260B3X	scaffold_1	2327993	2339960
EOG09262VOC	scaffold_7	167250	178365
EOG09264PDD	scaffold_1	1130895	1141227
EOG09264OM7	scaffold_3	569479	579997
EOG09264W7W	scaffold_4	1059470	1070162
EOG09260TUT	scaffold_6	1005634	1026868
EOG09262516	scaffold_5	1522837	1534423
EOG09262516	scaffold_6	1122851	1134353
EOG09262516	scaffold_3	1481733	1493067
EOG09260NY2	scaffold_5	910566	922824
EOG09260VYK	scaffold_6	395492	406712
EOG09264ZXA	scaffold_2	999821	1010426
EOG09260B3H	scaffold_5	750294	763167
EOG092651FJ	scaffold_2	923420	934679
EOG09262LQT	scaffold_3	885792	896814
EOG092602I6	scaffold_3	935768	951152
EOG09264L6D	scaffold_1	477391	487483
EOG0926251E	scaffold_3	1523483	1534748
EOG092642I5	scaffold_4	1704309	1714725
EOG09265G5K	scaffold_4	1575329	1585673
EOG09265G5K	scaffold_7	516248	526547
EOG09261CXQ	scaffold_1	2060821	2071543
EOG09264OML	scaffold_2	425301	435936
EOG092625P1	scaffold_1	2192378	2203676
EOG092625P1	scaffold_2	557241	569542
EOG092625P1	scaffold_4	1383144	1394268
EOG09261OKK	scaffold_2	2139912	2151060
EOG09262X7T	scaffold_6	1031914	1043017
EOG092658CI	scaffold_1	150998	161108
EOG09260LJ8	scaffold_6	176910	189234
EOG09260EOI	scaffold_4	113800	126172
EOG09264W71	scaffold_1	106811	117251
EOG09263OZR	scaffold_2	2242118	2252771
EOG09265ANI	scaffold_8	837403	847930
EOG0926133I	scaffold_1	171340	183316
EOG09261DRB	scaffold_2	1373438	1384226
EOG09264I9J	scaffold_5	94648	105145
EOG09264I9J	scaffold_3	28917	39714
EOG092640WA	scaffold_2	1158609	1169160
EOG0926431P	scaffold_8	527261	538102
EOG09263UN3	scaffold_2	1765592	1776074
EOG09262BCZ	scaffold_3	2219157	2230374
EOG0926458I	scaffold_5	445230	455892
EOG09260DUR	scaffold_7	692643	703788
EOG09264TQ5	scaffold_5	945360	955815
EOG09260FFP	scaffold_1	3063898	3074389
EOG09260FFP	scaffold_2	216901	227275
EOG09260FFP	scaffold_8	599137	609478
EOG09260DUW	scaffold_8	871535	883184
EOG092645MK	scaffold_6	41536	52189
EOG09260GOF	scaffold_6	993853	1005043
EOG09260GOF	scaffold_2	540949	551758
EOG09261145	scaffold_3	1846785	1858470
EOG09263W48	scaffold_4	1308988	1319710
EOG09260GF5	scaffold_8	389940	404256
EOG092646EZ	scaffold_6	219995	230603
EOG09263UQF	scaffold_5	1320595	1331398
EOG092648VW	scaffold_5	1493011	1503703
EOG09265QTV	scaffold_1	934189	944458
EOG092624RX	scaffold_1	2132066	2143202
EOG092658ZO	scaffold_1	398303	408518
EOG09262341	scaffold_8	560327	570914
EOG09265JVH	scaffold_7	931966	942169
EOG09260M44	scaffold_7	650179	661345
EOG09260BSW	scaffold_1	1486403	1539362
EOG09260BSW	scaffold_3	618903	631101
EOG09262JAT	scaffold_1	1144351	1155139
EOG09262JAT	scaffold_2	1160979	1171692
EOG09260APA	scaffold_4	212618	224024
EOG092658QH	scaffold_5	96077	106409
EOG09260EQD	scaffold_1	2165458	2177383
EOG09264XKX	scaffold_3	473801	483980
EOG09263EDC	scaffold_5	141453	152367
EOG09263EDC	scaffold_6	972050	982904
EOG09263EDC	scaffold_8	56461	67219
EOG092607QZ	scaffold_5	459920	473141
EOG09261CM0	scaffold_1	1612878	1626070
EOG09260P2K	scaffold_1	1726667	1740020
EOG09265DWT	scaffold_3	1387264	1397590
EOG09260LS9	scaffold_2	116055	126819
EOG09260JJW	scaffold_7	52618	64837
EOG09260JJW	scaffold_1	1108368	1119948
EOG092621X3	scaffold_3	333556	344806
EOG092621X3	scaffold_6	993982	1005001
EOG0926591L	scaffold_1	185698	196030
EOG092646CB	scaffold_3	945305	956015
EOG092614O9	scaffold_5	1379050	1390615
EOG09261DG0	scaffold_5	1589944	1600933
EOG092600T4	scaffold_2	150403	166723
EOG092659DX	scaffold_5	922358	932561
EOG09264KIV	scaffold_1	680784	691251
EOG09263IT0	scaffold_1	453417	464298
EOG09265591	scaffold_2	696830	707234
EOG09265591	scaffold_5	1333304	1343693
EOG09264719	scaffold_1	2523415	2534164
EOG09263HYJ	scaffold_7	641645	652640
EOG092628SP	scaffold_3	1586912	1597619
EOG092606CY	scaffold_2	813470	827144
EOG092606CY	scaffold_6	43925	57560
EOG092606CY	scaffold_3	1727037	1740456
EOG09264LKR	scaffold_3	1275749	1286237
EOG09264LKR	scaffold_1	733253	743735
EOG09264LKR	scaffold_2	392363	402836
EOG09263G4R	scaffold_2	917646	927903
EOG09260XOG	scaffold_5	1352974	1365043
EOG09263R4M	scaffold_1	1789290	1799994
EOG092610VI	scaffold_3	54177	66843
EOG092610VI	scaffold_4	337828	349825
EOG092610VI	scaffold_6	1156516	1168363
EOG09262KZ3	scaffold_2	932236	943828
EOG09261P7G	scaffold_1	1957468	1968985
EOG092640ZF	scaffold_1	43516	53992
EOG09262BVA	scaffold_3	169710	180729
EOG09263FTE	scaffold_1	75247	86014
EOG09262645	scaffold_8	204446	215906
EOG09262645	scaffold_5	147945	158652
EOG09262645	scaffold_1	113189	123833
EOG092616YZ	scaffold_1	1273743	1285680
EOG092616YZ	scaffold_3	175919	187373
EOG09263X0V	scaffold_2	1377806	1388246
EOG09265GYK	scaffold_3	282946	293194
EOG092642CB	scaffold_2	114530	125129
EOG09261JWS	scaffold_1	2474190	2485548
EOG09261JWS	scaffold_2	2065293	2076327
EOG09261JWS	scaffold_4	1383252	1394277
EOG09264QRY	scaffold_1	1049185	1059568
EOG092641A6	scaffold_2	1292522	1303538
EOG09264O3B	scaffold_8	542665	553075
EOG09264KSI	scaffold_8	864037	874318
EOG092638AP	scaffold_3	25200	36048
EOG09264XLN	scaffold_1	900988	911278
EOG09264829	scaffold_8	864439	874888
EOG09261YV6	scaffold_1	2386220	2397770
EOG09261YV6	scaffold_6	469412	481313
EOG09261YV6	scaffold_2	1847404	1858825
EOG092604MJ	scaffold_1	2857117	2870869
EOG09264E5J	scaffold_3	266917	277723
EOG09261801	scaffold_3	744842	756110
EOG0926578E	scaffold_4	63391	73702
EOG09264B2X	scaffold_3	1349931	1360848
EOG092604ML	scaffold_2	52926	67041
EOG09264NDD	scaffold_8	737540	748022
EOG09264B2P	scaffold_2	632587	643450
EOG09264B2P	scaffold_1	1745224	1755769
EOG09262QS5	scaffold_3	1610671	1621729
EOG09265DRM	scaffold_1	1436574	1446819
EOG09264NJ1	scaffold_2	2179517	2190878
EOG09261X9E	scaffold_3	1189997	1201091
EOG092654XA	scaffold_5	1489222	1499581
EOG092651OF	scaffold_4	802820	813254
EOG09262N47	scaffold_6	152430	163056
EOG09262QTY	scaffold_4	1751181	1761909
EOG09264R1U	scaffold_6	1142635	1153051
EOG09265GSM	scaffold_3	954862	965065
EOG09260J53	scaffold_4	1572500	1584353
EOG09260J53	scaffold_8	620263	632065
EOG09260J53	scaffold_3	1241194	1253044
EOG09261H5E	scaffold_2	197339	208877
EOG09264S3E	scaffold_7	216642	227187
EOG09264Y0W	scaffold_2	110606	121073
EOG092620U5	scaffold_4	765449	776558
EOG09264LBC	scaffold_7	460278	470883
EOG09261FH7	scaffold_5	522420	534240
EOG09261FH7	scaffold_2	295948	308068
EOG09260E2O	scaffold_2	181498	193843
EOG09263F3I	scaffold_5	259725	270318
EOG09265BG5	scaffold_1	1444882	1455286
EOG09262WHU	scaffold_2	745311	756201
EOG09263K45	scaffold_2	1395091	1405771
EOG09263G3M	scaffold_2	2107906	2118859
EOG09263G3M	scaffold_5	823868	834896
EOG09260P5R	scaffold_2	753707	764384
EOG09262E7I	scaffold_7	111958	122905
EOG09261DGU	scaffold_1	1709740	1721962
EOG09260FKU	scaffold_4	1548093	1558917
EOG09261G92	scaffold_4	787267	798151
EOG09265GGX	scaffold_1	247039	257335
EOG09261AH9	scaffold_4	1575852	1587699
EOG09262K8C	scaffold_4	1282119	1292511
EOG09262K8C	scaffold_1	374042	384290
EOG09261W1K	scaffold_3	711124	721387
EOG09260R9L	scaffold_4	1159699	1171255
EOG09263RF8	scaffold_1	1226655	1237320
EOG09260OCI	scaffold_3	481300	492148
EOG09262KJA	scaffold_8	873631	884824
EOG09262K8L	scaffold_5	1265693	1276772
EOG09261FAB	scaffold_5	303248	314519
EOG0926514P	scaffold_7	109682	120110
EOG092613S3	scaffold_2	1853409	1863990
EOG09260BFE	scaffold_5	681701	693218
EOG09265C25	scaffold_2	331281	341634
EOG09264CP4	scaffold_1	598133	608732
EOG09261FAX	scaffold_1	2415157	2425984
EOG09264A8D	scaffold_3	1115625	1126398
EOG092605T6	scaffold_7	249528	270972
EOG0926047G	scaffold_3	1250589	1263468
EOG092606UX	scaffold_1	1178840	1192361
EOG092619VG	scaffold_7	987876	999462
EOG092651HW	scaffold_5	639883	650707
EOG0926312D	scaffold_8	698922	710409
EOG0926312D	scaffold_1	7949	18665
EOG09264IKZ	scaffold_7	270926	281162
EOG09264JQ1	scaffold_3	2191068	2202063
EOG09264441	scaffold_8	869500	880150
EOG09264441	scaffold_2	1445366	1456019
EOG09264441	scaffold_4	746053	756562
EOG09264DOU	scaffold_1	1207659	1218039
EOG09260HPO	scaffold_7	799321	811963
EOG09263PWF	scaffold_3	1046833	1057318
EOG09263R62	scaffold_6	986695	997093
EOG09265RGS	scaffold_7	178041	188142
EOG092636Y6	scaffold_3	272093	283688
EOG09261M4S	scaffold_1	1875667	1886962
EOG09260RS7	scaffold_1	1878141	1889889
EOG09260RS7	scaffold_4	1780158	1791183
EOG09264X8J	scaffold_3	1390475	1400969
EOG09264XJC	scaffold_1	230284	240781
EOG09262QJW	scaffold_1	2508468	2519595
EOG09263SZM	scaffold_7	377551	388393
EOG09262E7W	scaffold_2	961921	973123
EOG09264V3H	scaffold_6	505806	516252
EOG09260DXP	scaffold_1	3088410	3100800
EOG09264FWI	scaffold_3	1165444	1176367
EOG09260CKC	scaffold_2	103496	116621
EOG092649VG	scaffold_7	1010972	1021655
EOG09263KZJ	scaffold_8	817574	828488
EOG09264LH2	scaffold_3	1890214	1900792
EOG0926306O	scaffold_3	1498745	1509386
EOG09265IBC	scaffold_4	17808	28080
EOG09265IBC	scaffold_5	699478	709744
EOG09265IBC	scaffold_2	791711	801977
EOG09265PJ3	scaffold_5	494715	504912
EOG092654LJ	scaffold_1	313929	324351
EOG09263Z41	scaffold_1	2091604	2102494
EOG092648LP	scaffold_5	327884	338171
EOG092612AK	scaffold_1	15128	26510
EOG092658SK	scaffold_4	986754	997158
EOG0926004Z	scaffold_5	171280	195268
EOG09265KSE	scaffold_8	342367	352525
EOG09265CQO	scaffold_7	419982	430341
EOG09265CQO	scaffold_6	10119	20460
EOG0926388H	scaffold_4	1648333	1659634
EOG09263DQH	scaffold_4	1285747	1296805
EOG09263E9V	scaffold_2	1094693	1106069
EOG09263V60	scaffold_1	2136078	2146599
EOG09261WVT	scaffold_3	466212	477522
EOG092654KW	scaffold_3	1159189	1169593
EOG09264FXB	scaffold_2	928697	965449
EOG09260JDM	scaffold_1	2433576	2444490
EOG09262H1X	scaffold_6	333749	345182
EOG09262H1X	scaffold_2	1601074	1612321
EOG092655L0	scaffold_1	1206876	1217136
EOG092638EN	scaffold_1	2173925	2184713
EOG092638EN	scaffold_8	464610	475308
EOG09260UXC	scaffold_3	2200865	2212391
EOG092609JB	scaffold_2	748555	760837
EOG092609JB	scaffold_7	1000365	1012143
EOG092609JB	scaffold_3	1347019	1358641
EOG092615CC	scaffold_4	1077676	1089307
EOG09264A2D	scaffold_3	1036128	1046718
EOG09263A64	scaffold_2	1226131	1237006
EOG09265JA7	scaffold_3	2090855	2101211
EOG09260U6R	scaffold_6	563603	624653
EOG09260U6R	scaffold_3	34323	72131
EOG09261XNU	scaffold_5	1415887	1428301
EOG09265HPJ	scaffold_3	1462258	1472653
EOG09262D0D	scaffold_1	475270	486487
EOG09264X31	scaffold_3	1960929	1971426
EOG09264881	scaffold_3	239000	250277
EOG0926390Q	scaffold_1	1404858	1415421
EOG09262QL6	scaffold_1	3170523	3181317
EOG09263WB5	scaffold_3	458259	468633
EOG092656JA	scaffold_1	2597121	2607513
EOG09263RY2	scaffold_8	472182	482538
EOG09260SRF	scaffold_4	488365	500503
EOG09262DC1	scaffold_1	2759991	2771181
EOG092630UB	scaffold_1	2756120	2766647
EOG092632TF	scaffold_8	505792	516376
EOG09260WGT	scaffold_1	1797460	1808965
EOG092605FC	scaffold_5	1066934	1080386
EOG09263J6Z	scaffold_7	512719	523804
EOG09261NLY	scaffold_8	823039	834859
EOG09260UJK	scaffold_6	1099802	1111160
EOG092651LN	scaffold_4	452757	463245
EOG09261OSU	scaffold_6	11497	23008
EOG09264873	scaffold_3	2070751	2081446
EOG092646VF	scaffold_2	2225254	2235811
EOG09263P17	scaffold_5	1466741	1477049
EOG09263P17	scaffold_1	2419337	2429546
EOG092644TW	scaffold_4	1696963	1707700
EOG09263X4B	scaffold_1	1849850	1860497
EOG09261BP0	scaffold_1	1047000	1058661
EOG09260J97	scaffold_6	419766	431550
EOG092608AV	scaffold_8	210243	223530
EOG09260OQ8	scaffold_1	1665178	1677775
EOG092604I8	scaffold_1	540535	554182
EOG092621CK	scaffold_5	1505469	1516128
EOG09261VD2	scaffold_2	1313904	1325301
EOG09265F2Y	scaffold_3	1789757	1800140
EOG09260NHN	scaffold_4	926303	966538
EOG09262NIR	scaffold_3	24001	34864
EOG0926248P	scaffold_1	341549	353753
EOG0926248P	scaffold_2	1910922	1921680
EOG09260NHB	scaffold_5	1277607	1290522
EOG09265KNL	scaffold_1	68616	78825
EOG09264IG5	scaffold_2	894080	904652
EOG09260LBU	scaffold_2	363750	376050
EOG09261HB6	scaffold_3	18638	29663
EOG092608AE	scaffold_4	1004470	1016689
EOG092651BA	scaffold_1	600869	611090
EOG09264JW6	scaffold_2	716763	727404
EOG09261EY9	scaffold_3	2109547	2121325
EOG09265GXF	scaffold_3	952287	962985
EOG092612J3	scaffold_8	450749	461711
EOG09265BCT	scaffold_1	2207267	2217626
EOG092629FB	scaffold_3	904194	915219
EOG092632WW	scaffold_4	1771093	1782019
EOG09261BPJ	scaffold_1	844009	855685
EOG09262DPL	scaffold_1	2102501	2113568
EOG0926506U	scaffold_6	207579	217992
EOG09260ABY	scaffold_2	117323	130514
EOG09262BHE	scaffold_3	1525994	1536974
EOG092645U1	scaffold_4	1670935	1681504
EOG092645U1	scaffold_1	23535	33981
EOG09265HEP	scaffold_2	1387779	1397916
EOG09262GWQ	scaffold_2	1239579	1299326
EOG09262GWQ	scaffold_3	1023508	1100009
EOG09262GWQ	scaffold_1	928081	938731
EOG09262HQM	scaffold_4	15205	25849
EOG09264DYD	scaffold_6	35993	47507
EOG09265CN0	scaffold_4	1631564	1641935
EOG09263I4U	scaffold_5	46735	57544
EOG09263L9T	scaffold_2	744259	755068
EOG09260K4V	scaffold_5	1439280	1452066
EOG09264COX	scaffold_2	1704095	1714559
EOG09264P4J	scaffold_2	452049	462684
EOG09260TVA	scaffold_3	294313	306349
EOG092600XJ	scaffold_1	210507	224496
EOG09260K4B	scaffold_5	1225799	1237598
EOG09263U08	scaffold_3	496456	506740
EOG09264RR2	scaffold_1	1890263	1900793
EOG09264RR2	scaffold_6	1127810	1138277
EOG09263CLY	scaffold_3	1092925	1103884
EOG09260A98	scaffold_1	1470655	1484431
EOG09260AEC	scaffold_8	777507	788796
EOG092653VU	scaffold_4	357947	368111
EOG09262POL	scaffold_4	509326	519415
EOG09264HX6	scaffold_1	318983	329267
EOG092653SU	scaffold_1	2549309	2559605
EOG09260SR2	scaffold_4	305031	315627
EOG09265IT6	scaffold_3	1267150	1277470
EOG09265IT6	scaffold_2	1590357	1600593
EOG09264HTG	scaffold_1	2357707	2368234
EOG09264L06	scaffold_2	1799018	1809572
EOG09260TDY	scaffold_3	1547838	1558269
EOG092608WI	scaffold_5	1330534	1342489
EOG092610ZY	scaffold_1	1758710	1770518
EOG09260XH5	scaffold_2	701487	712479
EOG09260XH5	scaffold_8	84455	108122
EOG09262KVB	scaffold_2	1759684	1770718
EOG09264PI4	scaffold_1	909548	920039
EOG09263VOP	scaffold_3	93843	104244
EOG09261IEH	scaffold_1	306440	317564
EOG09265AT5	scaffold_4	531593	541862
EOG09265AT5	scaffold_2	2245741	2255953
EOG09265B1X	scaffold_6	921628	931816
EOG092612XD	scaffold_4	958331	970220
EOG09261IEV	scaffold_6	348416	359993
EOG092654VM	scaffold_7	448200	458292
EOG092608WU	scaffold_1	178017	190179
EOG09260IU8	scaffold_8	48353	60857
EOG09264UKL	scaffold_6	1062014	1072487
EOG09261OXD	scaffold_3	797158	808918
EOG09263POH	scaffold_7	673180	683983
EOG09263POH	scaffold_2	1509465	1520229
EOG092657YR	scaffold_7	397774	408109
EOG09262C5Z	scaffold_1	2065465	2076352
EOG09262MEK	scaffold_1	3006941	3018017
EOG09262MEK	scaffold_2	1910532	1921662
EOG09262MEK	scaffold_6	759920	771110
EOG09262GXD	scaffold_2	1446404	1457585
EOG09262N10	scaffold_5	1561676	1572512
EOG092624SJ	scaffold_2	1555625	1566806
EOG092606AJ	scaffold_3	2053549	2087965
EOG09263ROQ	scaffold_3	4669	15565
EOG09265EOF	scaffold_3	1105930	1116202
EOG0926357F	scaffold_5	322968	334122
EOG092645LS	scaffold_5	343182	353586
EOG092645LS	scaffold_1	1416904	1427263
EOG09260VHV	scaffold_5	753564	765288
EOG09261D4D	scaffold_4	938440	950050
EOG09264K2W	scaffold_3	1563210	1574001
EOG09262M7B	scaffold_6	550245	561453
EOG092640ET	scaffold_2	1420526	1430876
EOG09263BDA	scaffold_3	2211360	2221614
EOG09260XQV	scaffold_1	903879	915699
EOG092630N3	scaffold_3	675969	686943
EOG09260JO5	scaffold_5	1135243	1148809
EOG09265CCT	scaffold_2	229562	240074
EOG09262PAY	scaffold_1	741774	752709
EOG09262PAY	scaffold_2	1162520	1209029
EOG092600NM	scaffold_2	1859679	1876518
EOG09264IPL	scaffold_6	248876	259295
EOG09262WFG	scaffold_1	3084857	3095729
EOG092621ZV	scaffold_3	650969	661832
EOG09264YEG	scaffold_8	197672	208073
EOG09261RFF	scaffold_4	1603334	1614356
EOG09264KK7	scaffold_4	1070081	1080620
EOG09264KK7	scaffold_1	3084206	3094526
EOG092643QW	scaffold_6	1007475	1017720
EOG09261G4Z	scaffold_5	1324481	1335671
EOG09264XOZ	scaffold_8	128311	138640
EOG09264JHE	scaffold_2	1386353	1396862
EOG09264JHE	scaffold_1	3100720	3111229
EOG09264JHE	scaffold_3	1412625	1423134
EOG09261ACJ	scaffold_2	746753	757349
EOG09262E98	scaffold_5	16193	28073
EOG092654QZ	scaffold_7	398991	409269
EOG09260E8K	scaffold_3	1603387	1616401
EOG09263GUT	scaffold_3	834038	844859
EOG092657H8	scaffold_2	2279851	2290177
EOG09263WLB	scaffold_3	540699	551247
EOG092651K1	scaffold_2	1653938	1664033
EOG09262DKA	scaffold_3	583269	594459
EOG09262DKA	scaffold_2	28249	39067
EOG09265M98	scaffold_2	1506600	1516944
EOG0926369X	scaffold_7	108479	118820
EOG09262B1U	scaffold_3	1261836	1272936
EOG092648K5	scaffold_8	258902	269591
EOG092611HB	scaffold_6	794183	805349
EOG092611HB	scaffold_3	35724	46776
EOG092611HB	scaffold_1	7934	18617
EOG09262IY3	scaffold_3	1442843	1453946
EOG09264V30	scaffold_1	2615915	2626307
EOG09261SS1	scaffold_5	298676	309911
EOG09262LYR	scaffold_6	940976	952292
EOG09264RIE	scaffold_5	252534	263247
EOG09261F9G	scaffold_1	2579059	2589574
EOG092610QT	scaffold_2	654002	665591
EOG09264SSI	scaffold_3	251742	262236
EOG09263DFA	scaffold_1	2490738	2501361
EOG09260NZ8	scaffold_2	1471220	1481957
EOG09260NZ8	scaffold_4	407689	418408
EOG09260S2Z	scaffold_1	1413592	1425748
EOG092659OC	scaffold_2	831070	841567
EOG09260BYL	scaffold_3	693839	705356
EOG09265I72	scaffold_4	93605	103760
EOG09262H50	scaffold_2	1909237	1919902
EOG09262KN8	scaffold_1	867835	878593
EOG092600X0	scaffold_3	372941	389342
EOG09264XTW	scaffold_1	2029712	2040584
EOG09264XTW	scaffold_2	345005	355610
EOG09263FKC	scaffold_3	1641688	1651798
EOG09261JVS	scaffold_5	287145	298245
EOG092652YI	scaffold_8	209377	219625
EOG09264USX	scaffold_3	1650077	1660460
EOG09260NC6	scaffold_1	2976703	2988589
EOG092657UN	scaffold_5	995562	1006071
EOG0926384F	scaffold_4	1598291	1609598
EOG092649VA	scaffold_1	2776319	2786882
EOG09263M8W	scaffold_4	1455787	1466725
EOG09263EQZ	scaffold_1	1268472	1279497
EOG09261PJZ	scaffold_7	91759	102169
EOG09263274	scaffold_2	712534	723229
EOG09263274	scaffold_3	1745025	1755540
EOG092653NM	scaffold_6	338315	348695
EOG09261YLQ	scaffold_5	1005095	1016210
EOG09261YLQ	scaffold_3	2183332	2194045
EOG09262DUV	scaffold_2	1667598	1678701
EOG09260ZWU	scaffold_8	0	10638
EOG09260ZWU	scaffold_3	203850	215685
EOG09262UTQ	scaffold_8	832188	842748
EOG092653YS	scaffold_1	1886795	1897328
EOG09264C3V	scaffold_2	2141650	2152057
EOG09263OWL	scaffold_8	346391	357128
EOG09263PXH	scaffold_5	1233050	1243823
EOG09263PXH	scaffold_3	1092925	1103770
EOG09262TUR	scaffold_3	1000771	1012186
EOG09262CBI	scaffold_5	362934	374187
EOG09265FCK	scaffold_4	69411	79860
EOG09265FCK	scaffold_8	850450	860776
EOG092645QN	scaffold_4	140181	150909
EOG092645QN	scaffold_2	1445441	1456037
EOG092645QN	scaffold_8	304490	314978
EOG09261404	scaffold_3	287401	299857
EOG09262SI7	scaffold_5	79257	123950
EOG092645G0	scaffold_2	1984175	1994900
EOG092645G0	scaffold_8	869476	880138
EOG092645G0	scaffold_4	745942	756559
EOG092621GY	scaffold_1	1926334	1937863
EOG09264MZ1	scaffold_2	1600136	1610339
EOG09264XF3	scaffold_3	1249149	1259724
EOG092649QJ	scaffold_6	205206	216249
EOG092623WR	scaffold_6	318024	329169
EOG092623WR	scaffold_1	1201132	1212310
EOG092623WR	scaffold_8	193619	204845
EOG09265KQ4	scaffold_1	1010214	1020315
EOG092621GA	scaffold_2	2262401	2273780
EOG092615Y4	scaffold_1	610999	622405
EOG092640BS	scaffold_4	1013144	1024073
EOG092640BS	scaffold_6	190412	201593
EOG09262Z0M	scaffold_1	215545	226918
EOG092604S1	scaffold_2	1248526	1260394
EOG092605ZA	scaffold_5	1085648	1096505
EOG092653KS	scaffold_1	1268127	1278363
EOG09260375	scaffold_4	888264	901677
EOG09263CUU	scaffold_6	1026110	1037354
EOG0926115V	scaffold_2	2232701	2244314
EOG09260KWP	scaffold_2	2273486	2285708
EOG0926115P	scaffold_4	886366	896860
EOG0926115P	scaffold_1	1774624	1785025
EOG0926140Q	scaffold_7	559473	571227
EOG09264DIM	scaffold_2	1772061	1782753
EOG0926436T	scaffold_7	948455	959168
EOG09261MG9	scaffold_3	280009	291532
EOG09261DHR	scaffold_8	807907	819418
EOG092629ZN	scaffold_1	2151227	2162648
EOG09262V3O	scaffold_3	568010	578783
EOG09264W1U	scaffold_4	1092954	1103208
EOG092645TJ	scaffold_1	379149	389664
EOG09260FL2	scaffold_1	931222	943909
EOG09260FZZ	scaffold_5	1304170	1317400
EOG09264XT5	scaffold_2	131371	141721
EOG09264XT5	scaffold_3	1121245	1131496
EOG09264OQ8	scaffold_8	887102	897551
EOG09264OQ8	scaffold_6	551091	561417
EOG09260KNR	scaffold_8	245939	257693
EOG09260KNR	scaffold_6	1027748	1038986
EOG09262J7K	scaffold_1	1812173	1850455
EOG09262J7K	scaffold_7	1007252	1017866
EOG092652TN	scaffold_7	6679	16927
EOG092650VI	scaffold_6	838290	848673
EOG09260C2V	scaffold_8	143236	155392
EOG09261B3Q	scaffold_1	2121288	2132607
EOG09262OX9	scaffold_5	1077361	1088473
EOG09262OX9	scaffold_3	1095741	1106877
EOG09262OX9	scaffold_2	418482	429351
EOG09260W8D	scaffold_1	2730116	2741312
EOG09260BL6	scaffold_1	1514553	1526190
EOG0926248W	scaffold_3	661771	711914
EOG09263L52	scaffold_7	871325	882605
EOG09264Z1B	scaffold_1	375395	385697
EOG09264Z1B	scaffold_7	941535	951813
EOG09264Z1B	scaffold_6	117392	127667
EOG09262F7P	scaffold_5	405519	416562
EOG09261LV7	scaffold_3	1207846	1218448
EOG09264PD5	scaffold_7	488565	499056
EOG09260KNI	scaffold_4	431167	442099
EOG09264XOC	scaffold_5	381696	391944
EOG09261476	scaffold_2	2131312	2143333
EOG0926587S	scaffold_4	530314	540424
EOG09260N53	scaffold_8	769942	782062
