EOG09263OXI	scaffold_8	512999	523847
EOG09263OXI	scaffold_13	144149	154985
EOG09261W3X	scaffold_3	999654	1011105
EOG09261W3X	scaffold_12	465975	477426
EOG09261G1Y	scaffold_5	91586	103616
EOG09261G1Y	scaffold_6	627363	639381
EOG09261JCQ	scaffold_4	638025	649188
EOG09261JCQ	scaffold_3	279883	290644
EOG09263A5D	scaffold_2	753355	764233
EOG09263A5D	scaffold_5	293597	304481
EOG09263A5D	scaffold_9	572289	615685
EOG09261C0G	scaffold_15	35427	47556
EOG09260S5R	scaffold_10	389834	401201
EOG09262I5I	scaffold_3	309700	321205
EOG09265SHL	scaffold_3	529151	539354
EOG09265SHL	scaffold_4	790588	800791
EOG09262OJ4	scaffold_11	51676	63088
EOG09262ZZ8	scaffold_4	712363	722971
EOG09261TPN	scaffold_11	200472	211824
EOG09262V9N	scaffold_1	1472430	1483077
EOG09265BJ3	scaffold_2	637829	648290
EOG092644X6	scaffold_6	140262	150822
EOG092644X6	scaffold_4	663360	673860
EOG09261OLD	scaffold_10	31709	43115
EOG09260Y2Q	scaffold_5	737863	748714
EOG09262MJW	scaffold_1	270214	281374
EOG09264PK5	scaffold_8	139632	150120
EOG09264XYD	scaffold_6	530150	540569
EOG09260289	scaffold_14	197169	209874
EOG0926300R	scaffold_3	942609	953532
EOG09263Z8I	scaffold_1	1423350	1433970
EOG09265BTC	scaffold_3	972365	982640
EOG09265BTC	scaffold_12	418099	428374
EOG092620V3	scaffold_9	645132	655911
EOG092614E6	scaffold_11	218381	230003
EOG092614E6	scaffold_5	118498	130054
EOG092614E6	scaffold_15	158067	169689
EOG09260JED	scaffold_12	156744	169581
EOG09264CA0	scaffold_10	250784	261116
EOG092619L1	scaffold_6	446643	505657
EOG09264F60	scaffold_3	555875	566231
EOG09264F60	scaffold_4	823903	834256
EOG09261ZXZ	scaffold_8	632007	642666
EOG092629WJ	scaffold_4	149393	160883
EOG0926419M	scaffold_5	298141	308791
EOG09264LC7	scaffold_8	298721	309278
EOG09263UCR	scaffold_15	198869	209729
EOG09263YBT	scaffold_1	607395	618246
EOG09264FYY	scaffold_4	622288	632770
EOG09260274	scaffold_6	758368	772975
EOG09264L0C	scaffold_4	196986	207591
EOG09264L0C	scaffold_6	504742	515347
EOG09260GR8	scaffold_4	231046	242692
EOG092616QN	scaffold_6	888041	900068
EOG092634M1	scaffold_3	1057303	1068085
EOG092648Q0	scaffold_4	277928	288527
EOG09263Q7N	scaffold_11	111179	121955
EOG092624X0	scaffold_6	90851	102332
EOG09263CG4	scaffold_14	17456	28373
EOG09261VUC	scaffold_8	105935	117674
EOG09260EPQ	scaffold_2	142718	155003
EOG09260EPS	scaffold_10	587887	599011
EOG09264Z3D	scaffold_5	223427	233747
EOG092618J9	scaffold_5	125557	136318
EOG09261Q18	scaffold_5	351138	362652
EOG09262D4G	scaffold_4	141863	152159
EOG09263KRO	scaffold_2	811020	821874
EOG09263AZP	scaffold_5	391753	402967
EOG092641K1	scaffold_4	494769	545508
EOG092641K1	scaffold_1	826971	837471
EOG09265I60	scaffold_1	573665	584042
EOG09264FOM	scaffold_3	117702	128259
EOG09264FOM	scaffold_2	355551	366012
EOG09264FOM	scaffold_16	132799	159633
EOG09262QRH	scaffold_5	425242	436000
EOG09262QRH	scaffold_4	175908	186465
EOG09261UOJ	scaffold_1	1221866	1233113
EOG092658WY	scaffold_1	234049	244540
EOG09263JFQ	scaffold_3	303055	313471
EOG09263KVG	scaffold_6	381130	391954
EOG092658WS	scaffold_9	576936	587142
EOG09264G1F	scaffold_13	239969	250541
EOG09263FR7	scaffold_1	421141	431515
EOG0926577T	scaffold_13	225278	235574
EOG09264S4C	scaffold_12	309188	319604
EOG092631UM	scaffold_1	277157	288164
EOG09263483	scaffold_9	684450	695247
EOG09264KO7	scaffold_11	183288	193593
EOG092619EA	scaffold_2	1002390	1014003
EOG092655IF	scaffold_11	232599	242955
EOG09261V9P	scaffold_5	706746	718026
EOG092656CM	scaffold_10	502605	513066
EOG09260XL0	scaffold_4	604788	616626
EOG09260T28	scaffold_9	126436	138910
EOG092630MJ	scaffold_5	862419	873021
EOG092647L7	scaffold_8	297694	308323
EOG09260SJV	scaffold_4	929424	942183
EOG092648U2	scaffold_7	445965	456603
EOG092648U2	scaffold_3	616015	626572
EOG0926112A	scaffold_7	391781	403253
EOG09262TO9	scaffold_5	213747	225024
EOG09264THP	scaffold_12	218020	228757
EOG09260MRU	scaffold_2	308094	319974
EOG09263BE5	scaffold_7	145471	156136
EOG09262XMN	scaffold_10	218218	229030
EOG09262JZK	scaffold_1	546961	557932
EOG092602FH	scaffold_5	227973	241914
EOG092602FH	scaffold_1	273051	284778
EOG09260931	scaffold_7	5865	18771
EOG09260931	scaffold_5	629336	642206
EOG09263HE6	scaffold_9	347731	358183
EOG09264YNR	scaffold_8	435063	462100
EOG09264YNR	scaffold_13	134785	145381
EOG09264YNR	scaffold_5	870385	880915
EOG09263KDI	scaffold_6	804661	815761
EOG09263MR4	scaffold_11	202649	213080
EOG09264DMU	scaffold_8	376494	387084
EOG09262GVX	scaffold_6	714216	725631
EOG09263FGN	scaffold_2	797584	808450
EOG09261PNZ	scaffold_9	373900	385072
EOG09260N2T	scaffold_6	417511	429493
EOG092602OP	scaffold_7	432011	445751
EOG09265AL8	scaffold_12	33873	44457
EOG09261727	scaffold_8	583700	596003
EOG09263XN3	scaffold_15	247654	258313
EOG09262HKC	scaffold_3	665755	676468
EOG092628HC	scaffold_6	147123	157854
EOG09263OQH	scaffold_7	418762	429808
EOG09263OQH	scaffold_8	81263	91886
EOG09265FI4	scaffold_3	521980	532312
EOG09262KXK	scaffold_1	262809	318973
EOG09262KXK	scaffold_6	541232	552122
EOG09262KXK	scaffold_8	51578	76272
EOG09260C5W	scaffold_9	36917	50672
EOG092643S6	scaffold_3	211335	221664
EOG09264J8E	scaffold_6	211444	221692
EOG09261O7R	scaffold_13	175961	186254
EOG09264CND	scaffold_10	554806	565264
EOG09264YIJ	scaffold_2	884107	894550
EOG09260FPA	scaffold_11	338904	351639
EOG09260TWS	scaffold_1	445275	457236
EOG09260TWS	scaffold_7	234000	245961
EOG09264331	scaffold_7	756262	767260
EOG09262MXH	scaffold_5	637256	648257
EOG09262YQG	scaffold_14	56679	67533
EOG09261IBJ	scaffold_9	265773	277350
EOG092654O3	scaffold_3	369627	379824
EOG09261RWU	scaffold_5	814830	825669
EOG09260GIX	scaffold_5	31004	42827
EOG092644N1	scaffold_7	724285	734683
EOG09263B7X	scaffold_3	580166	591002
EOG09262SMG	scaffold_1	785326	796618
EOG09264V51	scaffold_13	238998	249450
EOG09261RWJ	scaffold_7	607243	618862
EOG092624JL	scaffold_3	269807	281177
EOG09262G8Y	scaffold_1	569636	580715
EOG092628FW	scaffold_8	648399	659310
EOG092628FW	scaffold_4	918057	935582
EOG092628FW	scaffold_6	103887	114408
EOG092655M5	scaffold_10	256921	267274
EOG092640IZ	scaffold_13	309048	319818
EOG09262W7C	scaffold_6	552537	563523
EOG092635ST	scaffold_1	993918	1004868
EOG09264MGU	scaffold_1	188714	198839
EOG09263HED	scaffold_7	602797	613747
EOG09263HED	scaffold_11	139452	150279
EOG09263HED	scaffold_13	339302	350135
EOG09261EAB	scaffold_11	69044	80315
EOG09261KZ6	scaffold_1	1185134	1196087
EOG09261KZ6	scaffold_12	323399	334274
EOG09264B74	scaffold_12	491321	503152
EOG09264X9R	scaffold_11	450210	460740
EOG092627XA	scaffold_10	466385	477605
EOG09261127	scaffold_1	621733	633235
EOG09261127	scaffold_5	118555	129349
EOG09261127	scaffold_4	633159	643929
EOG0926510L	scaffold_10	354786	365205
EOG09265BBJ	scaffold_3	612523	622816
EOG09262VPD	scaffold_7	680508	691524
EOG09261K9J	scaffold_10	412962	424254
EOG09262FE3	scaffold_6	337407	347805
EOG09262PPU	scaffold_1	1245179	1256618
EOG09261Y04	scaffold_14	87780	98985
EOG092621YU	scaffold_11	38318	49910
EOG09261LEU	scaffold_12	477164	488609
EOG09264RJ7	scaffold_6	540160	550444
EOG09264RJ7	scaffold_7	563131	573376
EOG09264RJ7	scaffold_2	497838	508080
EOG09263QH4	scaffold_9	566361	577059
EOG09263QH4	scaffold_2	812360	823013
EOG092644K0	scaffold_3	344712	355335
EOG09264IOS	scaffold_9	523719	534126
EOG09264RQY	scaffold_11	161248	171742
EOG09260Z5E	scaffold_2	628870	641119
EOG092643Y5	scaffold_1	677731	688357
EOG09263RW3	scaffold_10	585145	595939
EOG09263RW3	scaffold_7	406420	416977
EOG0926009O	scaffold_7	46022	58355
EOG09263ZBF	scaffold_11	408393	419175
EOG09261PUF	scaffold_1	804090	815370
EOG09261PUF	scaffold_5	695604	706899
EOG09261PUF	scaffold_7	472677	483972
EOG09261MMR	scaffold_6	449074	505570
EOG09261XAF	scaffold_9	455473	466537
EOG09261I0F	scaffold_8	503850	515202
EOG092652NQ	scaffold_9	456827	467339
EOG09265M8S	scaffold_9	222322	232657
EOG09261CQG	scaffold_12	136911	148131
EOG092603SM	scaffold_3	317046	328044
EOG092603SM	scaffold_16	109152	119613
EOG0926079Q	scaffold_4	678692	691718
EOG092606O3	scaffold_3	1023567	1035588
EOG09265KF9	scaffold_3	265554	275721
EOG09262CA4	scaffold_12	438871	449971
EOG09263LP3	scaffold_11	259897	270757
EOG092652ZZ	scaffold_2	755832	766254
EOG09262SWJ	scaffold_7	729854	740510
EOG09262IZO	scaffold_1	1056514	1067758
EOG09262IZO	scaffold_12	170556	181797
EOG09261AMX	scaffold_3	663718	674836
EOG09261AMX	scaffold_5	742805	753923
EOG09261AMX	scaffold_8	288505	349747
EOG09261Q5L	scaffold_10	384901	396238
EOG092611G7	scaffold_8	177981	190086
EOG09260TLW	scaffold_3	974776	986815
EOG092605KN	scaffold_14	139804	152632
EOG09261225	scaffold_1	121923	134919
EOG09264F1U	scaffold_5	82044	93012
EOG092606AD	scaffold_1	1486756	1497382
EOG09265BE5	scaffold_10	214995	225360
EOG09262FW1	scaffold_3	181221	192321
EOG09261ZJR	scaffold_1	777297	789210
EOG09261ZJR	scaffold_3	324498	335523
EOG09263EVJ	scaffold_5	549626	560378
EOG09265CFP	scaffold_12	70475	80768
EOG09263CAC	scaffold_14	59191	69412
EOG09263760	scaffold_2	138103	148642
EOG09263UAJ	scaffold_15	142375	153427
EOG09263UAJ	scaffold_3	378651	389577
EOG09265B95	scaffold_6	159793	170323
EOG092603EH	scaffold_6	148363	162670
EOG09260ETR	scaffold_8	370329	383298
EOG09261QXC	scaffold_16	66847	78277
EOG09261QXC	scaffold_2	979963	991393
EOG09264SET	scaffold_1	1144955	1155515
EOG09264SET	scaffold_2	328632	339009
EOG09264GMT	scaffold_6	224806	235519
EOG09261V2P	scaffold_5	902238	913047
EOG09260RVQ	scaffold_8	380351	391787
EOG09261JUE	scaffold_11	123882	135381
EOG09260PI1	scaffold_6	513880	525016
EOG092636T6	scaffold_6	494464	505675
EOG092636T6	scaffold_13	264541	275416
EOG092636T6	scaffold_7	577616	622237
EOG09264UD3	scaffold_3	341421	399285
EOG09264UD3	scaffold_1	564389	574619
EOG09263MIB	scaffold_15	6372	17199
EOG09263MIB	scaffold_8	8276	19103
EOG09263MIB	scaffold_6	453422	464246
EOG092600T9	scaffold_1	144243	160401
EOG09261S0S	scaffold_3	78687	89199
EOG09261KHB	scaffold_7	486362	497753
EOG09261KHB	scaffold_9	642885	653943
EOG0926489S	scaffold_1	1319482	1330276
EOG09263U71	scaffold_16	153976	164788
EOG092612MY	scaffold_4	72262	85075
EOG09262PIH	scaffold_1	154623	165744
EOG09262PIH	scaffold_6	869001	917111
EOG09264KDO	scaffold_1	1053176	1063739
EOG092643JW	scaffold_1	1141731	1152033
EOG09261TEQ	scaffold_2	334062	387816
EOG09263WM5	scaffold_3	1041771	1053180
EOG09265HP0	scaffold_10	125639	136040
EOG09265HP0	scaffold_11	392284	402598
EOG09265HP0	scaffold_7	54869	65183
EOG09261QYO	scaffold_12	238265	250541
EOG09260RGH	scaffold_7	581719	593638
EOG09265G9U	scaffold_1	1491167	1501460
EOG092629WA	scaffold_8	167874	179250
EOG09264R0D	scaffold_2	477146	487895
EOG09264MN3	scaffold_2	872271	882678
EOG09261T98	scaffold_2	353451	364722
EOG09262CDO	scaffold_7	525926	537161
EOG092646WF	scaffold_8	629506	640066
EOG09261JR0	scaffold_6	6919	17959
EOG09261NW2	scaffold_2	744620	756656
EOG09263GIG	scaffold_5	143784	155169
EOG092643VB	scaffold_1	853399	864052
EOG09261EM7	scaffold_12	222750	233667
EOG09261EM7	scaffold_8	691291	702313
EOG09261EM7	scaffold_4	127547	138476
EOG092602BZ	scaffold_3	97691	112499
EOG092639H5	scaffold_8	311198	322286
EOG09263C4C	scaffold_11	409810	420280
EOG092624UF	scaffold_7	658083	669561
EOG09262WXK	scaffold_4	342054	352992
EOG09264C3N	scaffold_10	423993	434733
EOG09260H6E	scaffold_6	461329	472969
EOG09261KRX	scaffold_7	108834	119511
EOG09261KRX	scaffold_11	331749	342267
EOG09261MOX	scaffold_1	996073	1006834
EOG09261T74	scaffold_9	642726	654078
EOG09261T74	scaffold_7	486479	497531
EOG092626HU	scaffold_10	348299	359660
EOG09261XGL	scaffold_11	311875	323206
EOG09261XGL	scaffold_15	151487	162641
EOG09260Z3X	scaffold_1	571625	583133
EOG092656RK	scaffold_2	333035	343484
EOG09265FTN	scaffold_1	1223607	1233894
EOG09264HU0	scaffold_8	77815	88744
EOG09264ABT	scaffold_5	788973	799494
EOG09261J0P	scaffold_4	658361	669932
EOG09264BWL	scaffold_4	1009677	1019985
EOG092615SM	scaffold_1	336628	348964
EOG09263IMF	scaffold_6	809459	819914
EOG09265PQX	scaffold_14	19059	29241
EOG092608ZS	scaffold_6	110755	122008
EOG092608ZS	scaffold_4	1029502	1040686
EOG09260BZ0	scaffold_12	248309	260546
EOG09262P1W	scaffold_1	185946	197241
EOG09264398	scaffold_1	1015750	1026511
EOG092620E4	scaffold_4	870780	882165
EOG092620E4	scaffold_7	764041	775399
EOG09260KM4	scaffold_6	490004	501254
EOG09260KM4	scaffold_10	188600	199838
EOG09263WZ2	scaffold_8	634197	645096
EOG092624KK	scaffold_2	131605	142747
EOG09264O9F	scaffold_6	51842	62342
EOG09261IFQ	scaffold_11	49288	61042
EOG09260EAZ	scaffold_2	45112	57748
EOG09260M87	scaffold_4	888793	900871
EOG09263A3Y	scaffold_10	344188	355606
EOG09265L8N	scaffold_11	112211	122459
EOG09265L8N	scaffold_9	671985	682212
EOG09263S2P	scaffold_10	248578	259087
EOG09264BIX	scaffold_8	38350	48916
EOG0926131E	scaffold_2	710606	721484
EOG09260CMZ	scaffold_3	581399	594098
EOG09262I0R	scaffold_12	230336	241379
EOG0926386D	scaffold_1	1178299	1189207
EOG0926386D	scaffold_12	320676	331584
EOG09261OIA	scaffold_2	273240	285084
EOG09261OIF	scaffold_15	234997	246370
EOG09261OIF	scaffold_7	760011	771129
EOG09264DY4	scaffold_16	74749	85054
EOG092652KR	scaffold_14	223314	233784
EOG092618M2	scaffold_5	627061	637834
EOG09260QNB	scaffold_8	507691	519823
EOG092617RY	scaffold_6	833270	844715
EOG09264903	scaffold_3	272713	283345
EOG09264904	scaffold_7	543362	553988
EOG09265BWR	scaffold_10	426567	437360
EOG09265BWR	scaffold_12	99290	110062
EOG09263LNF	scaffold_2	227454	238572
EOG09263SFX	scaffold_5	608695	619426
EOG092656IY	scaffold_1	1465514	1475753
EOG09264ZQC	scaffold_1	60404	70745
EOG092629RT	scaffold_1	1107829	1119010
EOG09262M2J	scaffold_6	663650	674591
EOG09261EMF	scaffold_1	810230	821435
EOG092613UB	scaffold_6	637036	648277
EOG092613UB	scaffold_1	165726	176769
EOG09262K67	scaffold_8	714661	725152
EOG09264OBO	scaffold_15	161748	171816
EOG09263817	scaffold_14	98664	108969
EOG092617RN	scaffold_1	39087	50898
EOG092617RN	scaffold_8	247081	258892
EOG092617RN	scaffold_11	359594	371324
EOG09262IZ6	scaffold_3	87600	98529
EOG09260VCG	scaffold_5	830898	841389
EOG09263F11	scaffold_2	275363	285662
EOG09260DFJ	scaffold_13	292246	304897
EOG09262Z14	scaffold_3	279775	290932
EOG09260DFH	scaffold_2	127788	140832
EOG092621F2	scaffold_4	1034763	1046343
EOG09263HK2	scaffold_11	531490	542533
EOG092602UY	scaffold_1	791356	806407
EOG09264S40	scaffold_12	214395	224874
EOG09262CMP	scaffold_11	192460	203401
EOG09263XVS	scaffold_9	329355	339693
EOG09262O0R	scaffold_4	1052425	1063402
EOG09260B65	scaffold_10	45355	58318
EOG09260UA2	scaffold_7	571600	582889
EOG092600SK	scaffold_14	276806	291326
EOG09264RJL	scaffold_4	621624	631875
EOG09264RBX	scaffold_8	662416	673060
EOG092619MJ	scaffold_1	833543	845360
EOG09260LVD	scaffold_6	290379	300627
EOG092614DJ	scaffold_5	488700	500115
EOG0926400M	scaffold_4	179197	189919
EOG092600SD	scaffold_7	502693	517696
EOG09260OZU	scaffold_6	780955	792004
EOG09263NE7	scaffold_1	1082582	1093640
EOG09263NE7	scaffold_12	224340	235398
EOG09262387	scaffold_16	151834	163084
EOG092628LW	scaffold_2	429458	439952
EOG0926477X	scaffold_5	548645	559277
EOG0926051U	scaffold_9	207103	222298
EOG09260THV	scaffold_3	293802	304704
EOG09264G1I	scaffold_4	800956	811822
EOG09264CP8	scaffold_5	747291	757881
EOG0926213Z	scaffold_8	468426	480864
EOG092638RC	scaffold_4	1021856	1032890
EOG09260A6Q	scaffold_9	487853	501008
EOG09262VVF	scaffold_10	171792	183096
EOG092653O3	scaffold_8	210320	220799
EOG09263690	scaffold_2	563132	574484
EOG092610TN	scaffold_2	639582	651318
EOG0926213Q	scaffold_1	518626	529570
EOG09264P3R	scaffold_3	359341	369967
EOG09264P3R	scaffold_5	169072	179698
EOG09261W2O	scaffold_8	233638	244981
EOG09264U81	scaffold_10	329059	339559
EOG09261IOS	scaffold_1	1390162	1438892
EOG09261IOS	scaffold_10	123824	254691
EOG09261IOS	scaffold_14	74213	85136
EOG09262WSH	scaffold_1	1055119	1066150
EOG09260V8Q	scaffold_11	452807	476045
EOG09260V8Q	scaffold_6	712125	723108
EOG09260V8Q	scaffold_1	579950	590753
EOG09263YFX	scaffold_13	198610	209524
EOG09264D7Y	scaffold_1	295310	305978
EOG0926315C	scaffold_1	1080597	1091229
EOG0926146A	scaffold_15	61291	73204
EOG09265040	scaffold_10	569600	579824
EOG09265BAK	scaffold_11	143284	153484
EOG092604KQ	scaffold_1	1058349	1072347
EOG09264HHW	scaffold_3	88824	99333
EOG09264HHW	scaffold_11	209210	219719
EOG09264HHW	scaffold_15	50479	60973
EOG09262UB3	scaffold_8	533403	544563
EOG09263X22	scaffold_7	120271	131110
EOG09261S7X	scaffold_8	79295	90290
EOG09261V87	scaffold_7	146601	157917
EOG092608C4	scaffold_3	606896	620699
EOG09263CGP	scaffold_6	317315	328040
EOG09261UWT	scaffold_7	153770	164606
EOG092608T8	scaffold_6	841092	853482
EOG09262A6N	scaffold_1	1197866	1208876
EOG09262A6N	scaffold_7	577481	622174
EOG09262A6N	scaffold_14	216410	266087
EOG0926484N	scaffold_9	696166	706678
EOG09265KPR	scaffold_10	148274	158513
EOG09260T4S	scaffold_5	171456	183204
EOG092653LT	scaffold_5	813844	824044
EOG09260KDB	scaffold_10	132970	145672
EOG092600S9	scaffold_7	222678	239400
EOG09260JT9	scaffold_3	113410	125614
EOG09260JT9	scaffold_5	592365	604242
EOG09260JT9	scaffold_7	621325	632935
EOG09264OYZ	scaffold_2	49615	60064
EOG09264WF4	scaffold_4	565877	576821
EOG09260VTA	scaffold_4	255980	267764
EOG09260VTN	scaffold_10	66069	77091
EOG09260VTN	scaffold_8	14622	25533
EOG09260VTN	scaffold_1	231484	243034
EOG09261ZI1	scaffold_13	368275	379252
EOG09264PE5	scaffold_5	403019	413606
EOG09261W90	scaffold_7	291558	302577
EOG092648XW	scaffold_5	642590	653342
EOG09263CAH	scaffold_9	446012	456860
EOG09265E6R	scaffold_9	142106	152486
EOG09261XNJ	scaffold_1	195027	206580
EOG09261XNJ	scaffold_13	78404	89855
EOG09261XNJ	scaffold_9	551092	562576
EOG09260FMW	scaffold_4	933121	945817
EOG09263ULA	scaffold_10	520197	531231
EOG09262PMC	scaffold_6	411513	424854
EOG09263E49	scaffold_15	99893	111053
EOG09263E49	scaffold_8	476414	512078
EOG09263E49	scaffold_6	690412	701269
EOG09260NXJ	scaffold_9	45653	58127
EOG09260XSR	scaffold_7	151701	162384
EOG09264PMA	scaffold_11	548413	558838
EOG092606WZ	scaffold_8	170618	184319
EOG09264GQZ	scaffold_8	258717	269445
EOG09260NXC	scaffold_6	243442	255211
EOG09262X8R	scaffold_10	483393	494289
EOG09261ICI	scaffold_14	104333	115502
EOG092631MU	scaffold_10	279809	290837
EOG09264VC6	scaffold_4	262368	272673
EOG092652Y6	scaffold_6	784473	794790
EOG0926420U	scaffold_3	501557	511796
EOG092631ML	scaffold_7	197143	207967
EOG09262M0W	scaffold_1	1124680	1135489
EOG09260EE7	scaffold_4	394658	407483
EOG09260EE7	scaffold_14	216719	266114
EOG09263QUM	scaffold_6	745208	755837
EOG092605QM	scaffold_1	729908	744791
EOG09263QB7	scaffold_15	148451	159266
EOG09262739	scaffold_11	434636	445940
EOG09262739	scaffold_2	1024748	1035851
EOG09262VQQ	scaffold_10	440168	451262
EOG09262VQQ	scaffold_12	101191	112111
EOG09262VQQ	scaffold_5	273682	284638
EOG0926073O	scaffold_8	452724	466182
EOG09263CUQ	scaffold_2	742535	752855
EOG092640PR	scaffold_3	331251	341637
EOG09263KB4	scaffold_4	172703	183410
EOG09263LR1	scaffold_8	480612	491460
EOG09263LR1	scaffold_12	276692	287345
EOG09260PJ9	scaffold_1	474395	486293
EOG09263QPR	scaffold_1	961566	972000
EOG0926092K	scaffold_7	76179	89190
EOG0926092K	scaffold_3	667712	679949
EOG0926092K	scaffold_5	471452	483740
EOG09265FGA	scaffold_4	495635	506033
EOG09265FGA	scaffold_9	391051	401491
EOG09263720	scaffold_5	34205	45074
EOG0926310O	scaffold_7	553850	564602
EOG0926310O	scaffold_6	716769	727347
EOG0926310O	scaffold_13	121237	131749
EOG092625AX	scaffold_5	650359	660985
EOG0926423H	scaffold_7	106856	117704
EOG09264ZWF	scaffold_1	1120481	1130963
EOG09260YMF	scaffold_9	378945	390537
EOG09260YMF	scaffold_6	845058	856467
EOG09260YMF	scaffold_12	222798	233793
EOG09264VZ7	scaffold_1	1426392	1436862
EOG09262JRP	scaffold_5	360114	371421
EOG09260WCZ	scaffold_1	489743	501704
EOG092605OK	scaffold_2	955984	970963
EOG092605OK	scaffold_1	201231	215541
EOG09262N3C	scaffold_4	833071	844117
EOG09262TEV	scaffold_6	409752	420387
EOG09260XMI	scaffold_12	333101	344984
EOG092633QB	scaffold_10	80012	90767
EOG09264BOA	scaffold_1	176271	186777
EOG09263S1E	scaffold_15	39664	50239
EOG092607OQ	scaffold_6	169229	183134
EOG09265D7J	scaffold_5	871281	881577
EOG09262GLP	scaffold_7	239704	249868
EOG09261ZFN	scaffold_5	190958	202247
EOG09261ZFN	scaffold_6	31160	41831
EOG092634G9	scaffold_7	716811	727233
EOG092654RM	scaffold_3	139910	150185
EOG09263MGE	scaffold_14	99622	110473
EOG09263EBB	scaffold_10	586289	597182
EOG09264X41	scaffold_13	183263	193757
EOG09264R4M	scaffold_6	653616	664194
EOG092631QQ	scaffold_1	1216255	1227004
EOG09263HD8	scaffold_6	747002	757865
EOG09262KUJ	scaffold_5	261257	272171
EOG09262KUJ	scaffold_7	577463	622075
EOG09262KUJ	scaffold_1	192131	203135
EOG092612CC	scaffold_4	782673	793455
EOG09264UJF	scaffold_1	366348	376746
EOG09264T3S	scaffold_7	141361	151756
EOG092609O9	scaffold_10	416076	429801
EOG092609O9	scaffold_3	234858	246072
EOG09264ENO	scaffold_7	284805	316109
EOG09263TQ5	scaffold_7	310677	321504
EOG0926074Y	scaffold_1	189581	203186
EOG09263L00	scaffold_13	254323	264766
EOG09263L00	scaffold_11	268264	278839
EOG09263L00	scaffold_2	320418	330699
EOG092605VL	scaffold_8	357129	370221
EOG09262E4Q	scaffold_1	300387	311538
EOG09262E4Q	scaffold_9	148527	159618
EOG09262E4Q	scaffold_10	549698	560789
EOG09265DVA	scaffold_3	43862	54272
EOG09262E4T	scaffold_1	288401	299192
EOG09262YP5	scaffold_1	87913	98731
EOG09264UVA	scaffold_3	634812	645345
EOG09262914	scaffold_9	166155	177264
EOG09262914	scaffold_2	877954	888994
EOG092621S9	scaffold_12	135010	146374
EOG092605VU	scaffold_4	293516	304859
EOG09262528	scaffold_6	390056	401318
EOG09262HA6	scaffold_12	479887	490987
EOG092613QA	scaffold_3	978396	989220
EOG09262OLP	scaffold_3	494293	504910
EOG09265I7S	scaffold_14	96329	106565
EOG0926505R	scaffold_8	344981	355331
EOG0926347W	scaffold_10	506647	517753
EOG0926347W	scaffold_1	268749	279771
EOG09262H34	scaffold_11	29437	40864
EOG09260DBG	scaffold_6	632742	645579
EOG09260JPV	scaffold_10	291131	302567
EOG09260JPV	scaffold_9	376468	387661
EOG09260JPV	scaffold_11	359597	370721
EOG092644O2	scaffold_5	587395	598066
EOG09261B18	scaffold_1	340704	352830
EOG09261VI3	scaffold_5	379773	391269
EOG09264XVU	scaffold_1	729136	739777
EOG09262Z2S	scaffold_7	453986	465062
EOG09262Q6S	scaffold_6	103851	114750
EOG09262Q6S	scaffold_4	924896	935582
EOG09260H81	scaffold_8	117940	129991
EOG09260K29	scaffold_4	842453	853601
EOG09260K29	scaffold_2	576874	587785
EOG09260NAN	scaffold_4	272170	283393
EOG09261B14	scaffold_9	98319	109275
EOG09264B3O	scaffold_8	222623	233453
EOG0926522L	scaffold_12	204828	215094
EOG09260V5Q	scaffold_14	26461	38950
EOG09261N64	scaffold_8	191454	202923
EOG092603JK	scaffold_3	677585	688997
EOG09265K5D	scaffold_11	266766	276912
EOG09262LI4	scaffold_10	163118	173825
EOG09261FM4	scaffold_8	231108	242592
EOG09265ER6	scaffold_10	324825	335085
EOG09263XZN	scaffold_15	244062	254853
EOG09261I8J	scaffold_6	711873	723123
EOG09261I8J	scaffold_11	452816	475331
EOG09261I8J	scaffold_1	579959	591032
EOG09260NJW	scaffold_13	213343	225634
EOG09260RNZ	scaffold_6	624765	636960
EOG092612LP	scaffold_6	363102	375054
EOG09261031	scaffold_3	997540	1008730
EOG092648O6	scaffold_2	1021871	1032212
EOG09261QR5	scaffold_5	654191	665990
EOG092607ZS	scaffold_11	500921	514163
EOG09260FX0	scaffold_3	657632	671069
EOG092601YK	scaffold_13	101476	117763
EOG09265MAN	scaffold_3	144737	155045
EOG09263RVR	scaffold_2	461680	472567
EOG09260LRX	scaffold_1	1112332	1124569
EOG0926025H	scaffold_10	409427	421178
EOG092646PE	scaffold_2	175585	186067
EOG092646PE	scaffold_3	1039372	1049809
EOG092646PE	scaffold_4	359846	370274
EOG09263J3H	scaffold_4	190514	201347
EOG092603KJ	scaffold_2	935431	948097
EOG09260HMA	scaffold_4	818836	831400
EOG09263MNN	scaffold_5	224047	235540
EOG092620IA	scaffold_1	183203	195587
EOG09261OXV	scaffold_6	286778	299897
EOG0926347K	scaffold_11	478326	489288
EOG09260A27	scaffold_3	738074	749657
EOG09265A4E	scaffold_13	236404	246718
EOG092608GK	scaffold_3	962460	973476
EOG092608GK	scaffold_12	410830	421846
EOG092608GK	scaffold_5	40406	50969
EOG0926142H	scaffold_3	591808	603610
EOG09263C1V	scaffold_9	319976	331175
EOG09261DJC	scaffold_11	159538	170035
EOG09260KGS	scaffold_10	370279	382918
EOG09261DW8	scaffold_4	538970	550529
EOG09264ZDJ	scaffold_4	1001450	1011734
EOG09261B6Y	scaffold_14	211714	223123
EOG09260KIY	scaffold_13	264049	275557
EOG09260KIY	scaffold_15	111826	123220
EOG09263KEE	scaffold_3	47851	58057
EOG09263ZBJ	scaffold_6	645197	655580
EOG0926229Z	scaffold_4	295713	306975
EOG0926229Z	scaffold_15	48392	59366
EOG0926229Z	scaffold_1	394614	405429
EOG0926142Y	scaffold_6	738997	750835
EOG0926142Y	scaffold_2	873775	885316
EOG0926142Y	scaffold_9	234625	246340
EOG09263ZSC	scaffold_2	848563	859099
EOG09264ZDZ	scaffold_8	617105	627362
EOG09261O4Y	scaffold_11	323800	335194
EOG09262CXO	scaffold_5	887787	898719
EOG09262CXO	scaffold_14	216551	266162
EOG09262CXO	scaffold_7	577451	622153
EOG092634MM	scaffold_2	837837	848622
EOG09264YHS	scaffold_9	563816	574376
EOG092600W1	scaffold_8	143336	159086
EOG0926071Q	scaffold_2	255032	268142
EOG092603D0	scaffold_7	464793	478875
EOG09263CG2	scaffold_3	38592	48984
EOG09261QR8	scaffold_5	314243	325742
EOG09264LJU	scaffold_1	1255341	1265898
EOG092641UM	scaffold_2	498565	509278
EOG09260SIZ	scaffold_12	234136	246277
EOG09264HOY	scaffold_2	714146	724883
EOG09264P74	scaffold_8	142293	152661
EOG0926235L	scaffold_3	345622	357199
EOG0926235L	scaffold_5	184444	195979
EOG09263NXM	scaffold_3	835973	847448
EOG09264DT4	scaffold_16	78459	89472
EOG09265JX6	scaffold_8	326839	337153
EOG09265JX6	scaffold_12	376996	387310
EOG09263WSS	scaffold_11	172834	183412
EOG09260075	scaffold_4	49234	68500
EOG09260RRC	scaffold_4	692710	704473
EOG09263WWI	scaffold_3	905851	916615
EOG092631IR	scaffold_5	252842	263855
EOG092631IR	scaffold_3	80388	91197
EOG092631IR	scaffold_7	97239	108117
EOG09262XGK	scaffold_13	414654	425718
EOG09265552	scaffold_5	906563	916787
EOG09261UMG	scaffold_11	319583	330689
EOG092643NE	scaffold_4	241361	251675
EOG09261ONU	scaffold_3	904422	914970
EOG09262X31	scaffold_11	54697	65575
EOG09262ESR	scaffold_13	306304	317452
EOG09260RRN	scaffold_7	173051	185753
EOG09265E8A	scaffold_4	544074	554235
EOG092603YJ	scaffold_6	721122	736023
EOG09265LEG	scaffold_16	52618	62836
EOG09262CUO	scaffold_1	541671	552552
EOG0926307V	scaffold_2	302969	314036
EOG092608L0	scaffold_10	192272	205091
EOG092608L0	scaffold_6	481658	494474
EOG092608L0	scaffold_2	920928	933126
EOG092601KZ	scaffold_5	242175	255258
EOG09262U7S	scaffold_1	1105917	1116654
EOG09261CWO	scaffold_11	480080	491525
EOG09262V8E	scaffold_4	370827	382206
EOG092645OU	scaffold_2	738151	749167
EOG092645OU	scaffold_8	615079	625906
EOG092645OU	scaffold_5	887967	898722
EOG09262GNE	scaffold_2	80558	91640
EOG09262L1P	scaffold_11	333062	344411
EOG09260WG2	scaffold_8	242480	254774
EOG092638XA	scaffold_8	615070	625975
EOG092638XA	scaffold_14	216581	266141
EOG092638XA	scaffold_13	264532	275419
EOG09260WUS	scaffold_4	490473	503010
EOG0926077L	scaffold_1	1279530	1290840
EOG0926407T	scaffold_3	883920	894588
EOG092614UB	scaffold_4	246285	257610
EOG09265313	scaffold_14	209076	219378
EOG092641G3	scaffold_6	661111	671338
EOG092644WX	scaffold_2	1013028	1023744
EOG092644WX	scaffold_6	81239	91727
EOG092644WX	scaffold_3	756412	766894
EOG09260492	scaffold_3	716157	729717
EOG09265OQH	scaffold_4	776146	786379
EOG09261L4M	scaffold_3	690424	701824
EOG09260WUA	scaffold_6	12713	23489
EOG0926499W	scaffold_6	73344	84510
EOG092608RH	scaffold_4	880546	893542
EOG09261T6U	scaffold_4	997599	1009116
EOG09261T6U	scaffold_16	222793	234299
EOG09261T6U	scaffold_12	549456	560958
EOG09264OBA	scaffold_5	530024	540572
EOG09260ZG2	scaffold_11	246871	258604
EOG092617S2	scaffold_10	399851	411446
EOG092617S2	scaffold_6	422182	433402
EOG092618UZ	scaffold_13	56640	67263
EOG09264U78	scaffold_2	670946	681260
EOG09260AQB	scaffold_2	277605	290373
EOG0926049A	scaffold_2	946027	958696
EOG09263OAE	scaffold_5	96671	107642
EOG09263OAE	scaffold_8	591705	602505
EOG09263OAE	scaffold_13	178976	189758
EOG09265PUI	scaffold_1	611929	622117
EOG092613R2	scaffold_6	865309	877072
EOG09260WU6	scaffold_7	35906	48020
EOG09260BRA	scaffold_3	79908	91251
EOG09260BRA	scaffold_7	97191	108174
EOG09260BRA	scaffold_5	252845	263852
EOG09261I1I	scaffold_4	764336	776618
EOG09261HM3	scaffold_9	550972	562588
EOG09261HM3	scaffold_1	195030	206577
EOG09261HM3	scaffold_13	78362	89846
EOG0926049S	scaffold_8	308476	320551
EOG092633US	scaffold_9	100053	111063
EOG09262ILV	scaffold_4	155288	166412
EOG09263UWJ	scaffold_4	951920	962939
EOG09265LIB	scaffold_13	41970	52272
EOG09260779	scaffold_5	907714	921061
EOG09261I1G	scaffold_4	795297	806460
EOG092643QM	scaffold_7	374221	384460
EOG09260QVP	scaffold_14	39731	50594
EOG09265DDU	scaffold_1	28652	38900
EOG09264FVQ	scaffold_5	871858	882535
EOG09265822	scaffold_1	949300	959917
EOG092644ZU	scaffold_16	137608	148150
EOG0926195C	scaffold_1	902408	914387
EOG09260OE9	scaffold_4	623872	637168
EOG09260OE9	scaffold_7	462779	474524
EOG09260OE9	scaffold_2	690398	702236
EOG09263JTO	scaffold_1	98671	109483
EOG09263JTO	scaffold_5	595907	606467
EOG09264L3W	scaffold_16	95433	106143
EOG09263X1F	scaffold_4	48139	58825
EOG09263D2P	scaffold_8	341351	351731
EOG09263D2P	scaffold_2	480234	490584
EOG09261EU7	scaffold_9	173405	256547
EOG09261EU7	scaffold_12	164405	175286
EOG09261EU7	scaffold_3	570435	599232
EOG09264G4X	scaffold_11	343734	354321
EOG09264G4X	scaffold_7	136328	146966
EOG09264G4X	scaffold_5	727566	738120
EOG092604ZZ	scaffold_6	523910	536774
EOG09265A08	scaffold_5	686942	697349
EOG09264SQJ	scaffold_2	600354	610944
EOG092615IE	scaffold_6	589894	602188
EOG09260OM6	scaffold_15	157878	169698
EOG09260OM6	scaffold_5	118276	130150
EOG09260OM6	scaffold_11	218396	229964
EOG09263H5H	scaffold_12	227273	238265
EOG09262YAU	scaffold_1	765376	776449
EOG0926457R	scaffold_7	136301	146942
EOG0926457R	scaffold_11	343758	354336
EOG092620FM	scaffold_3	30662	41636
EOG09260JTZ	scaffold_8	87048	99738
EOG09264E6Z	scaffold_1	845317	855997
EOG09261UPM	scaffold_6	80313	90780
EOG09263MEM	scaffold_4	375970	386758
EOG09264W46	scaffold_10	420885	431541
EOG09265JNA	scaffold_14	168182	178418
EOG09261N20	scaffold_6	684082	694804
EOG092621CP	scaffold_6	860669	872009
EOG092630YS	scaffold_1	280397	291464
EOG092627F1	scaffold_4	985795	996991
EOG092627F1	scaffold_14	216719	266114
EOG09260HS3	scaffold_4	430416	442377
EOG092649XV	scaffold_1	1378825	1389763
EOG09264IIZ	scaffold_6	416738	426938
EOG0926273Q	scaffold_4	501190	512290
EOG09260J8F	scaffold_8	197825	209240
EOG0926129I	scaffold_4	339005	350825
EOG09263L7Y	scaffold_15	84147	95184
EOG09265FL1	scaffold_3	630716	641051
EOG09265FL1	scaffold_4	429192	439443
EOG09265FL1	scaffold_7	165793	176014
EOG09260K24	scaffold_2	1010590	1022485
EOG09263C55	scaffold_5	271164	282501
EOG092610KH	scaffold_8	635861	647369
EOG09260KCB	scaffold_8	545391	556095
EOG09260AZA	scaffold_13	117812	130697
EOG09264XM2	scaffold_3	454394	464633
EOG09260AZM	scaffold_13	256943	269873
EOG09260AZM	scaffold_11	508309	521779
EOG09260AZM	scaffold_16	91201	104107
EOG09261YGB	scaffold_3	348325	359677
EOG09260AZK	scaffold_5	502265	514658
EOG09264T8I	scaffold_8	412978	423220
EOG09264T8I	scaffold_3	411771	422013
EOG09264T8I	scaffold_13	240068	250247
EOG09260KCW	scaffold_9	406296	418074
EOG09260KCW	scaffold_5	509839	521704
EOG09260KCW	scaffold_15	127120	138478
EOG09260R84	scaffold_13	301434	312492
EOG09261RU1	scaffold_15	88518	99912
EOG092602MO	scaffold_8	189400	201082
EOG09260DP1	scaffold_1	635245	648025
EOG09263I7I	scaffold_1	748679	759824
EOG09263I7I	scaffold_8	487278	497970
EOG092634ZL	scaffold_1	268037	278576
EOG09260K5F	scaffold_13	228399	240399
EOG09264272	scaffold_5	895760	906452
EOG09261MPU	scaffold_2	409466	420704
EOG09261MPU	scaffold_10	549761	560729
EOG09261MPU	scaffold_1	481937	492908
EOG09262FJB	scaffold_5	318030	328251
EOG092609RF	scaffold_12	471263	485546
EOG09261A3K	scaffold_8	183100	195937
EOG09262K9A	scaffold_13	137931	149025
EOG092634B5	scaffold_7	237940	249229
EOG09263JZO	scaffold_9	564628	575542
EOG09264IMV	scaffold_11	53390	63986
EOG09263BGW	scaffold_15	160084	171556
EOG09264NEF	scaffold_14	57788	68168
EOG09260OLB	scaffold_8	443186	453902
EOG09264CH7	scaffold_12	343542	354285
EOG09264CH7	scaffold_9	98646	109131
EOG09264G0H	scaffold_3	526950	537600
EOG09264ZI5	scaffold_9	146407	156547
EOG09264XPY	scaffold_1	158621	169022
EOG09260GKG	scaffold_1	932946	945735
EOG0926137U	scaffold_4	612694	625153
EOG09265G5C	scaffold_12	155939	166472
EOG09265G5C	scaffold_11	95793	106179
EOG09265G5C	scaffold_5	100006	110377
EOG09265EKJ	scaffold_7	653133	663384
EOG09262F22	scaffold_14	132744	143988
EOG09262JWJ	scaffold_7	285714	296865
EOG09262JWJ	scaffold_12	71133	82293
EOG092634B1	scaffold_10	219452	230519
EOG092634B1	scaffold_1	989728	1000531
EOG092634B1	scaffold_3	1002863	1015718
EOG09264OAU	scaffold_9	598488	608706
EOG09264O2D	scaffold_2	43866	54432
EOG09260KUC	scaffold_2	734030	745988
EOG09264I14	scaffold_11	64931	75254
EOG09262HP3	scaffold_2	201199	212167
EOG09260SL3	scaffold_3	471402	483633
EOG09260SL3	scaffold_1	926288	937997
EOG09264O6J	scaffold_10	387250	397738
EOG09264O6J	scaffold_1	911507	922073
EOG09264O6J	scaffold_11	521029	531592
EOG092625U6	scaffold_3	262743	273810
EOG09264V2U	scaffold_4	254859	265341
EOG09264OXC	scaffold_1	1422649	1433113
EOG09263W7L	scaffold_5	364950	375609
EOG09263ZW6	scaffold_1	1398447	1409154
EOG09263RDD	scaffold_1	64610	75125
EOG09263RDD	scaffold_15	148445	158864
EOG09260W52	scaffold_6	387841	399448
EOG09260NE0	scaffold_5	198636	209913
EOG09260TPT	scaffold_8	227317	238534
EOG092610LP	scaffold_12	241207	253285
EOG092610LQ	scaffold_1	396127	429779
EOG09260HSP	scaffold_13	75786	87693
EOG09262WQX	scaffold_1	1266071	1276823
EOG09261N2L	scaffold_6	830328	841737
EOG09263YUI	scaffold_3	684193	694798
EOG09264HN5	scaffold_10	559944	570387
EOG0926158Y	scaffold_2	322358	333233
EOG09265J36	scaffold_3	714101	724247
EOG09260LI6	scaffold_14	271935	284427
EOG09260LI6	scaffold_1	635389	647038
EOG09264IDN	scaffold_2	769841	780245
EOG09264I6B	scaffold_14	205012	215362
EOG09262SR7	scaffold_4	336832	347722
EOG09265H9T	scaffold_2	365536	375838
EOG092650I8	scaffold_6	567250	577708
EOG09262X74	scaffold_4	132155	142841
EOG09261HZD	scaffold_3	881240	892814
EOG09263K05	scaffold_7	530698	541087
EOG09261ABB	scaffold_9	628626	640539
EOG092635YY	scaffold_10	321067	332098
EOG092614ZG	scaffold_12	77599	88471
EOG092625OH	scaffold_12	65360	76670
EOG092625OH	scaffold_10	357373	368671
EOG09262N0U	scaffold_5	652640	663893
EOG09265K1R	scaffold_13	337542	347829
EOG09264G04	scaffold_5	207196	217612
EOG09264G04	scaffold_8	302634	312903
EOG09264SUZ	scaffold_16	53026	63328
EOG09262Q8D	scaffold_11	541986	553032
EOG09265B4G	scaffold_3	781233	791649
EOG092658NW	scaffold_3	170124	180345
EOG09263GSR	scaffold_7	480504	491610
EOG092626EQ	scaffold_3	155155	213282
EOG092626EQ	scaffold_16	118529	180043
EOG092626EQ	scaffold_12	253654	322405
EOG09264NNY	scaffold_6	219427	230140
EOG09261660	scaffold_10	203164	214744
EOG092619GP	scaffold_4	311252	322217
EOG09264G7L	scaffold_1	1283340	1293846
EOG09263H0Y	scaffold_11	447076	457771
EOG09260S3L	scaffold_14	245271	256806
EOG09260WYQ	scaffold_2	644952	656730
EOG09260WYQ	scaffold_3	34551	45711
EOG092638CT	scaffold_2	588133	599032
EOG09264BJC	scaffold_9	382663	393235
EOG09264IV9	scaffold_6	21993	32817
EOG09261HQU	scaffold_6	538010	549332
EOG09261666	scaffold_1	198040	210100
EOG09262A8G	scaffold_2	214234	225433
EOG09261YRA	scaffold_8	405151	416110
EOG09262E3Q	scaffold_5	305965	317284
EOG09262CO6	scaffold_11	317826	329088
EOG09262CO6	scaffold_13	216141	227343
EOG092643IE	scaffold_2	525475	536098
EOG0926374A	scaffold_3	287087	297989
EOG092609YT	scaffold_1	1000687	1013539
EOG09264CST	scaffold_11	76425	87585
EOG09262N5O	scaffold_2	723116	734510
EOG092632FC	scaffold_9	330901	342022
EOG09263E5F	scaffold_8	588424	600238
EOG0926539T	scaffold_1	542980	553306
EOG0926539T	scaffold_9	550205	560558
EOG09263JCT	scaffold_3	784369	795163
EOG09264MIL	scaffold_11	102416	112880
EOG09262MOO	scaffold_15	48266	59378
EOG09262MOO	scaffold_12	358035	369114
EOG09262MOO	scaffold_9	278829	290241
EOG092604A0	scaffold_1	818552	829760
EOG09261V03	scaffold_10	92017	103153
EOG092647CM	scaffold_6	52941	63435
EOG09261WJ8	scaffold_1	965611	976450
EOG092629U5	scaffold_5	170213	180860
EOG0926354S	scaffold_1	466848	477867
EOG0926354S	scaffold_7	295169	306182
EOG09261XZ6	scaffold_13	186063	197418
EOG09262A65	scaffold_1	989635	1000519
EOG09262A65	scaffold_2	388628	399512
EOG09262A65	scaffold_10	219659	230456
EOG0926506Z	scaffold_5	121015	131434
EOG09263J7D	scaffold_12	94638	105378
EOG09263J7D	scaffold_3	916095	926571
EOG09263J7D	scaffold_4	237697	248128
EOG09264TJN	scaffold_2	716974	727603
EOG09260VEY	scaffold_1	1109755	1121671
EOG09262X01	scaffold_6	788818	799510
EOG092658X5	scaffold_8	47029	57235
EOG092641M3	scaffold_2	626015	636752
EOG092641M3	scaffold_9	430377	440913
EOG09260ERO	scaffold_10	34200	47235
EOG09264AWW	scaffold_4	611478	622197
EOG09265NHW	scaffold_2	628292	638546
EOG09265NHW	scaffold_11	457574	467822
EOG09263OD3	scaffold_2	894071	904724
EOG09265GYD	scaffold_6	753612	763830
EOG092619NK	scaffold_5	365990	377909
EOG09260NNR	scaffold_7	462698	474605
EOG09260NNR	scaffold_5	393732	405288
EOG09260NNR	scaffold_4	201552	213495
EOG09264VRO	scaffold_6	237049	247123
EOG09265DAV	scaffold_3	551314	561613
EOG09265DAV	scaffold_4	814780	825079
EOG092642UD	scaffold_15	76062	86709
EOG09262UAS	scaffold_6	850404	861504
EOG092620EL	scaffold_7	139058	150578
EOG092620EL	scaffold_9	615896	627416
EOG0926425H	scaffold_9	567319	577855
EOG09260EZT	scaffold_3	797970	809790
EOG09262XRU	scaffold_16	150010	161065
EOG09260NWN	scaffold_1	113774	125873
EOG09262MFL	scaffold_7	68649	79518
EOG09262JZW	scaffold_3	639876	651015
EOG09261ZPW	scaffold_4	917526	935651
EOG09260JNY	scaffold_6	837678	849255
EOG09262PZ9	scaffold_8	466889	478011
EOG09262PZ9	scaffold_12	103918	114862
EOG09262PZ9	scaffold_5	578089	606797
EOG09262R8O	scaffold_6	198762	209037
EOG09263OCO	scaffold_10	212048	222923
EOG09263OCO	scaffold_5	578089	606770
EOG09263OCO	scaffold_4	822009	832815
EOG09263BG5	scaffold_8	696904	708043
EOG09263IQ5	scaffold_12	228677	239504
EOG092617AN	scaffold_5	134814	148164
EOG09260MBW	scaffold_4	373034	385556
EOG09261F73	scaffold_6	845121	856452
EOG09261F73	scaffold_9	378966	390303
EOG09261F73	scaffold_12	222789	233751
EOG09264T1U	scaffold_2	638707	649312
EOG09264DJ8	scaffold_2	488434	499294
EOG09264EGS	scaffold_6	407276	417443
EOG09264EGS	scaffold_3	394918	405031
EOG09264IQ7	scaffold_2	246623	257204
EOG09263FAK	scaffold_8	166448	177215
EOG09265FTY	scaffold_1	113165	123515
EOG092628A0	scaffold_9	428295	439572
EOG09261M78	scaffold_3	731688	743175
EOG09264KTU	scaffold_4	151938	162420
EOG092619RJ	scaffold_13	73341	83964
EOG09263E87	scaffold_5	335210	345935
EOG09261LPY	scaffold_8	35810	46769
EOG09261LPY	scaffold_1	192155	203135
EOG09261NLR	scaffold_1	922713	934023
EOG09262IP2	scaffold_1	1493297	1504286
EOG09260W9L	scaffold_9	72240	153940
EOG09260W9L	scaffold_12	265705	322219
EOG09260W9L	scaffold_6	265324	275770
EOG09265BTA	scaffold_7	75381	85728
EOG09263JW5	scaffold_4	496361	507161
EOG09262NB1	scaffold_8	622495	633586
EOG092644Z6	scaffold_9	185408	196076
EOG092620CR	scaffold_7	727676	739532
EOG09263Y3L	scaffold_10	159928	170851
EOG09264RW6	scaffold_1	1271656	1282162
EOG09263YFH	scaffold_15	38649	49353
EOG09264T0J	scaffold_10	432549	443058
EOG09265SHM	scaffold_1	1073201	1083398
EOG09263Q8J	scaffold_8	85657	96412
EOG09264YKY	scaffold_10	309471	319875
EOG09260B3X	scaffold_7	671625	684138
EOG09262VOC	scaffold_1	735504	746598
EOG09264PDD	scaffold_2	98431	108784
EOG09264OM7	scaffold_10	564973	575485
EOG09264W7W	scaffold_1	110048	120773
EOG09260TUT	scaffold_3	1014610	1026295
EOG09262516	scaffold_1	831422	843032
EOG09262516	scaffold_13	78335	89852
EOG09262516	scaffold_9	551038	562402
EOG09260NY2	scaffold_3	54602	66683
EOG09260VYK	scaffold_10	437893	449446
EOG09264ZXA	scaffold_7	301272	311868
EOG09260B3H	scaffold_3	1002812	1015766
EOG092651FJ	scaffold_8	363606	374943
EOG09262LQT	scaffold_4	950025	960618
EOG092602I6	scaffold_5	393702	408954
EOG09264L6D	scaffold_9	82599	92685
EOG0926251E	scaffold_2	655266	666558
EOG092642I5	scaffold_4	62794	73243
EOG09265G5K	scaffold_5	677397	687768
EOG09265G5K	scaffold_4	82846	93145
EOG09261CXQ	scaffold_6	688401	699072
EOG09264OML	scaffold_2	938710	949351
EOG092625P1	scaffold_3	355297	387722
EOG092625P1	scaffold_2	718404	729489
EOG092625P1	scaffold_5	319650	330735
EOG09261OKK	scaffold_4	545667	556788
EOG09262X7T	scaffold_4	170373	181722
EOG092658CI	scaffold_3	406573	416992
EOG09260LJ8	scaffold_8	159693	172086
EOG09260EOI	scaffold_16	138910	151270
EOG09264W71	scaffold_4	189702	199899
EOG09263OZR	scaffold_1	1434998	1445717
EOG09265ANI	scaffold_14	106995	117462
EOG0926133I	scaffold_16	47979	59775
EOG09261DRB	scaffold_4	64224	74670
EOG09264NC7	scaffold_8	658168	668551
EOG092640WA	scaffold_2	754858	765424
EOG0926431P	scaffold_10	43201	53944
EOG09263UN3	scaffold_4	902367	912852
EOG09262BCZ	scaffold_1	548817	559845
EOG0926458I	scaffold_5	322914	333549
EOG09260DUR	scaffold_5	721994	733148
EOG09264TQ5	scaffold_7	573437	583877
EOG09260FFP	scaffold_4	156913	167395
EOG09260FFP	scaffold_13	64827	75192
EOG09260FFP	scaffold_12	508866	519165
EOG09260DUW	scaffold_5	308561	320204
EOG092645MK	scaffold_9	35344	46006
EOG09260GOF	scaffold_9	586971	598155
EOG09261145	scaffold_3	734949	746631
EOG09261145	scaffold_5	817616	829301
EOG09263W48	scaffold_13	177186	187905
EOG09260GF5	scaffold_5	87503	99827
EOG092646EZ	scaffold_14	205936	216541
EOG09263UQF	scaffold_3	76431	87264
EOG092648VW	scaffold_1	422617	433309
EOG09265QTV	scaffold_5	461839	471925
EOG09260SAH	scaffold_7	497239	509170
EOG092658ZO	scaffold_4	261524	271739
EOG09262341	scaffold_8	377421	388182
EOG09265JVH	scaffold_4	219946	230137
EOG09260M44	scaffold_11	45331	56518
EOG09260BSW	scaffold_8	321749	334868
EOG09260BSW	scaffold_1	1238430	1250616
EOG09260BSW	scaffold_2	570306	582492
EOG09262JAT	scaffold_5	578083	606716
EOG09262JAT	scaffold_3	1001232	1012056
EOG09262JAT	scaffold_2	753457	764200
EOG09260APA	scaffold_2	985791	996027
EOG092658QH	scaffold_3	900323	910667
EOG09260EQD	scaffold_1	600332	611936
EOG09264XKX	scaffold_1	325073	335321
EOG09263EDC	scaffold_9	155717	166547
EOG09263EDC	scaffold_8	620017	630814
EOG09263EDC	scaffold_6	588405	599304
EOG092607QZ	scaffold_3	205472	218498
EOG09261CM0	scaffold_1	1126093	1137208
EOG09261CM0	scaffold_2	409610	420491
EOG09261CM0	scaffold_10	549773	560627
EOG09260P2K	scaffold_12	253327	276082
EOG09265DWT	scaffold_5	715635	725946
EOG09260LS9	scaffold_16	164409	175212
EOG09260JJW	scaffold_10	184144	196225
EOG092621X3	scaffold_9	527537	538748
EOG0926591L	scaffold_8	407896	418108
EOG0926591L	scaffold_2	310946	321176
EOG092646CB	scaffold_7	597761	608453
EOG092614O9	scaffold_13	353423	365198
EOG09261DG0	scaffold_1	1187449	1198987
EOG092600T4	scaffold_8	649961	666287
EOG092600T4	scaffold_6	672453	688695
EOG092659DX	scaffold_1	241226	251432
EOG09264KIV	scaffold_1	808242	818718
EOG09263IT0	scaffold_2	780870	791730
EOG09265591	scaffold_3	301584	312009
EOG09265591	scaffold_7	452931	463317
EOG09265591	scaffold_2	806086	816472
EOG09264719	scaffold_5	669864	680610
EOG09263HYJ	scaffold_9	618581	629558
EOG092628SP	scaffold_10	516807	527619
EOG092606CY	scaffold_15	114427	128092
EOG092606CY	scaffold_4	297718	311470
EOG09264LKR	scaffold_2	676586	687074
EOG09264LKR	scaffold_4	715914	726402
EOG09264LKR	scaffold_8	435066	461944
EOG09263G4R	scaffold_8	388365	398616
EOG09260XOG	scaffold_3	441441	453528
EOG09263R4M	scaffold_2	243547	254242
EOG09263R4M	scaffold_16	122162	132827
EOG092610VI	scaffold_6	519637	532396
EOG092610VI	scaffold_3	276820	288691
EOG092610VI	scaffold_11	175265	187055
EOG09262KZ3	scaffold_8	361776	373317
EOG09261P7G	scaffold_8	193716	204975
EOG092640ZF	scaffold_12	124657	135064
EOG09262BVA	scaffold_8	176392	187450
EOG09263FTE	scaffold_7	578784	589614
EOG09262645	scaffold_1	1358147	1369802
EOG092616YZ	scaffold_5	345344	357272
EOG092616YZ	scaffold_7	569063	580991
EOG092616YZ	scaffold_4	91024	102484
EOG09263X0V	scaffold_2	296825	307244
EOG09263X0V	scaffold_10	368464	378736
EOG09265GYK	scaffold_3	143346	153594
EOG09265GYK	scaffold_11	418948	429196
EOG092642CB	scaffold_3	931161	941754
EOG09261JWS	scaffold_1	943656	955008
EOG09261JWS	scaffold_5	319719	330831
EOG09261JWS	scaffold_2	718368	729420
EOG09264QRY	scaffold_9	300278	310658
EOG092641A6	scaffold_8	613519	624562
EOG092641A6	scaffold_4	315726	326874
EOG09264O3B	scaffold_12	348937	359317
EOG09264KSI	scaffold_3	58093	68374
EOG092638AP	scaffold_3	455051	465797
EOG09264XLN	scaffold_11	248964	259248
EOG09264829	scaffold_3	57496	67957
EOG09261YV6	scaffold_1	231496	243076
EOG09261YV6	scaffold_4	907700	919169
EOG09261YV6	scaffold_10	66090	77502
EOG092604MJ	scaffold_8	66886	81391
EOG09264E5J	scaffold_12	243504	254373
EOG09261801	scaffold_1	1298170	1309510
EOG0926578E	scaffold_13	330068	340481
EOG09264B2X	scaffold_3	661633	672517
EOG09264B2X	scaffold_2	892236	902844
EOG09264B2X	scaffold_4	541645	552268
EOG092604ML	scaffold_9	363865	377626
EOG09264NDD	scaffold_9	183005	193799
EOG09264B2P	scaffold_5	115181	126068
EOG09262QS5	scaffold_7	700727	711650
EOG09265DRM	scaffold_1	72488	82736
EOG09264NJ1	scaffold_1	1262485	1274017
EOG09261X9E	scaffold_13	166898	177995
EOG092654XA	scaffold_7	576724	587083
EOG092651OF	scaffold_11	432323	442787
EOG09262N47	scaffold_1	1388443	1398976
EOG09262QTY	scaffold_7	685669	696331
EOG09264R1U	scaffold_9	633234	643650
EOG09265GSM	scaffold_9	101488	111691
EOG09260J53	scaffold_9	693586	705433
EOG09260J53	scaffold_1	282221	296876
EOG09260J53	scaffold_16	101510	113345
EOG09261H5E	scaffold_1	686562	698130
EOG09264S3E	scaffold_4	856720	867253
EOG09264Y0W	scaffold_12	388615	399082
EOG092620U5	scaffold_2	425258	436604
EOG09264LBC	scaffold_3	249670	260275
EOG09264LBC	scaffold_5	130813	141418
EOG09261FH7	scaffold_1	664020	675981
EOG09261FH7	scaffold_4	289098	301032
EOG09260E2O	scaffold_14	215714	266114
EOG09263F3I	scaffold_12	106770	117312
EOG09263F3I	scaffold_4	124413	134817
EOG09265BG5	scaffold_8	287204	297647
EOG09262WHU	scaffold_6	454582	465478
EOG09263K45	scaffold_8	53922	64707
EOG09263G3M	scaffold_5	886121	897041
EOG09263G3M	scaffold_1	290076	301035
EOG09260P5R	scaffold_11	288168	298866
EOG09262E7I	scaffold_15	204040	215032
EOG09261DGU	scaffold_9	229417	241351
EOG09260FKU	scaffold_4	392082	402459
EOG09261G92	scaffold_2	789125	799982
EOG09265GGX	scaffold_7	718740	729144
EOG09261AH9	scaffold_16	120018	131754
EOG09262K8C	scaffold_8	579637	590023
EOG09262K8C	scaffold_5	608908	619150
EOG09261W1K	scaffold_2	393071	404441
EOG09260R9L	scaffold_4	69845	80549
EOG09263RF8	scaffold_6	543004	553897
EOG09260OCI	scaffold_1	312502	323314
EOG09262KJA	scaffold_2	731480	742712
EOG09262K8L	scaffold_3	261225	272382
EOG09261FAB	scaffold_4	331247	342227
EOG0926514P	scaffold_1	575014	585445
EOG092613S3	scaffold_12	432292	443083
EOG092613S3	scaffold_7	62463	73014
EOG09260BFE	scaffold_8	462190	473584
EOG09265C25	scaffold_8	551142	561534
EOG09264CP4	scaffold_10	69940	80539
EOG09261FAX	scaffold_1	1200078	1210944
EOG09264A8D	scaffold_6	45037	55804
EOG092605T6	scaffold_12	297902	318995
EOG0926047G	scaffold_9	673956	687612
EOG092606UX	scaffold_11	363320	376745
EOG092606UX	scaffold_7	70550	84254
EOG092619VG	scaffold_10	367210	378745
EOG092651HW	scaffold_2	706690	717544
EOG0926312D	scaffold_14	48416	59846
EOG0926312D	scaffold_13	264841	275428
EOG0926312D	scaffold_7	611443	621934
EOG09264IKZ	scaffold_9	568195	578626
EOG09264JQ1	scaffold_6	813832	824935
EOG09264441	scaffold_6	896735	907388
EOG09264441	scaffold_3	993450	1004106
EOG09264441	scaffold_2	250366	260977
EOG09264DOU	scaffold_6	76490	86840
EOG09260HPO	scaffold_2	941380	954034
EOG09263PWF	scaffold_7	522166	532633
EOG09263R62	scaffold_9	581547	591981
EOG09265RGS	scaffold_6	267559	277660
EOG092636Y6	scaffold_6	585714	597627
EOG09261M4S	scaffold_3	842058	853314
EOG09260RS7	scaffold_1	879794	891002
EOG09264X8J	scaffold_3	643399	653893
EOG09264X8J	scaffold_5	726234	736728
EOG09264XJC	scaffold_2	50725	61186
EOG09262QJW	scaffold_1	1448312	1459439
EOG09262QJW	scaffold_4	510276	521403
EOG09263SZM	scaffold_2	133116	143952
EOG09264I9J	scaffold_3	898953	909450
EOG09264V3H	scaffold_15	246266	256715
EOG09260DXP	scaffold_1	1035592	1047829
EOG09264FWI	scaffold_9	256551	267168
EOG09260CKC	scaffold_1	17904	30534
EOG092649VG	scaffold_5	559019	569705
EOG09263KZJ	scaffold_7	708053	718856
EOG09264LH2	scaffold_2	427740	438372
EOG0926306O	scaffold_5	249954	260514
EOG09265IBC	scaffold_11	297804	308109
EOG09265IBC	scaffold_5	509677	519973
EOG09265IBC	scaffold_9	406296	416562
EOG09265PJ3	scaffold_3	853397	863582
EOG092654LJ	scaffold_2	607000	617422
EOG09263Z41	scaffold_10	397223	408155
EOG092648LP	scaffold_6	322655	333578
EOG092612AK	scaffold_9	384057	395622
EOG092658SK	scaffold_2	248151	258555
EOG0926004Z	scaffold_4	344178	367875
EOG09265KSE	scaffold_9	311732	321911
EOG09265CQO	scaffold_11	392278	402637
EOG09265CQO	scaffold_7	54830	65189
EOG0926388H	scaffold_2	916595	927884
EOG09264IPL	scaffold_12	72439	83320
EOG09263DQH	scaffold_8	577708	588370
EOG09263E9V	scaffold_5	639892	650263
EOG09263V60	scaffold_3	712581	723096
EOG09261WVT	scaffold_6	130545	141921
EOG092654KW	scaffold_5	736586	746990
EOG09264FXB	scaffold_7	167723	179465
EOG09260JDM	scaffold_2	356946	367857
EOG09262H1X	scaffold_5	370568	381947
EOG09262H1X	scaffold_15	96673	107944
EOG092655L0	scaffold_6	77373	87639
EOG092638EN	scaffold_10	258104	268901
EOG09260UXC	scaffold_8	40334	51857
EOG092609JB	scaffold_5	471566	483929
EOG092609JB	scaffold_7	77364	89145
EOG092609JB	scaffold_3	667736	679349
EOG092615CC	scaffold_1	180787	192262
EOG09264A2D	scaffold_8	98323	108937
EOG09263A64	scaffold_11	187907	198992
EOG09265JA7	scaffold_2	511453	521632
EOG09260U6R	scaffold_2	397782	409986
EOG09260U6R	scaffold_7	204656	217043
EOG09261XNU	scaffold_1	1294148	1305998
EOG09265HPJ	scaffold_3	370240	380665
EOG09262D0D	scaffold_8	256906	268129
EOG09264X31	scaffold_14	267318	277854
EOG09264881	scaffold_1	162730	173962
EOG09264881	scaffold_4	549595	561079
EOG09264881	scaffold_9	650576	660896
EOG0926390Q	scaffold_5	791178	801633
EOG09262QL6	scaffold_15	149531	160778
EOG09263WB5	scaffold_9	650507	660950
EOG09263WB5	scaffold_1	162721	173119
EOG09263WB5	scaffold_4	549586	559984
EOG092656JA	scaffold_5	724789	735187
EOG09263RY2	scaffold_2	533777	544091
EOG09260SRF	scaffold_10	237867	250017
EOG09260SRF	scaffold_6	431627	443773
EOG09262DC1	scaffold_6	528165	539352
EOG092630UB	scaffold_3	343862	354356
EOG092632TF	scaffold_1	780202	790723
EOG09260WGT	scaffold_16	105883	117361
EOG092605FC	scaffold_8	675748	715808
EOG092605FC	scaffold_14	237636	281158
EOG09263J6Z	scaffold_1	479167	490270
EOG09261NLY	scaffold_7	709841	721451
EOG09260UJK	scaffold_3	231322	243031
EOG092651LN	scaffold_1	1296609	1307097
EOG092651LN	scaffold_11	47730	58218
EOG09261OSU	scaffold_8	279291	290799
EOG09261OSU	scaffold_11	124041	135123
EOG09264873	scaffold_2	841349	852098
EOG092646VF	scaffold_2	55455	65952
EOG09263P17	scaffold_9	544396	554701
EOG092644TW	scaffold_1	550734	561471
EOG09263X4B	scaffold_15	74516	85196
EOG09261BP0	scaffold_9	301183	312835
EOG09260J97	scaffold_1	374573	386381
EOG092608AV	scaffold_5	524753	538043
EOG09260OQ8	scaffold_3	44654	57062
EOG092604I8	scaffold_9	680079	694278
EOG092621CK	scaffold_1	855466	866017
EOG09261VD2	scaffold_4	839293	850690
EOG09265F2Y	scaffold_8	702791	713195
EOG09260NHN	scaffold_7	9256	22630
EOG09262NIR	scaffold_3	499793	510668
EOG0926248P	scaffold_2	584952	596997
EOG09260NHB	scaffold_6	698590	711793
EOG09265KNL	scaffold_5	359482	369691
EOG09264IG5	scaffold_4	675202	685837
EOG09260LBU	scaffold_11	334869	347163
EOG09261HB6	scaffold_10	382391	393413
EOG09261HB6	scaffold_12	105149	116162
EOG092608AE	scaffold_4	991743	1003998
EOG092651BA	scaffold_10	71648	81869
EOG09264JW6	scaffold_8	224119	234700
EOG09261EY9	scaffold_2	785248	797125
EOG09265GXF	scaffold_10	121280	132032
EOG092612J3	scaffold_9	268412	279683
EOG09265BCT	scaffold_11	167123	177482
EOG092629FB	scaffold_5	491149	502186
EOG092632WW	scaffold_4	868775	879740
EOG09261BPJ	scaffold_9	412663	424279
EOG09262DPL	scaffold_10	142803	153591
EOG0926506U	scaffold_5	699241	709642
EOG09260ABY	scaffold_3	927586	940795
EOG09262BHE	scaffold_2	657531	668484
EOG092645U1	scaffold_8	302664	313242
EOG092645U1	scaffold_3	801717	812154
EOG092645U1	scaffold_11	506028	516474
EOG09265HEP	scaffold_6	408203	418337
EOG09262GWQ	scaffold_3	570423	599247
EOG09262GWQ	scaffold_2	436683	447537
EOG09262GWQ	scaffold_1	396331	430271
EOG09262HQM	scaffold_3	847336	857716
EOG09264DYD	scaffold_12	508011	519207
EOG09265CN0	scaffold_2	1023195	1033563
EOG09263I4U	scaffold_12	246370	257203
EOG09263L9T	scaffold_10	223652	234524
EOG09260K4V	scaffold_3	94123	106831
EOG09264COX	scaffold_9	191284	201748
EOG09264P4J	scaffold_5	114186	124806
EOG09260TVA	scaffold_3	447508	459478
EOG092600XJ	scaffold_3	921157	935188
EOG09260K4B	scaffold_3	685477	697237
EOG09263U08	scaffold_6	718815	729099
EOG09264RR2	scaffold_1	1217797	1228321
EOG09263CLY	scaffold_5	740862	751824
EOG09260A98	scaffold_1	102215	116012
EOG09260AEC	scaffold_3	776787	788031
EOG09262POL	scaffold_8	49367	59459
EOG09264HX6	scaffold_1	1272867	1283148
EOG092653SU	scaffold_5	476458	486733
EOG092653SU	scaffold_1	958574	968795
EOG09260SR2	scaffold_13	109178	121883
EOG092635DF	scaffold_1	1326755	1337684
EOG09265IT6	scaffold_4	689482	699784
EOG09264HTG	scaffold_11	460472	471014
EOG09264L06	scaffold_2	260430	270690
EOG09260TDY	scaffold_1	1128976	1139395
EOG092608WI	scaffold_2	977305	989014
EOG092610ZY	scaffold_16	72622	84430
EOG09260XH5	scaffold_2	258596	269579
EOG09260XH5	scaffold_3	34632	45462
EOG09262KVB	scaffold_8	250354	261253
EOG09264PI4	scaffold_9	461522	471983
EOG09263VOP	scaffold_9	659236	669742
EOG09261IEH	scaffold_2	568497	579621
EOG09265AT5	scaffold_2	65418	75684
EOG09265AT5	scaffold_1	428609	438800
EOG09265B1X	scaffold_1	1393070	1403261
EOG092612XD	scaffold_1	566487	578334
EOG09261IEV	scaffold_5	547011	558402
EOG092654VM	scaffold_2	72719	82823
EOG092608WU	scaffold_2	866824	878941
EOG09260IU8	scaffold_3	41468	53000
EOG09264UKL	scaffold_3	1033082	1043435
EOG09261OXD	scaffold_10	105745	117481
EOG09263POH	scaffold_9	263964	274788
EOG092657YR	scaffold_2	75834	86169
EOG09262C5Z	scaffold_2	832712	843578
EOG09262MEK	scaffold_1	394479	405603
EOG09262MEK	scaffold_15	48290	59366
EOG09262MEK	scaffold_12	358035	369117
EOG09262GXD	scaffold_3	973050	984240
EOG09262N10	scaffold_1	1180050	1190868
EOG092624SJ	scaffold_7	771639	782781
EOG092606AJ	scaffold_6	870127	882031
EOG09263ROQ	scaffold_9	434391	445356
EOG09265EOF	scaffold_1	317704	327976
EOG09265EOF	scaffold_4	926076	936348
EOG0926357F	scaffold_10	323041	334084
EOG092645LS	scaffold_5	660017	670430
EOG09260VHV	scaffold_3	1010125	1021609
EOG09261D4D	scaffold_2	559597	571120
EOG09264K2W	scaffold_1	931669	942481
EOG09262M7B	scaffold_5	643707	654876
EOG092640ET	scaffold_13	189012	199902
EOG09263BDA	scaffold_7	364380	374658
EOG09260XQV	scaffold_5	465011	476786
EOG092630N3	scaffold_3	414548	425522
EOG09260JO5	scaffold_4	884124	897618
EOG09265CCT	scaffold_10	412160	422663
EOG09262PAY	scaffold_5	705147	716073
EOG09262PAY	scaffold_3	978495	989223
EOG092600NM	scaffold_12	424757	441554
EOG0926448Q	scaffold_7	439475	449687
EOG09262WFG	scaffold_9	447431	458309
EOG092621ZV	scaffold_1	1399453	1410205
EOG09264YEG	scaffold_8	471289	481636
EOG09264YEG	scaffold_1	1355387	1365779
EOG09264YEG	scaffold_6	217999	228385
EOG09261RFF	scaffold_7	459541	470590
EOG09264KK7	scaffold_1	213686	224213
EOG092643QW	scaffold_3	838177	848428
EOG09261G4Z	scaffold_14	159548	170855
EOG09261G4Z	scaffold_11	119800	131014
EOG09264XOZ	scaffold_3	36729	47610
EOG09264JHE	scaffold_4	663363	673872
EOG09264JHE	scaffold_2	485315	520736
EOG09264JHE	scaffold_10	460127	470708
EOG09261ACJ	scaffold_6	473735	485180
EOG09262E98	scaffold_14	60961	72832
EOG092654QZ	scaffold_8	53530	63802
EOG09260E8K	scaffold_1	65677	78817
EOG09263GUT	scaffold_10	73877	84698
EOG092657H8	scaffold_1	438117	448401
EOG09263WLB	scaffold_3	584896	595444
EOG09262DKA	scaffold_9	318473	329660
EOG09265M98	scaffold_2	846113	856484
EOG0926369X	scaffold_5	666183	676992
EOG09262B1U	scaffold_2	674388	685509
EOG092648K5	scaffold_1	468170	478778
EOG092611HB	scaffold_6	63294	74499
EOG092611HB	scaffold_14	216572	266159
EOG092611HB	scaffold_7	204713	215810
EOG09262IY3	scaffold_8	665793	676983
EOG09262IY3	scaffold_14	210107	220784
EOG09264V30	scaffold_5	873126	883512
EOG09261SS1	scaffold_4	536948	548204
EOG09262LYR	scaffold_11	230778	242094
EOG09261F9G	scaffold_9	539063	549545
EOG092610QT	scaffold_5	912205	923884
EOG09264SSI	scaffold_1	1339519	1350025
EOG09264SSI	scaffold_6	223964	234470
EOG09263DFA	scaffold_4	518736	529359
EOG09260NZ8	scaffold_2	324448	335689
EOG09260S2Z	scaffold_5	794275	806536
EOG092659OC	scaffold_1	930272	940772
EOG09260BYL	scaffold_7	766778	778466
EOG09260BYL	scaffold_6	201515	212993
EOG09260BYL	scaffold_9	303136	314809
EOG09265I72	scaffold_9	491741	501896
EOG09262H50	scaffold_9	180924	191640
EOG09262KN8	scaffold_15	80058	91992
EOG092600X0	scaffold_15	180183	196281
EOG09264XTW	scaffold_1	434958	445749
EOG09264XTW	scaffold_11	331461	342240
EOG09264XTW	scaffold_7	108861	119544
EOG09263FKC	scaffold_1	452008	462358
EOG09261JVS	scaffold_7	616065	627222
EOG092652YI	scaffold_5	524078	534335
EOG09264USX	scaffold_5	618705	629106
EOG09260NC6	scaffold_7	393818	405749
EOG092657UN	scaffold_2	466955	477443
EOG0926384F	scaffold_5	186507	197619
EOG092649VA	scaffold_1	1190522	1201115
EOG09263M8W	scaffold_6	229954	240865
EOG09263EQZ	scaffold_8	688031	699050
EOG09261PJZ	scaffold_6	208400	218873
EOG09261PJZ	scaffold_1	339402	349812
EOG09263274	scaffold_3	822599	833528
EOG092653NM	scaffold_1	486885	497277
EOG092653NM	scaffold_7	328376	338765
EOG09261YLQ	scaffold_2	450918	462009
EOG09261YLQ	scaffold_5	72368	83006
EOG09262DUV	scaffold_3	221404	232507
EOG09260ZWU	scaffold_11	522200	534293
EOG09262UTQ	scaffold_8	415127	425684
EOG092653YS	scaffold_1	370821	381315
EOG09264C3V	scaffold_1	561271	571669
EOG09263OWL	scaffold_8	485367	496086
EOG09263PXH	scaffold_13	307912	318688
EOG09263PXH	scaffold_5	740844	751710
EOG09262TUR	scaffold_16	129708	140667
EOG09262CBI	scaffold_7	564882	576150
EOG09265FCK	scaffold_4	739482	749844
EOG09265FCK	scaffold_1	625250	635567
EOG09265FCK	scaffold_2	953392	963688
EOG092645QN	scaffold_3	469497	480219
EOG092645QN	scaffold_6	80990	91727
EOG092645QN	scaffold_2	1013211	1023726
EOG09261404	scaffold_7	208916	221360
EOG09262SI7	scaffold_10	76223	87611
EOG092645G0	scaffold_2	250348	261034
EOG092645G0	scaffold_6	80999	91733
EOG092645G0	scaffold_3	756427	767113
EOG092621GY	scaffold_11	177653	189179
EOG09264MZ1	scaffold_9	310939	321451
EOG09264XF3	scaffold_12	494079	504747
EOG092649QJ	scaffold_4	958812	969864
EOG092623WR	scaffold_7	510922	522109
EOG092623WR	scaffold_3	108229	119518
EOG092623WR	scaffold_6	857293	868468
EOG09265KQ4	scaffold_7	736384	746485
EOG092621GA	scaffold_1	1417972	1429477
EOG092615Y4	scaffold_12	483948	495336
EOG092615Y4	scaffold_2	602136	613068
EOG092640BS	scaffold_16	56326	67504
EOG092640BS	scaffold_6	134159	145103
EOG09262Z0M	scaffold_3	910366	921700
EOG09265K4K	scaffold_7	737158	747277
EOG092604S1	scaffold_2	549837	561669
EOG092605ZA	scaffold_14	249440	260276
EOG092653KS	scaffold_8	689376	699609
EOG092653KS	scaffold_3	722487	732675
EOG092653KS	scaffold_5	790515	800703
EOG09260375	scaffold_8	426139	439477
EOG09263CUU	scaffold_9	444332	455588
EOG0926115V	scaffold_1	439717	451360
EOG09260KWP	scaffold_8	30235	42400
EOG0926115P	scaffold_7	776034	786567
EOG0926115P	scaffold_4	771824	782357
EOG0926140Q	scaffold_1	708362	720104
EOG09264DIM	scaffold_6	238285	249049
EOG0926436T	scaffold_2	42956	53642
EOG09261MG9	scaffold_3	140818	152359
EOG09261DHR	scaffold_12	139541	151052
EOG092629ZN	scaffold_5	44360	55844
EOG09262V3O	scaffold_1	1051665	1062438
EOG09264W1U	scaffold_2	189339	199773
EOG092645TJ	scaffold_3	412895	423410
EOG09260FL2	scaffold_5	462263	474518
EOG09260FZZ	scaffold_6	728556	741609
EOG09264XT5	scaffold_1	448106	458582
EOG09264OQ8	scaffold_5	95901	106347
EOG09260KNR	scaffold_10	479928	491703
EOG09260KNR	scaffold_6	845154	856395
EOG09260KNR	scaffold_12	222774	233844
EOG09262J7K	scaffold_5	77910	88824
EOG09262J7K	scaffold_11	42501	53142
EOG092652TN	scaffold_1	1465112	1475351
EOG092650VI	scaffold_6	738057	748422
EOG09260C2V	scaffold_16	53786	66050
EOG09261B3Q	scaffold_10	27771	39102
EOG09262OX9	scaffold_2	53831	64952
EOG09262OX9	scaffold_4	1007582	1018700
EOG09262OX9	scaffold_8	729466	740422
EOG09260W8D	scaffold_1	666876	678252
EOG09260BL6	scaffold_3	1035271	1046839
EOG0926248W	scaffold_13	361810	374215
EOG09263L52	scaffold_3	375006	386250
EOG09264Z1B	scaffold_11	126982	137284
EOG09264Z1B	scaffold_1	811990	822271
EOG09264Z1B	scaffold_3	389115	399381
EOG09262F7P	scaffold_3	865360	876415
EOG09261LV7	scaffold_4	905895	916488
EOG09261LV7	scaffold_3	324483	334932
EOG09264PD5	scaffold_5	148542	159033
EOG09260KNI	scaffold_6	736739	747686
EOG09264XOC	scaffold_3	827920	838159
EOG09261476	scaffold_7	396802	409051
EOG0926587S	scaffold_2	64535	74822
EOG09260N53	scaffold_1	29373	41472
